rcode,馬番,馬名,SmartRC馬コード,ten_has,ten_has_rank,ten1f_best,ten1f_best_rank,h1_ten1f,h1_ten1f_rank,ten_pat,agari_pat,agari_has,agari_has_rank,date,場所,R,レース名
2026090506040101,1,バニーラビット,2022104929,   , ,124.0,2.0,,,  ,  ,   , ,20260905,中山,1,
2026090506040101,2,ナックエルドラド,2022106304,   , ,136.0,8.0,,,  ,  ,   , ,20260905,中山,1,
2026090506040101,3,メイショウアツイタ,2018105731,   , ,131.0,6.0,,,  ,  ,   , ,20260905,中山,1,
2026090506040101,4,コンテナワールド,2021104924,   , ,123.0,1.0,,,  ,  ,   , ,20260905,中山,1,
2026090506040101,5,マイネルメサイア,2019100788,   , ,127.0,4.0,,,  ,  ,   , ,20260905,中山,1,
2026090506040101,6,ヒットアンドロール,2021104974,   , ,133.0,7.0,,,  ,  ,   , ,20260905,中山,1,
2026090506040101,7,サングラデーション,2020102864,   , ,130.0,5.0,,,  ,  ,   , ,20260905,中山,1,
2026090506040101,8,アクロスザリバー,2022100481,   , ,125.0,3.0,,,  ,  ,   , ,20260905,中山,1,
2026090506040102,1,ティアップシャイン,2023101730,354,8,124.0,4.0,130.0,6.0,30,  ,383, ,20260905,中山,2,
2026090506040102,2,バンオンタイム,2023101120,358, ,124.0,4.0,127.0,3.0,30,15,339,1,20260905,中山,2,
2026090506040102,3,フクオトコ,2023102564,361, ,122.0,1.0,133.0,13.0,  ,50,341,3,20260905,中山,2,
2026090506040102,4,マーガレット,2023105898,   , ,,,,,  ,  ,   , ,20260905,中山,2,
2026090506040102,5,シュガーシャック,2023107066,362, ,126.0,10.0,131.0,10.0,50,  ,348, ,20260905,中山,2,
2026090506040102,6,ラグアイリータ,2023106463,358, ,126.0,10.0,130.0,6.0,30,  ,343,5,20260905,中山,2,
2026090506040102,7,ミスティユニバンス,2023105285,352,5,124.0,4.0,130.0,6.0,  ,  ,352, ,20260905,中山,2,
2026090506040102,8,ココナッツコースト,2023103366,352,5,125.0,8.0,131.0,10.0,30,50,346, ,20260905,中山,2,
2026090506040102,9,コスモシグルン,2023101040,347,2,125.0,8.0,126.0,1.0,30,  ,361, ,20260905,中山,2,
2026090506040102,10,マイネルヴェーゼン,2023106471,351,3,127.0,13.0,133.0,13.0,  ,30,347, ,20260905,中山,2,
2026090506040102,11,ダノンドナウ,2023106058,359, ,129.0,15.0,132.0,12.0,  ,30,341,3,20260905,中山,2,
2026090506040102,12,ブルームコード,2023102378,353,7,127.0,13.0,127.0,3.0,15,  ,346, ,20260905,中山,2,
2026090506040102,13,フーディエラン,2023106286,356, ,124.0,4.0,129.0,5.0,30,  ,344,6,20260905,中山,2,
2026090506040102,14,ヘクトルテソーロ,2023106757,356, ,123.0,2.0,137.0,15.0,  ,15,339,1,20260905,中山,2,
2026090506040102,15,ルージュフローラ,2023105416,341,1,126.0,10.0,130.0,6.0,  ,50,345,8,20260905,中山,2,
2026090506040102,16,セルリア,2023103843,351,3,123.0,2.0,126.0,1.0,15,  ,344,6,20260905,中山,2,
2026090506040103,1,ブロンクス,2024101068,   , ,130.0,4.0,130.0,3.0,15,  ,   , ,20260905,中山,3,
2026090506040103,2,パルセノスミハ,2024104736,368,3,129.0,3.0,130.0,3.0,50,15,381,1,20260905,中山,3,
2026090506040103,3,サスケソルトバーン,2024102123,392,4,139.0,9.0,139.0,9.0,  ,  ,410,3,20260905,中山,3,
2026090506040103,4,マイセイバー,2024102834,   , ,137.0,8.0,137.0,8.0,  ,50,   , ,20260905,中山,3,
2026090506040103,5,ハイビスカス,2024107403,360,2,132.0,5.0,132.0,5.0,15,50,428,4,20260905,中山,3,
2026090506040103,6,チョトツモウシン,2024103008,   , ,143.0,10.0,143.0,10.0,  ,  ,   , ,20260905,中山,3,
2026090506040103,7,ニシノアナベル,2024102786,   , ,127.0,1.0,127.0,1.0,15,  ,   , ,20260905,中山,3,
2026090506040103,8,ワンコール,2024106974,   , ,132.0,5.0,132.0,5.0,  ,  ,   , ,20260905,中山,3,
2026090506040103,9,ユイノキャッツアイ,2024103015,359,1,127.0,1.0,128.0,2.0,50,30,384,2,20260905,中山,3,
2026090506040103,10,サンプラザマツモト,2024106782,   , ,133.0,7.0,133.0,7.0,50,  ,   , ,20260905,中山,3,
2026090506040104,1,コスモプルー,2024103576,364,3,129.0,2.0,129.0,2.0,30,30,343,1,20260905,中山,4,
2026090506040104,2,ティアラスピリット,2024107256,360,1,130.0,3.0,130.0,3.0,50,  ,354, ,20260905,中山,4,
2026090506040104,3,キョウエイシャトル,2024101173,377, ,136.0,9.0,136.0,8.0,  ,50,352, ,20260905,中山,4,
2026090506040104,4,ビップルーチェ,2024104028,360,1,128.0,1.0,128.0,1.0,15,  ,359, ,20260905,中山,4,
2026090506040104,5,コウサイリクリ,2024102469,373, ,136.0,9.0,136.0,8.0,  ,30,345,3,20260905,中山,4,
2026090506040104,6,ロジグローリー,2024102970,393, ,131.0,4.0,131.0,4.0,15,  ,345,3,20260905,中山,4,
2026090506040104,7,ゴーゼンチュー,2024104289,379, ,134.0,8.0,134.0,7.0,  ,  ,374, ,20260905,中山,4,
2026090506040104,8,ソウカイウォーリア,2024104658,376, ,133.0,6.0,133.0,6.0,50,30,343,1,20260905,中山,4,
2026090506040104,9,アルスラーン,2024105394,392, ,136.0,9.0,136.0,8.0,  ,  ,361, ,20260905,中山,4,
2026090506040104,10,グルドロッティン,2024106562,371,5,131.0,4.0,131.0,4.0,30,30,351,5,20260905,中山,4,
2026090506040104,11,マイネルクロカータ,2024101646,369,4,133.0,6.0,139.0,11.0,  ,  ,400, ,20260905,中山,4,
2026090506040105,1,マイネルシードル,2024103651,   , ,,,,,  ,  ,   , ,20260905,中山,5,
2026090506040105,2,グランエール,2024100023,   , ,,,,,  ,  ,   , ,20260905,中山,5,
2026090506040105,3,ルフトシュピール,2024106087,   , ,,,,,  ,  ,   , ,20260905,中山,5,
2026090506040105,4,マイネルヘルリッヒ,2024102470,   , ,,,,,  ,  ,   , ,20260905,中山,5,
2026090506040105,5,ローザドーロ,2024105741,   , ,,,,,  ,  ,   , ,20260905,中山,5,
2026090506040105,6,ヴェトロテンペスタ,2024106354,   , ,,,,,  ,  ,   , ,20260905,中山,5,
2026090506040105,7,ホットリップス,2024104152,   , ,,,,,  ,  ,   , ,20260905,中山,5,
2026090506040105,8,インヴィディア,2024106221,   , ,,,,,  ,  ,   , ,20260905,中山,5,
2026090506040105,9,エーアイラピド,2024107140,   , ,,,,,  ,  ,   , ,20260905,中山,5,
2026090506040105,10,カエンフォース,2024106848,   , ,,,,,  ,  ,   , ,20260905,中山,5,
2026090506040105,11,スカイミラー,2024103169,   , ,,,,,  ,  ,   , ,20260905,中山,5,
2026090506040106,1,アルビオンライズ,2024105970,   , ,,,,,  ,  ,   , ,20260905,中山,6,
2026090506040106,2,ウマッター,2024103928,   , ,,,,,  ,  ,   , ,20260905,中山,6,
2026090506040106,3,ダイチマイスター,2024102462,   , ,,,,,  ,  ,   , ,20260905,中山,6,
2026090506040106,4,マリノフスキー,2024104214,   , ,,,,,  ,  ,   , ,20260905,中山,6,
2026090506040106,5,ギムナシオン,2024100454,   , ,,,,,  ,  ,   , ,20260905,中山,6,
2026090506040106,6,ノアヴェルテ,2024101356,   , ,,,,,  ,  ,   , ,20260905,中山,6,
2026090506040106,7,ヤマニンスペッキオ,2024102784,   , ,,,,,  ,  ,   , ,20260905,中山,6,
2026090506040106,8,オーディンスピア,2024106196,   , ,,,,,  ,  ,   , ,20260905,中山,6,
2026090506040106,9,カンタベリートップ,2024107136,   , ,,,,,  ,  ,   , ,20260905,中山,6,
2026090506040106,10,ポッドビート,2024108315,   , ,,,,,  ,  ,   , ,20260905,中山,6,
2026090506040106,11,ニシノドリーマー,2024105198,   , ,,,,,  ,  ,   , ,20260905,中山,6,
2026090506040106,12,ダンシングリリー,2024106780,   , ,,,,,  ,  ,   , ,20260905,中山,6,
2026090506040106,13,ルスデルカミーノ,2024100423,   , ,,,,,  ,  ,   , ,20260905,中山,6,
2026090506040106,14,ソウラスフロス,2024102190,   , ,,,,,  ,  ,   , ,20260905,中山,6,
2026090506040107,1,フェンリル,2023106726,377,7,134.0,14.0,137.0,9.0,30,  ,385,6,20260905,中山,7,
2026090506040107,2,カズシ,2023102662,387, ,129.0,4.0,137.0,9.0,50,50,394, ,20260905,中山,7,
2026090506040107,3,デルマザオウ,2023101367,364,3,128.0,3.0,130.0,2.0,15,30,391, ,20260905,中山,7,
2026090506040107,4,マネーマネー,2023101718,383, ,142.0,16.0,142.0,14.0,  ,  ,399, ,20260905,中山,7,
2026090506040107,5,ガードオブオナー,2023107327,388, ,130.0,7.0,135.0,6.0,30,50,385,6,20260905,中山,7,
2026090506040107,6,エッチェレンテ,2023106914,363,2,131.0,10.0,136.0,7.0,  ,15,373,3,20260905,中山,7,
2026090506040107,7,エースオブゴールド,2023100784,377,7,130.0,7.0,136.0,7.0,  ,50,385,6,20260905,中山,7,
2026090506040107,8,ピードモント,2023107348,373,6,129.0,4.0,140.0,12.0,  ,15,363,1,20260905,中山,7,
2026090506040107,9,ジュングロワール,2023107425,381, ,136.0,15.0,140.0,12.0,  ,  ,384,5,20260905,中山,7,
2026090506040107,10,マイネルオランチア,2023106406,366,4,130.0,7.0,,,50,  ,375,4,20260905,中山,7,
2026090506040107,11,レプレセンタル,2023103624,396, ,132.0,11.0,138.0,11.0,  ,15,385,6,20260905,中山,7,
2026090506040107,12,マイネルゼーロス,2023106474,360,1,124.0,1.0,129.0,1.0,15,50,390, ,20260905,中山,7,
2026090506040107,13,ヨーゼフ,2023107061,   , ,133.0,12.0,133.0,5.0,  ,  ,   , ,20260905,中山,7,
2026090506040107,14,スコアレジーナ,2023101925,   , ,126.0,2.0,131.0,3.0,  ,  ,   , ,20260905,中山,7,
2026090506040107,15,ホウオウファミリー,2023105322,379, ,129.0,4.0,131.0,3.0,50,  ,389, ,20260905,中山,7,
2026090506040107,16,ピュアクローム,2023100595,366,4,133.0,12.0,,,  ,  ,368,2,20260905,中山,7,
2026090506040108,1,マサノピンクレディ,2023103006,351,5,120.0,5.0,132.0,11.0,30,  ,371,8,20260905,中山,8,
2026090506040108,2,ローズブーケ,2023100453,342,1,118.0,1.0,118.0,1.0,15,  ,387, ,20260905,中山,8,
2026090506040108,3,マナマカナ,2021103135,367, ,138.0,16.0,140.0,15.0,  ,50,367,4,20260905,中山,8,
2026090506040108,4,ノーブルミステリー,2020106429,365, ,125.0,13.0,127.0,4.0,30,  ,375, ,20260905,中山,8,
2026090506040108,5,コウジハラ,2023101860,354,6,119.0,2.0,121.0,3.0,30,  ,385, ,20260905,中山,8,
2026090506040108,6,カンレイスター,2023105558,349,3,119.0,2.0,129.0,8.0,30,  ,368,6,20260905,中山,8,
2026090506040108,7,マーガレットクレア,2023100722,368, ,127.0,14.0,134.0,13.0,  ,30,364,2,20260905,中山,8,
2026090506040108,8,ベルヴィヴァン,2022105119,350,4,119.0,2.0,119.0,2.0,50,  ,390, ,20260905,中山,8,
2026090506040108,9,トキメキジニア,2022100323,370, ,123.0,11.0,131.0,10.0,  ,  ,376, ,20260905,中山,8,
2026090506040108,10,パッションディーバ,2022101312,364, ,122.0,9.0,134.0,13.0,  ,50,373, ,20260905,中山,8,
2026090506040108,11,ビアフォーナウ,2021104481,363, ,122.0,9.0,128.0,6.0,  ,50,372, ,20260905,中山,8,
2026090506040108,12,チェルシー,2021106724,345,2,120.0,5.0,128.0,6.0,  ,  ,376, ,20260905,中山,8,
2026090506040108,13,ブエナディオサ,2019106938,361, ,121.0,7.0,,,  ,  ,368,6,20260905,中山,8,
2026090506040108,14,オオゾラヒバリ,2021101793,355,7,121.0,7.0,132.0,11.0,  ,50,359,1,20260905,中山,8,
2026090506040108,15,ベアアッコチャン,2023101039,359,8,127.0,14.0,129.0,8.0,  ,15,367,4,20260905,中山,8,
2026090506040108,16,レインボーラッキー,2022106324,360, ,123.0,11.0,127.0,4.0,  ,  ,366,3,20260905,中山,8,
2026090506040109,1,コンヴァージョン,2022110092,359, ,129.0,14.0,,,  ,  ,343, ,20260905,中山,9,古作特別
2026090506040109,2,ショウナンダイン,2023102730,357,6,127.0,9.0,137.0,12.0,  ,15,336,2,20260905,中山,9,古作特別
2026090506040109,3,アレクレア,2022104851,360, ,131.0,15.0,131.0,7.0,  ,30,345, ,20260905,中山,9,古作特別
2026090506040109,4,マーゴットソラーレ,2021104831,346,3,125.0,7.0,,,15,  ,345, ,20260905,中山,9,古作特別
2026090506040109,5,スタニングヴュー,2022101272,359, ,121.0,2.0,129.0,5.0,30,  ,334,1,20260905,中山,9,古作特別
2026090506040109,6,ロジルーラー,2021105552,365, ,127.0,9.0,144.0,13.0,30,  ,389, ,20260905,中山,9,古作特別
2026090506040109,7,デイジー,2021104173,344,2,122.0,4.0,128.0,2.0,15,  ,342,6,20260905,中山,9,古作特別
2026090506040109,8,ルンベーラ,2023102403,343,1,124.0,6.0,135.0,11.0,50,  ,342,6,20260905,中山,9,古作特別
2026090506040109,9,クモヒトツナイ,2022101498,360, ,118.0,1.0,132.0,8.0,30,50,338,5,20260905,中山,9,古作特別
2026090506040109,10,ジャグアール,2021102717,366, ,122.0,4.0,134.0,10.0,  ,30,336,2,20260905,中山,9,古作特別
2026090506040109,11,レッドシュトラール,2022105156,357,6,128.0,11.0,128.0,2.0,30,  ,358, ,20260905,中山,9,古作特別
2026090506040109,12,ゴディアーモ,2023107159,356,5,128.0,11.0,130.0,6.0,  ,50,336,2,20260905,中山,9,古作特別
2026090506040109,13,クシマトゥルー,2023105222,353,4,121.0,2.0,121.0,1.0,30,  ,344, ,20260905,中山,9,古作特別
2026090506040109,14,ペプチドドリーム,2023100894,360, ,128.0,11.0,128.0,2.0,15,30,348, ,20260905,中山,9,古作特別
2026090506040109,15,コーディアリー,2023104488,360, ,126.0,8.0,132.0,8.0,  ,50,343, ,20260905,中山,9,古作特別
2026090506040110,1,トラスコンガーデン,2023100935,357, ,126.0,13.0,137.0,12.0,  ,30,338,4,20260905,中山,10,白井特別
2026090506040110,2,ルディドゥゲンジ,2023103934,338,4,123.0,10.0,132.0,10.0,50,  ,346, ,20260905,中山,10,白井特別
2026090506040110,3,サクセスカラー,2021104200,362, ,121.0,4.0,137.0,12.0,  ,30,334,2,20260905,中山,10,白井特別
2026090506040110,4,ジョウゲンノツキ,2021102755,341,5,121.0,4.0,126.0,8.0,  ,50,348, ,20260905,中山,10,白井特別
2026090506040110,5,インプロペリア,2022104956,341,5,123.0,10.0,123.0,5.0,15,  ,349, ,20260905,中山,10,白井特別
2026090506040110,6,ミニョンマルーン,2022103151,335,1,117.0,1.0,122.0,3.0,30,  ,346, ,20260905,中山,10,白井特別
2026090506040110,7,パーティーガール,2022106420,344, ,122.0,8.0,128.0,9.0,  ,30,345, ,20260905,中山,10,白井特別
2026090506040110,8,ドリーミングアップ,2021103303,348, ,125.0,12.0,125.0,6.0,  ,15,328,1,20260905,中山,10,白井特別
2026090506040110,9,ジャガード,2018103485,344, ,122.0,8.0,134.0,11.0,  ,30,337,3,20260905,中山,10,白井特別
2026090506040110,10,キープサインオン,2022103556,343, ,121.0,4.0,125.0,6.0,  ,  ,344,6,20260905,中山,10,白井特別
2026090506040110,11,タナスーペルノーバ,2023102661,336,2,121.0,4.0,121.0,1.0,15,15,345, ,20260905,中山,10,白井特別
2026090506040110,12,ウチュウノセカイ,2023106665,337,3,118.0,2.0,121.0,1.0,15,  ,352, ,20260905,中山,10,白井特別
2026090506040110,13,ヴィヴァクラウン,2021101595,341,5,118.0,2.0,122.0,3.0,30,  ,342,5,20260905,中山,10,白井特別
2026090506040111,1,クルゼイロドスル,2020101813,356, ,124.0,8.0,132.0,11.0,  ,  ,331,4,20260905,中山,11,京成杯オータムＨ
2026090506040111,2,ミナデオロ,2021104854,348,7,125.0,12.0,127.0,6.0,15,  ,338, ,20260905,中山,11,京成杯オータムＨ
2026090506040111,3,ドロップオブライト,2019105806,351,8,121.0,2.0,131.0,10.0,  ,50,330,2,20260905,中山,11,京成杯オータムＨ
2026090506040111,4,フォルテアンジェロ,2023107345,355, ,126.0,15.0,133.0,15.0,  ,30,328,1,20260905,中山,11,京成杯オータムＨ
2026090506040111,5,サイルーン,2019104838,357, ,125.0,12.0,132.0,11.0,  ,50,335,8,20260905,中山,11,京成杯オータムＨ
2026090506040111,6,ファンダム,2022105836,337,1,120.0,1.0,132.0,11.0,30,  ,341, ,20260905,中山,11,京成杯オータムＨ
2026090506040111,7,エコロブルーム,2021105565,355, ,124.0,8.0,125.0,5.0,15,  ,334,5,20260905,中山,11,京成杯オータムＨ
2026090506040111,8,ピコローズ,2022101765,359, ,125.0,12.0,132.0,11.0,  ,15,330,2,20260905,中山,11,京成杯オータムＨ
2026090506040111,9,レザベーション,2023103268,339,2,124.0,8.0,124.0,3.0,30,  ,338, ,20260905,中山,11,京成杯オータムＨ
2026090506040111,10,ヴァルキリーバース,2022104764,355, ,126.0,15.0,130.0,9.0,50,  ,334,5,20260905,中山,11,京成杯オータムＨ
2026090506040111,11,クランフォード,2021100139,339,2,121.0,2.0,123.0,2.0,15,  ,334,5,20260905,中山,11,京成杯オータムＨ
2026090506040111,12,ディールメーカー,2023103326,346,6,121.0,2.0,121.0,1.0,15,  ,339, ,20260905,中山,11,京成杯オータムＨ
2026090506040111,13,メタルスピード,2020101772,340,4,121.0,2.0,124.0,3.0,15,  ,357, ,20260905,中山,11,京成杯オータムＨ
2026090506040111,14,リラボニート,2021103519,353, ,124.0,8.0,129.0,8.0,  ,  ,335,8,20260905,中山,11,京成杯オータムＨ
2026090506040111,15,テレサ,2022104885,354, ,123.0,6.0,133.0,15.0,30,  ,339, ,20260905,中山,11,京成杯オータムＨ
2026090506040111,16,ラケマーダ,2020101784,345,5,123.0,6.0,127.0,6.0,50,  ,341, ,20260905,中山,11,京成杯オータムＨ
2026090506040112,1,シルバードン,2022101987,357, ,125.0,14.0,137.0,13.0,  ,15,359,1,20260905,中山,12,
2026090506040112,2,ピュール,2023105784,367, ,124.0,12.0,134.0,12.0,  ,30,367,6,20260905,中山,12,
2026090506040112,3,アンプイットアップ,2023101146,347,1,119.0,2.0,128.0,10.0,15,  ,368, ,20260905,中山,12,
2026090506040112,4,スカット,2023104590,350,4,120.0,3.0,121.0,1.0,30,  ,379, ,20260905,中山,12,
2026090506040112,5,チュラヴェール,2023104607,347,1,118.0,1.0,127.0,6.0,15,  ,367,6,20260905,中山,12,
2026090506040112,6,キングクレオール,2021100506,357, ,122.0,5.0,127.0,6.0,  ,15,369, ,20260905,中山,12,
2026090506040112,7,グランルチャドール,2021102192,348,3,121.0,4.0,127.0,6.0,30,15,376, ,20260905,中山,12,
2026090506040112,8,ヴェネチアンキング,2023103320,360, ,122.0,5.0,128.0,10.0,  ,  ,380, ,20260905,中山,12,
2026090506040112,9,プルシャプラ,2022100582,354,5,122.0,5.0,127.0,6.0,  ,  ,363,3,20260905,中山,12,
2026090506040112,10,レイズレガシー,2023102978,356,7,122.0,5.0,122.0,2.0,30,15,364,5,20260905,中山,12,
2026090506040112,11,ザクシス,2022102711,360, ,124.0,12.0,124.0,4.0,50,  ,379, ,20260905,中山,12,
2026090506040112,12,ショウナンタハティ,2022103911,358, ,123.0,10.0,123.0,3.0,30,  ,359,1,20260905,中山,12,
2026090506040112,13,マイネルブリオン,2022102681,354,5,123.0,10.0,139.0,14.0,30,50,370, ,20260905,中山,12,
2026090506040112,14,トモジャシーマ,2020106771,359, ,122.0,5.0,124.0,4.0,50,30,363,3,20260905,中山,12,
2026090509040101,1,リアルメッセージ,2024106077,   , ,131.0,8.0,131.0,8.0,  ,  ,   , ,20260905,阪神,1,
2026090509040101,2,ラブシンフォニー,2024107177,365,5,134.0,10.0,134.0,10.0,  ,15,390,3,20260905,阪神,1,
2026090509040101,3,ビバームス,2024104705,   , ,126.0,3.0,130.0,5.0,50,50,   , ,20260905,阪神,1,
2026090509040101,4,クリコキアナ,2024100009,356,2,121.0,1.0,130.0,5.0,50,50,396,4,20260905,阪神,1,
2026090509040101,5,ベルメサージュ,2024102682,   , ,130.0,7.0,130.0,5.0,  ,50,   , ,20260905,阪神,1,
2026090509040101,6,グラスクラージュ,2024104494,   , ,139.0,11.0,139.0,11.0,  ,  ,   , ,20260905,阪神,1,
2026090509040101,7,ガヤーズランボー,2024105526,362,3,127.0,5.0,127.0,3.0,  ,50,384,1,20260905,阪神,1,
2026090509040101,8,スクワミッシュ,2024106237,363,4,126.0,3.0,126.0,2.0,  ,50,384,1,20260905,阪神,1,
2026090509040101,9,マルモリマイベスト,2024108132,348,1,123.0,2.0,123.0,1.0,50,50,399, ,20260905,阪神,1,
2026090509040101,10,キモンミナリッチ,2024104785,384, ,133.0,9.0,133.0,9.0,  ,  ,398,5,20260905,阪神,1,
2026090509040101,11,ベルヴェール,2024106458,   , ,127.0,5.0,127.0,3.0,50,50,   , ,20260905,阪神,1,
2026090509040102,1,コパノマハロ,2024102103,372,1,130.0,1.0,130.0,1.0,15,  ,340, ,20260905,阪神,2,
2026090509040102,2,ティフォシ,2024103816,384, ,134.0,3.0,134.0,3.0,30,30,329,1,20260905,阪神,2,
2026090509040102,3,デススパイラル,2024104977,386, ,137.0,4.0,137.0,4.0,  ,30,341, ,20260905,阪神,2,
2026090509040102,4,ブックオブケルズ,2024106356,374,2,132.0,2.0,132.0,2.0,50,50,353, ,20260905,阪神,2,
2026090509040102,5,ドミナント,2024106219,385, ,137.0,4.0,137.0,4.0,  ,15,339,2,20260905,阪神,2,
2026090509040103,1,レッドフレーザー,2023105340,377, ,126.0,2.0,132.0,4.0,30,30,390, ,20260905,阪神,3,
2026090509040103,2,カワキタベレッタ,2023104048,366, ,128.0,5.0,138.0,7.0,  ,15,370,1,20260905,阪神,3,
2026090509040103,3,サラサダンディー,2023105122,363,4,132.0,10.0,141.0,10.0,  ,15,382,4,20260905,阪神,3,
2026090509040103,4,ジャスティンゴッホ,2023104887,365,6,132.0,10.0,143.0,11.0,50,50,394, ,20260905,阪神,3,
2026090509040103,5,ガロピーネ,2023103194,361,3,129.0,8.0,129.0,2.0,  ,  ,432, ,20260905,阪神,3,
2026090509040103,6,ラッキーダイヤ,2023101781,382, ,134.0,12.0,145.0,12.0,  ,  ,377,2,20260905,阪神,3,
2026090509040103,7,ドラゴングローリア,2023107336,   , ,139.0,13.0,139.0,9.0,  ,30,   , ,20260905,阪神,3,
2026090509040103,8,デルマタカチホ,2023103385,   , ,128.0,5.0,128.0,1.0,15,  ,   , ,20260905,阪神,3,
2026090509040103,9,ラミエルノムスコ,2023103248,380, ,127.0,4.0,134.0,5.0,50,30,392, ,20260905,阪神,3,
2026090509040103,10,スターチューン,2023106848,363,4,126.0,2.0,130.0,3.0,30,50,382,4,20260905,阪神,3,
2026090509040103,11,レジェルテ,2023107303,356,1,128.0,5.0,135.0,6.0,  ,15,384,6,20260905,阪神,3,
2026090509040103,12,アルムランプシー,2023104323,358,2,122.0,1.0,,,30,  ,400, ,20260905,阪神,3,
2026090509040103,13,ロードファイター,2023100430,382, ,130.0,9.0,138.0,7.0,  ,30,377,2,20260905,阪神,3,
2026090509040104,1,ウイングサンライズ,2023100918,344,4,130.0,13.0,130.0,9.0,  ,50,343,9,20260905,阪神,4,
2026090509040104,2,ビッグヒーロー,2023106188,346,6,127.0,11.0,137.0,16.0,30,15,338,6,20260905,阪神,4,
2026090509040104,3,ルージュソムニウム,2023103605,341,2,124.0,5.0,129.0,7.0,50,  ,346, ,20260905,阪神,4,
2026090509040104,4,メイショウジーニー,2023106566,339,1,121.0,2.0,121.0,1.0,15,  ,352, ,20260905,阪神,4,
2026090509040104,5,アステルディーヴァ,2023104883,349,7,120.0,1.0,128.0,4.0,15,  ,333,2,20260905,阪神,4,
2026090509040104,6,メイショウプレマ,2023101585,353, ,124.0,5.0,128.0,4.0,15,  ,343,9,20260905,阪神,4,
2026090509040104,7,シャロン,2023105372,352,9,129.0,12.0,129.0,7.0,  ,50,342,8,20260905,阪神,4,
2026090509040104,8,アリディプラチノ,2023102063,345,5,123.0,3.0,128.0,4.0,15,  ,346, ,20260905,阪神,4,
2026090509040104,9,コースタルロード,2023100973,341,2,123.0,3.0,125.0,3.0,30,  ,348, ,20260905,阪神,4,
2026090509040104,10,エイシンニケ,2023105522,357, ,136.0,17.0,136.0,15.0,  ,15,334,3,20260905,阪神,4,
2026090509040104,11,サトノシャッツ,2023105276,   , ,,,,,  ,  ,   , ,20260905,阪神,4,
2026090509040104,12,バロッカネーラ,2023107332,353, ,124.0,5.0,124.0,2.0,15,  ,346, ,20260905,阪神,4,
2026090509040104,13,アステリアート,2023104950,350,8,125.0,8.0,132.0,11.0,15,  ,361, ,20260905,阪神,4,
2026090509040104,14,セイロンブリーズ,2023107266,359, ,135.0,16.0,135.0,13.0,  ,  ,339,7,20260905,阪神,4,
2026090509040104,15,カステッロトゥーレ,2023103397,353, ,131.0,14.0,135.0,13.0,  ,15,335,4,20260905,阪神,4,
2026090509040104,16,サーブルディアマン,2023103690,366, ,125.0,8.0,140.0,17.0,  ,  ,346, ,20260905,阪神,4,
2026090509040104,17,ペアピーターソン,2023106404,356, ,131.0,14.0,132.0,11.0,  ,15,332,1,20260905,阪神,4,
2026090509040104,18,ホワイトフレイムス,2023106873,352,9,125.0,8.0,130.0,9.0,50,50,335,4,20260905,阪神,4,
2026090509040105,1,メイショウレイナ,2024102300,   , ,,,,,  ,  ,   , ,20260905,阪神,5,
2026090509040105,2,ブロッサムスピア,2024107052,   , ,,,,,  ,  ,   , ,20260905,阪神,5,
2026090509040105,3,スマートエール,2024100590,   , ,,,,,  ,  ,   , ,20260905,阪神,5,
2026090509040105,4,リンピッド,2024102561,   , ,,,,,  ,  ,   , ,20260905,阪神,5,
2026090509040105,5,レーヴドヒロイン,2024106747,   , ,,,,,  ,  ,   , ,20260905,阪神,5,
2026090509040105,6,ゴールデンレシオ,2024104595,   , ,,,,,  ,  ,   , ,20260905,阪神,5,
2026090509040105,7,アイボリータワー,2024108283,   , ,,,,,  ,  ,   , ,20260905,阪神,5,
2026090509040105,8,イッソス,2024106246,   , ,,,,,  ,  ,   , ,20260905,阪神,5,
2026090509040105,9,ベルメグスタ,2024102020,   , ,,,,,  ,  ,   , ,20260905,阪神,5,
2026090509040105,10,ルミナスシェリー,2024101476,   , ,,,,,  ,  ,   , ,20260905,阪神,5,
2026090509040105,11,ソフィアビルド,2024105927,   , ,,,,,  ,  ,   , ,20260905,阪神,5,
2026090509040105,12,トレビスドンナ,2024106447,   , ,,,,,  ,  ,   , ,20260905,阪神,5,
2026090509040106,1,デザートキャンドル,2024108215,   , ,,,,,  ,  ,   , ,20260905,阪神,6,
2026090509040106,2,スカイメテオ,2024100937,   , ,,,,,  ,  ,   , ,20260905,阪神,6,
2026090509040106,3,ムスペルヘイム,2024106342,   , ,,,,,  ,  ,   , ,20260905,阪神,6,
2026090509040106,4,ツーエムマドンナ,2024104245,   , ,,,,,  ,  ,   , ,20260905,阪神,6,
2026090509040106,5,ウルスチャージ,2024104223,   , ,,,,,  ,  ,   , ,20260905,阪神,6,
2026090509040106,6,テムタワーボス,2024102457,   , ,,,,,  ,  ,   , ,20260905,阪神,6,
2026090509040106,7,サイトゥン,2024106774,   , ,,,,,  ,  ,   , ,20260905,阪神,6,
2026090509040106,8,オメガダフネ,2024104092,   , ,,,,,  ,  ,   , ,20260905,阪神,6,
2026090509040106,9,ツトム,2024105013,   , ,,,,,  ,  ,   , ,20260905,阪神,6,
2026090509040106,10,アンジェリカ,2024103265,   , ,,,,,  ,  ,   , ,20260905,阪神,6,
2026090509040106,11,サンライズモロヘイ,2024100422,   , ,,,,,  ,  ,   , ,20260905,阪神,6,
2026090509040106,12,ウブラヴ,2024102875,   , ,,,,,  ,  ,   , ,20260905,阪神,6,
2026090509040106,13,ナリタライズ,2024105955,   , ,,,,,  ,  ,   , ,20260905,阪神,6,
2026090509040107,1,レオナルドスター,2021104806,342,5,116.0,1.0,123.0,3.0,15,  ,349, ,20260905,阪神,7,
2026090509040107,2,モルティフレーバー,2022104901,344,8,120.0,7.0,127.0,9.0,  ,  ,338,1,20260905,阪神,7,
2026090509040107,3,ラブカムーン,2021106586,344,8,118.0,3.0,125.0,6.0,  ,30,344,5,20260905,阪神,7,
2026090509040107,4,ムーンリットアイル,2023107269,335,1,119.0,5.0,129.0,10.0,30,  ,353, ,20260905,阪神,7,
2026090509040107,5,ニシノトリビュート,2023104703,345, ,125.0,15.0,126.0,8.0,50,50,340,4,20260905,阪神,7,
2026090509040107,6,ワイドシュテルケ,2023100631,341,3,118.0,3.0,118.0,1.0,15,30,350, ,20260905,阪神,7,
2026090509040107,7,ベルファスト,2021101414,338,2,117.0,2.0,119.0,2.0,30,  ,351, ,20260905,阪神,7,
2026090509040107,8,アウクソー,2020103261,343,6,121.0,9.0,129.0,10.0,30,  ,338,1,20260905,阪神,7,
2026090509040107,9,クールフラン,2023106985,358, ,127.0,16.0,130.0,14.0,15,  ,347, ,20260905,阪神,7,
2026090509040107,10,モズイージス,2021102151,360, ,122.0,12.0,129.0,10.0,50,  ,344,5,20260905,阪神,7,
2026090509040107,11,モズレイラココナ,2022102122,   , ,121.0,9.0,,,  ,  ,   , ,20260905,阪神,7,
2026090509040107,12,エコロヴァイス,2022110128,354, ,119.0,5.0,125.0,6.0,15,  ,376, ,20260905,阪神,7,
2026090509040107,13,メイショウヤマモモ,2021103075,352, ,121.0,9.0,124.0,4.0,30,  ,353, ,20260905,阪神,7,
2026090509040107,14,マーゴットミスト,2023101632,343,6,120.0,7.0,129.0,10.0,  ,  ,344,5,20260905,阪神,7,
2026090509040107,15,フェゲフォイア,2020106355,352, ,124.0,14.0,130.0,14.0,  ,50,346,8,20260905,阪神,7,
2026090509040107,16,フロムレイブン,2023103836,341,3,123.0,13.0,124.0,4.0,50,  ,338,1,20260905,阪神,7,
2026090509040108,1,キッコベッロ,2023104996,364, ,128.0,6.0,134.0,5.0,  ,30,344, ,20260905,阪神,8,
2026090509040108,2,ウインヘリオドール,2022107084,344,1,127.0,5.0,127.0,1.0,15,  ,332,4,20260905,阪神,8,
2026090509040108,3,サンダーバード,2023105292,347,2,123.0,2.0,127.0,1.0,15,15,332,4,20260905,阪神,8,
2026090509040108,4,ダンツウルス,2023102901,364, ,129.0,7.0,134.0,5.0,30,15,333, ,20260905,阪神,8,
2026090509040108,5,メイショウアゴナス,2022103263,369, ,121.0,1.0,140.0,9.0,50,15,328,1,20260905,阪神,8,
2026090509040108,6,ピースヒロフェイス,2021105769,365, ,123.0,2.0,136.0,7.0,50,  ,334, ,20260905,阪神,8,
2026090509040108,7,シュプリームレルム,2023103488,357,3,125.0,4.0,131.0,3.0,50,15,347, ,20260905,阪神,8,
2026090509040108,8,オモイヲノセテ,2023103996,368, ,130.0,9.0,136.0,7.0,  ,30,329,2,20260905,阪神,8,
2026090509040108,9,アグレイビューティ,2023103676,361,4,129.0,7.0,131.0,3.0,50,30,330,3,20260905,阪神,8,
2026090509040109,1,ストラーダ,2023100937,368, ,125.0,5.0,139.0,10.0,  ,  ,383, ,20260905,阪神,9,出石特別
2026090509040109,2,ジャイアンバローズ,2023100922,369, ,126.0,6.0,126.0,1.0,50,30,371, ,20260905,阪神,9,出石特別
2026090509040109,3,ジーニアスバローズ,2020100681,360,1,122.0,3.0,130.0,2.0,30,  ,384, ,20260905,阪神,9,出石特別
2026090509040109,4,キングロコマイカイ,2019103829,369, ,127.0,7.0,132.0,6.0,30,  ,369, ,20260905,阪神,9,出石特別
2026090509040109,5,ソニックステップ,2022104854,363,3,124.0,4.0,131.0,3.0,15,  ,368,5,20260905,阪神,9,出石特別
2026090509040109,6,システマソラー,2023102120,364,4,127.0,7.0,140.0,11.0,  ,15,364,2,20260905,阪神,9,出石特別
2026090509040109,7,ショーダンサー,2022105885,368, ,131.0,11.0,131.0,3.0,  ,  ,365,3,20260905,阪神,9,出石特別
2026090509040109,8,クロノスバレット,2022110123,381, ,127.0,7.0,133.0,8.0,50,15,367,4,20260905,阪神,9,出石特別
2026090509040109,9,リヒトミューレ,2023107295,360,1,128.0,10.0,131.0,3.0,30,30,372, ,20260905,阪神,9,出石特別
2026090509040109,10,シュヴァルツリーベ,2020106101,376, ,119.0,1.0,135.0,9.0,  ,30,358,1,20260905,阪神,9,出石特別
2026090509040109,11,テイエムパイロット,2022103775,364,4,120.0,2.0,132.0,6.0,30,  ,385, ,20260905,阪神,9,出石特別
2026090509040110,1,オールセインツ,2021104971,353, ,128.0,7.0,135.0,6.0,  ,  ,326,1,20260905,阪神,10,西宮Ｓ
2026090509040110,2,エイカイマッケンロ,2019104800,334,1,122.0,1.0,127.0,2.0,15,  ,348, ,20260905,阪神,10,西宮Ｓ
2026090509040110,3,コルレオニス,2021105704,355, ,126.0,5.0,130.0,4.0,30,  ,337, ,20260905,阪神,10,西宮Ｓ
2026090509040110,4,テーオーダグラス,2021102246,361, ,122.0,1.0,135.0,6.0,  ,30,331,2,20260905,阪神,10,西宮Ｓ
2026090509040110,5,シンゼンカガ,2022105345,356, ,124.0,3.0,132.0,5.0,  ,30,338, ,20260905,阪神,10,西宮Ｓ
2026090509040110,6,レディーミコノス,2022105475,346,2,125.0,4.0,125.0,1.0,30,50,336, ,20260905,阪神,10,西宮Ｓ
2026090509040110,7,サウンドムーブ,2023101449,350,3,126.0,5.0,129.0,3.0,  ,  ,335,3,20260905,阪神,10,西宮Ｓ
2026090509040111,1,タイセイブレイズ,2018102969,355,6,123.0,8.0,134.0,5.0,  ,  ,361,6,20260905,阪神,11,エニフＳ
2026090509040111,2,ノーブルロジャー,2021110148,361, ,123.0,8.0,136.0,9.0,  ,15,357,4,20260905,阪神,11,エニフＳ
2026090509040111,3,フェルヴェンテ,2020102045,351,4,119.0,4.0,134.0,5.0,50,  ,369, ,20260905,阪神,11,エニフＳ
2026090509040111,4,ゴッドブルービー,2020106063,351,4,123.0,8.0,137.0,10.0,  ,15,363, ,20260905,阪神,11,エニフＳ
2026090509040111,5,マニバドラ,2020110105,345,1,117.0,1.0,131.0,4.0,30,  ,363, ,20260905,阪神,11,エニフＳ
2026090509040111,6,ペイシャケイプ,2022104219,368, ,131.0,12.0,139.0,12.0,  ,15,348,1,20260905,阪神,11,エニフＳ
2026090509040111,7,グランキングオー,2022100664,357, ,123.0,8.0,135.0,7.0,50,50,379, ,20260905,阪神,11,エニフＳ
2026090509040111,8,トリリオンボーイ,2022102493,361, ,120.0,5.0,135.0,7.0,  ,30,364, ,20260905,阪神,11,エニフＳ
2026090509040111,9,エスカル,2021110069,359, ,120.0,5.0,130.0,3.0,  ,  ,350,3,20260905,阪神,11,エニフＳ
2026090509040111,10,ルークススペイ,2022101543,349,2,118.0,2.0,126.0,1.0,50,30,359,5,20260905,阪神,11,エニフＳ
2026090509040111,11,リジル,2021101457,350,3,118.0,2.0,127.0,2.0,  ,30,349,2,20260905,阪神,11,エニフＳ
2026090509040111,12,ムイ,2022102408,   , ,122.0,7.0,137.0,10.0,  ,30,   , ,20260905,阪神,11,エニフＳ
2026090509040112,1,リーガルスプレンダ,2023103685,353,2,120.0,1.0,120.0,1.0,15,  ,379, ,20260905,阪神,12,
2026090509040112,2,エイシンマールス,2022102624,350,1,120.0,1.0,128.0,6.0,  ,  ,371,5,20260905,阪神,12,
2026090509040112,3,アーディアイリ,2023102460,356,4,125.0,9.0,128.0,6.0,  ,15,384, ,20260905,阪神,12,
2026090509040112,4,フィアーブル,2023103674,366, ,121.0,6.0,130.0,9.0,  ,30,369,4,20260905,阪神,12,
2026090509040112,5,クリノセーラーマン,2023101199,355,3,122.0,7.0,127.0,4.0,  ,  ,386, ,20260905,阪神,12,
2026090509040112,6,ロイヤルテール,2022100027,366, ,130.0,12.0,135.0,11.0,  ,50,376,6,20260905,阪神,12,
2026090509040112,7,ディーエストッキー,2021105098,363, ,120.0,1.0,133.0,10.0,  ,30,367,2,20260905,阪神,12,
2026090509040112,8,ハグレジョー,2023104275,358,5,120.0,1.0,125.0,3.0,  ,50,358,1,20260905,阪神,12,
2026090509040112,9,モズプリフォール,2023105738,361,6,123.0,8.0,129.0,8.0,  ,30,367,2,20260905,阪神,12,
2026090509040112,10,アーリントンロウ,2022105921,   , ,120.0,1.0,124.0,2.0,50,  ,   , ,20260905,阪神,12,
2026090509040112,11,エンヴェロップ,2023105792,   , ,127.0,11.0,127.0,4.0,50,  ,   , ,20260905,阪神,12,
2026090509040112,12,エイシンティザー,2023105516,377, ,126.0,10.0,136.0,12.0,50,30,385, ,20260905,阪神,12,
2026090606040201,1,ヴェストラン,2021100695,   , ,128.0,6.0,132.0,1.0,  ,  ,   , ,20260906,中山,1,
2026090606040201,2,エーオーキング,2022102738,375,3,126.0,4.0,,,  ,  ,385,3,20260906,中山,1,
2026090606040201,3,グロッシェン,2021104844,   , ,124.0,2.0,,,  ,  ,   , ,20260906,中山,1,
2026090606040201,4,シグムンド,2021106353,372,1,127.0,5.0,,,  ,  ,365,1,20260906,中山,1,
2026090606040201,5,スラッシュ,2023103189,374,2,125.0,3.0,,,  ,  ,383,2,20260906,中山,1,
2026090606040201,6,エンジョイドライブ,2022102713,   , ,122.0,1.0,,,  ,  ,   , ,20260906,中山,1,
2026090606040201,7,ベラトール,2022102788,   , ,130.0,7.0,,,  ,  ,   , ,20260906,中山,1,
2026090606040202,1,アルデラッシュ,2024106007,358,5,126.0,3.0,126.0,2.0,15,  ,354,3,20260906,中山,2,
2026090606040202,2,ヒーローシー,2024100795,390, ,142.0,13.0,142.0,13.0,  ,  ,362, ,20260906,中山,2,
2026090606040202,3,ノワールブレイブ,2024102173,376, ,140.0,12.0,140.0,12.0,  ,  ,362, ,20260906,中山,2,
2026090606040202,4,スリーフラワー,2024101312,370, ,135.0,10.0,135.0,10.0,  ,  ,   , ,20260906,中山,2,
2026090606040202,5,モチロンコクラ,2024104659,383, ,143.0,14.0,143.0,14.0,  ,  ,366, ,20260906,中山,2,
2026090606040202,6,ノーブルミント,2024100566,369, ,130.0,7.0,130.0,7.0,50,  ,365, ,20260906,中山,2,
2026090606040202,7,ソナタテソーロ,2024101297,370, ,129.0,6.0,129.0,6.0,30,  ,360,7,20260906,中山,2,
2026090606040202,8,セイウンリリーナ,2024103842,368,7,133.0,9.0,133.0,9.0,  ,  ,359,6,20260906,中山,2,
2026090606040202,9,フォーエバーブルー,2024104566,356,4,131.0,8.0,131.0,8.0,  ,15,354,3,20260906,中山,2,
2026090606040202,10,ワイズジュエル,2024100105,355,3,125.0,2.0,125.0,1.0,  ,30,351,2,20260906,中山,2,
2026090606040202,11,クールボビー,2024105497,361,6,127.0,5.0,127.0,5.0,50,15,346,1,20260906,中山,2,
2026090606040202,12,スペシャルサンクス,2024102846,350,2,122.0,1.0,126.0,2.0,15,30,361, ,20260906,中山,2,
2026090606040202,13,スノーキャップ,2024102837,376, ,135.0,10.0,135.0,10.0,  ,  ,358,5,20260906,中山,2,
2026090606040202,14,イヴナンバーフォー,2024105687,348,1,126.0,3.0,126.0,2.0,50,  ,367, ,20260906,中山,2,
2026090606040203,1,セレスティアハート,2023100186,   , ,132.0,11.0,132.0,4.0,50,  ,   , ,20260906,中山,3,
2026090606040203,2,マイネルトレマーズ,2023105363,358,2,124.0,1.0,143.0,13.0,30,  ,388, ,20260906,中山,3,
2026090606040203,3,ピクシーゲイル,2023104811,364,5,131.0,9.0,136.0,7.0,  ,  ,382,7,20260906,中山,3,
2026090606040203,4,トルネードアイル,2023105308,357,1,129.0,7.0,140.0,11.0,  ,15,373,2,20260906,中山,3,
2026090606040203,5,ソナタムーンライト,2023105717,378, ,137.0,14.0,143.0,13.0,  ,  ,405, ,20260906,中山,3,
2026090606040203,6,ペタルズダンス,2023106796,365,6,136.0,13.0,139.0,10.0,  ,30,377,5,20260906,中山,3,
2026090606040203,7,ラブトゥエニイワン,2023106827,375, ,137.0,14.0,137.0,8.0,50,  ,388, ,20260906,中山,3,
2026090606040203,8,ペルシアーノ,2023100653,   , ,125.0,3.0,125.0,1.0,15,  ,   , ,20260906,中山,3,
2026090606040203,9,ユイノサダハル,2023101841,373, ,131.0,9.0,138.0,9.0,  ,30,373,2,20260906,中山,3,
2026090606040203,10,コーリンクレア,2023104194,371, ,126.0,4.0,132.0,4.0,50,  ,369,1,20260906,中山,3,
2026090606040203,11,ルシアージュ,2023106795,399, ,130.0,8.0,142.0,12.0,  ,15,375,4,20260906,中山,3,
2026090606040203,12,ホウオウロレンシア,2023102396,359,3,124.0,1.0,130.0,2.0,15,  ,390, ,20260906,中山,3,
2026090606040203,13,アルティソナンテ,2023103533,362,4,132.0,11.0,146.0,15.0,  ,15,380,6,20260906,中山,3,
2026090606040203,14,オートカリテ,2023103555,366,7,126.0,4.0,131.0,3.0,30,  ,390, ,20260906,中山,3,
2026090606040203,15,イサチルクイーン,2023102680,369, ,128.0,6.0,135.0,6.0,50,50,391, ,20260906,中山,3,
2026090606040204,1,セイウンヤオヨロズ,2023100006,348,1,120.0,1.0,123.0,2.0,15,  ,378,8,20260906,中山,4,
2026090606040204,2,アクロスメモリア,2023102399,358, ,124.0,8.0,133.0,9.0,30,15,361,1,20260906,中山,4,
2026090606040204,3,メビウスロマンス,2023101477,352,4,122.0,3.0,125.0,5.0,30,30,375,6,20260906,中山,4,
2026090606040204,4,フォルナカリア,2023106959,356,6,123.0,5.0,,,50,  ,381, ,20260906,中山,4,
2026090606040204,5,ハングローズ,2023102122,350,2,122.0,3.0,123.0,2.0,30,15,370,2,20260906,中山,4,
2026090606040204,6,グラスアロー,2023106351,363, ,129.0,15.0,133.0,9.0,  ,  ,381, ,20260906,中山,4,
2026090606040204,7,クラージュスター,2023103010,356,6,124.0,8.0,137.0,12.0,15,  ,384, ,20260906,中山,4,
2026090606040204,8,トゥモローズウェイ,2023103338,373, ,126.0,12.0,,,  ,  ,387, ,20260906,中山,4,
2026090606040204,9,テリオスレイ,2023106854,359, ,123.0,5.0,125.0,5.0,30,50,377,7,20260906,中山,4,
2026090606040204,10,リゼクールグレー,2023103303,371, ,129.0,15.0,140.0,14.0,  ,  ,374,5,20260906,中山,4,
2026090606040204,11,サリーアン,2023100789,366, ,126.0,12.0,126.0,7.0,  ,30,378,8,20260906,中山,4,
2026090606040204,12,ハンナパール,2023100692,356,6,125.0,10.0,126.0,7.0,  ,15,372,4,20260906,中山,4,
2026090606040204,13,ライヴマルガリータ,2023101046,372, ,126.0,12.0,138.0,13.0,  ,  ,392, ,20260906,中山,4,
2026090606040204,14,スマートレイナ,2023106000,354,5,121.0,2.0,121.0,1.0,30,15,370,2,20260906,中山,4,
2026090606040204,15,ロジザボード,2023104017,350,2,123.0,5.0,123.0,2.0,  ,30,387, ,20260906,中山,4,
2026090606040204,16,ニシノトマラナイ,2023106272,357, ,125.0,10.0,133.0,9.0,50,  ,383, ,20260906,中山,4,
2026090606040205,1,ハンサム,2024104872,   , ,,,,,  ,  ,   , ,20260906,中山,5,
2026090606040205,2,ピクシーブラスト,2024103245,   , ,,,,,  ,  ,   , ,20260906,中山,5,
2026090606040205,3,ムービーマジック,2024107234,   , ,,,,,  ,  ,   , ,20260906,中山,5,
2026090606040205,4,タッカーヴィーチェ,2024103407,   , ,,,,,  ,  ,   , ,20260906,中山,5,
2026090606040205,5,アッティーヤ,2024100669,   , ,,,,,  ,  ,   , ,20260906,中山,5,
2026090606040205,6,ビシット,2024103788,   , ,,,,,  ,  ,   , ,20260906,中山,5,
2026090606040205,7,オシゴリ,2024102325,   , ,,,,,  ,  ,   , ,20260906,中山,5,
2026090606040205,8,イズミル,2024106845,   , ,,,,,  ,  ,   , ,20260906,中山,5,
2026090606040205,9,ゴールデンパルス,2024100749,   , ,,,,,  ,  ,   , ,20260906,中山,5,
2026090606040205,10,ローザヴェローナ,2024106751,   , ,,,,,  ,  ,   , ,20260906,中山,5,
2026090606040205,11,レイナクリューソス,2024106865,   , ,,,,,  ,  ,   , ,20260906,中山,5,
2026090606040205,12,ハナビ,2024100629,   , ,,,,,  ,  ,   , ,20260906,中山,5,
2026090606040205,13,ロイヤルガンモ,2024107373,   , ,,,,,  ,  ,   , ,20260906,中山,5,
2026090606040205,14,アイムオンアロール,2024100668,   , ,,,,,  ,  ,   , ,20260906,中山,5,
2026090606040205,15,マホロ,2024103328,   , ,,,,,  ,  ,   , ,20260906,中山,5,
2026090606040206,1,タイセイウィザード,2024105540,   , ,,,,,  ,  ,   , ,20260906,中山,6,
2026090606040206,2,イールーファー,2024101806,   , ,,,,,  ,  ,   , ,20260906,中山,6,
2026090606040206,3,プリンシパルギフト,2024107065,   , ,,,,,  ,  ,   , ,20260906,中山,6,
2026090606040206,4,ハーモニープルーフ,2024106320,   , ,,,,,  ,  ,   , ,20260906,中山,6,
2026090606040206,5,メイプルカモーン,2024104534,   , ,,,,,  ,  ,   , ,20260906,中山,6,
2026090606040206,6,ニシノハクシャ,2024105565,   , ,,,,,  ,  ,   , ,20260906,中山,6,
2026090606040206,7,ヒゲキリ,2024105462,   , ,,,,,  ,  ,   , ,20260906,中山,6,
2026090606040206,8,エンジャムメント,2024105733,   , ,,,,,  ,  ,   , ,20260906,中山,6,
2026090606040206,9,サードアイ,2024107366,   , ,,,,,  ,  ,   , ,20260906,中山,6,
2026090606040206,10,サイモントレノ,2024104675,   , ,,,,,  ,  ,   , ,20260906,中山,6,
2026090606040206,11,ドーンオブホープ,2024107184,   , ,,,,,  ,  ,   , ,20260906,中山,6,
2026090606040206,12,ファブリック,2024104851,   , ,,,,,  ,  ,   , ,20260906,中山,6,
2026090606040207,1,ウインスターリング,2023105883,350,2,128.0,6.0,128.0,4.0,15,  ,349, ,20260906,中山,7,
2026090606040207,2,セキテイリノ,2023103447,356,5,126.0,4.0,135.0,9.0,  ,30,345,7,20260906,中山,7,
2026090606040207,3,ラクシオンデクラ,2023103597,365, ,132.0,14.0,137.0,12.0,50,50,351, ,20260906,中山,7,
2026090606040207,4,ジェイエルグリーン,2023106314,352,4,124.0,1.0,127.0,2.0,15,  ,355, ,20260906,中山,7,
2026090606040207,5,カテドラルクォーツ,2023103668,349,1,124.0,1.0,127.0,2.0,  ,  ,345,7,20260906,中山,7,
2026090606040207,6,マイネルオラクル,2023106422,356,5,128.0,6.0,128.0,4.0,30,  ,354, ,20260906,中山,7,
2026090606040207,7,ジャストマイウェイ,2023105362,350,2,124.0,1.0,124.0,1.0,15,  ,347,9,20260906,中山,7,
2026090606040207,8,ブラッキッシュ,2023107028,358,7,130.0,11.0,130.0,6.0,50,  ,338,2,20260906,中山,7,
2026090606040207,9,クリスタルドレス,2023107406,363, ,130.0,11.0,134.0,8.0,50,30,344,6,20260906,中山,7,
2026090606040207,10,シホノグラツィア,2023106896,389, ,139.0,18.0,139.0,14.0,  ,50,341,5,20260906,中山,7,
2026090606040207,11,エラガバリウム,2023107335,368, ,138.0,17.0,138.0,13.0,  ,50,336,1,20260906,中山,7,
2026090606040207,12,ディエスルージュ,2023105163,363, ,127.0,5.0,135.0,9.0,15,50,349, ,20260906,中山,7,
2026090606040207,13,サンクレゾン,2023103780,366, ,135.0,16.0,135.0,9.0,50,  ,350, ,20260906,中山,7,
2026090606040207,14,ピグマリオン,2023101391,370, ,129.0,8.0,139.0,14.0,  ,  ,364, ,20260906,中山,7,
2026090606040207,15,ワイズファミリア,2023103550,359,8,130.0,11.0,139.0,14.0,  ,15,339,3,20260906,中山,7,
2026090606040207,16,ブリックアブラック,2023102410,372, ,129.0,8.0,142.0,18.0,  ,15,351, ,20260906,中山,7,
2026090606040207,17,ソフィア,2023107088,361,9,129.0,8.0,131.0,7.0,50,  ,358, ,20260906,中山,7,
2026090606040207,18,ハルノアメ,2023104002,365, ,134.0,15.0,139.0,14.0,  ,15,339,3,20260906,中山,7,
2026090606040208,1,ジーティーブラック,2023106052,352,2,126.0,4.0,141.0,13.0,  ,15,381, ,20260906,中山,8,
2026090606040208,2,ノーウェアマン,2023106694,355,3,125.0,3.0,134.0,10.0,15,  ,404, ,20260906,中山,8,
2026090606040208,3,アイビーチーキー,2023106573,368, ,130.0,12.0,131.0,6.0,30,15,380, ,20260906,中山,8,
2026090606040208,4,モヴレクス,2021105074,373, ,130.0,12.0,141.0,13.0,  ,50,379, ,20260906,中山,8,
2026090606040208,5,エコロストーム,2023102405,361,8,126.0,4.0,143.0,16.0,30,  ,384, ,20260906,中山,8,
2026090606040208,6,タケルムサシ,2023105177,365, ,130.0,12.0,141.0,13.0,  ,  ,364,2,20260906,中山,8,
2026090606040208,7,ストーリーオブラブ,2023106587,350,1,122.0,1.0,122.0,1.0,15,50,372,6,20260906,中山,8,
2026090606040208,8,ガーデンカメリア,2021110139,371, ,126.0,4.0,131.0,6.0,  ,  ,368,4,20260906,中山,8,
2026090606040208,9,ボニープリンス,2023107329,   , ,129.0,11.0,129.0,5.0,30,  ,   , ,20260906,中山,8,
2026090606040208,10,ユキノグラス,2023102646,360,6,128.0,8.0,135.0,11.0,30,  ,376,8,20260906,中山,8,
2026090606040208,11,シンギュラリティ,2023104472,360,6,128.0,8.0,128.0,3.0,30,15,375,7,20260906,中山,8,
2026090606040208,12,ソニックキャット,2023103698,371, ,131.0,16.0,132.0,8.0,15,15,380, ,20260906,中山,8,
2026090606040208,13,カフェシューター,2023100368,355,3,128.0,8.0,128.0,3.0,15,  ,376,8,20260906,中山,8,
2026090606040208,14,ラヴアンドライク,2022104570,363, ,122.0,1.0,126.0,2.0,15,  ,368,4,20260906,中山,8,
2026090606040208,15,メトロポリターナ,2021110040,355,3,126.0,4.0,133.0,9.0,  ,50,367,3,20260906,中山,8,
2026090606040208,16,メディチパワー,2023100419,368, ,130.0,12.0,135.0,11.0,  ,15,351,1,20260906,中山,8,
2026090606040209,1,ホープエトワール,2022106893,374, ,141.0,16.0,141.0,16.0,  ,  ,393, ,20260906,中山,9,浦安特別
2026090606040209,2,キョウエイカンフ,2020100363,357, ,118.0,2.0,130.0,7.0,  ,30,358,3,20260906,中山,9,浦安特別
2026090606040209,3,サマースイートピー,2022107359,350,4,121.0,8.0,122.0,2.0,50,  ,366, ,20260906,中山,9,浦安特別
2026090606040209,4,ホウオウプレミア,2019105041,362, ,121.0,8.0,140.0,15.0,  ,  ,359,4,20260906,中山,9,浦安特別
2026090606040209,5,ラヴァグロウ,2020103937,369, ,126.0,15.0,139.0,14.0,  ,30,362,6,20260906,中山,9,浦安特別
2026090606040209,6,アスタールフナ,2022101557,343,1,117.0,1.0,121.0,1.0,30,  ,376, ,20260906,中山,9,浦安特別
2026090606040209,7,レヴィテーション,2021107259,360, ,121.0,8.0,132.0,10.0,  ,  ,362,6,20260906,中山,9,浦安特別
2026090606040209,8,ルーフオブヘヴン,2021104874,350,4,120.0,5.0,135.0,12.0,  ,30,365,8,20260906,中山,9,浦安特別
2026090606040209,9,ピコニ,2021101727,361, ,124.0,14.0,130.0,7.0,15,  ,370, ,20260906,中山,9,浦安特別
2026090606040209,10,モーゲンセン,2023110008,348,2,120.0,5.0,126.0,4.0,30,  ,375, ,20260906,中山,9,浦安特別
2026090606040209,11,サヨノジャンボリー,2022106243,349,3,119.0,3.0,134.0,11.0,30,30,367, ,20260906,中山,9,浦安特別
2026090606040209,12,ジャスパーソレイユ,2022110111,350,4,119.0,3.0,127.0,5.0,  ,  ,355,1,20260906,中山,9,浦安特別
2026090606040209,13,キタノライブリー,2022106471,360, ,120.0,5.0,127.0,5.0,  ,30,361,5,20260906,中山,9,浦安特別
2026090606040209,14,イノキ,2022100757,356, ,123.0,13.0,138.0,13.0,  ,15,355,1,20260906,中山,9,浦安特別
2026090606040209,15,サードウインド,2022104546,351,7,121.0,8.0,131.0,9.0,  ,30,370, ,20260906,中山,9,浦安特別
2026090606040209,16,ドントゥザムーン,2022101863,354,8,121.0,8.0,124.0,3.0,30,  ,366, ,20260906,中山,9,浦安特別
2026090606040210,1,フォルテム,2022103042,338,3,122.0,3.0,128.0,4.0,50,  ,341,4,20260906,中山,10,セプテンバーＳ
2026090606040210,2,メイショウピース,2020106901,344, ,122.0,3.0,131.0,6.0,  ,50,342, ,20260906,中山,10,セプテンバーＳ
2026090606040210,3,トーセントラム,2020102535,345, ,126.0,9.0,132.0,7.0,  ,30,341,4,20260906,中山,10,セプテンバーＳ
2026090606040210,4,マックアルイーン,2022110014,342, ,122.0,3.0,128.0,4.0,30,  ,347, ,20260906,中山,10,セプテンバーＳ
2026090606040210,5,フクチャンショウ,2023103418,354, ,125.0,8.0,139.0,9.0,  ,30,334,1,20260906,中山,10,セプテンバーＳ
2026090606040210,6,パクスロマーナ,2020104616,331,1,118.0,1.0,119.0,1.0,15,  ,349, ,20260906,中山,10,セプテンバーＳ
2026090606040210,7,ルーフ,2020104194,340,4,120.0,2.0,123.0,2.0,50,50,336,3,20260906,中山,10,セプテンバーＳ
2026090606040210,8,カーヌスティ,2022103639,337,2,122.0,3.0,123.0,2.0,30,30,343, ,20260906,中山,10,セプテンバーＳ
2026090606040210,9,ポッドロワール,2022101573,353, ,122.0,3.0,133.0,8.0,  ,30,334,1,20260906,中山,10,セプテンバーＳ
2026090606040211,1,ジワタネホ,2023107165,378, ,140.0,11.0,140.0,10.0,  ,50,344, ,20260906,中山,11,紫苑Ｓ
2026090606040211,2,サムシングスイート,2023106219,362, ,133.0,10.0,133.0,7.0,50,15,329,1,20260906,中山,11,紫苑Ｓ
2026090606040211,3,リアライズルミナス,2023104830,357, ,127.0,6.0,128.0,4.0,15,  ,335,3,20260906,中山,11,紫苑Ｓ
2026090606040211,4,マスターソアラ,2023106810,355,4,128.0,8.0,128.0,4.0,  ,30,329,1,20260906,中山,11,紫苑Ｓ
2026090606040211,5,ファムクラジューズ,2023106433,349,1,128.0,8.0,135.0,9.0,30,  ,341, ,20260906,中山,11,紫苑Ｓ
2026090606040211,6,アストリル,2023101591,360, ,127.0,6.0,133.0,7.0,  ,30,340, ,20260906,中山,11,紫苑Ｓ
2026090606040211,7,ロングトールサリー,2023106995,359, ,126.0,4.0,126.0,2.0,30,  ,341, ,20260906,中山,11,紫苑Ｓ
2026090606040211,8,ナイスプレーアスク,2023105420,351,3,120.0,1.0,120.0,1.0,15,50,339,5,20260906,中山,11,紫苑Ｓ
2026090606040211,9,ドリームコア,2023107146,350,2,124.0,2.0,131.0,6.0,  ,  ,339,5,20260906,中山,11,紫苑Ｓ
2026090606040211,10,ジッピーチューン,2023103434,355,4,125.0,3.0,140.0,10.0,  ,15,337,4,20260906,中山,11,紫苑Ｓ
2026090606040211,11,ベンヴェヌータ,2023103446,360, ,126.0,4.0,126.0,2.0,15,50,339,5,20260906,中山,11,紫苑Ｓ
2026090606040212,1,ダイユウヴェンティ,2023105102,341,5,125.0,12.0,125.0,6.0,50,15,345,7,20260906,中山,12,
2026090606040212,2,ファインサマーデイ,2023101169,338,3,120.0,5.0,121.0,1.0,15,  ,347, ,20260906,中山,12,
2026090606040212,3,アイムインディ,2023105263,347, ,118.0,1.0,128.0,9.0,50,30,344,5,20260906,中山,12,
2026090606040212,4,ブライティアブーケ,2022102465,336,2,119.0,2.0,125.0,6.0,50,50,347, ,20260906,中山,12,
2026090606040212,5,ルシェロアズーリ,2022105996,335,1,119.0,2.0,123.0,2.0,15,  ,353, ,20260906,中山,12,
2026090606040212,6,ホウオウショコラ,2022101108,344,7,122.0,7.0,123.0,2.0,15,  ,347, ,20260906,中山,12,
2026090606040212,7,カシオペア,2022106203,346, ,125.0,12.0,125.0,6.0,30,15,333,1,20260906,中山,12,
2026090606040212,8,ジュエルドレーサー,2021100478,344,7,124.0,11.0,130.0,11.0,  ,15,343,4,20260906,中山,12,
2026090606040212,9,カイトグート,2021106308,345, ,123.0,8.0,123.0,2.0,50,50,340,2,20260906,中山,12,
2026090606040212,10,マイネルユーゲント,2023100143,338,3,119.0,2.0,123.0,2.0,15,  ,355, ,20260906,中山,12,
2026090606040212,11,ラエトゥス,2023106845,362, ,128.0,15.0,137.0,15.0,  ,  ,368, ,20260906,中山,12,
2026090606040212,12,メーゼ,2023106176,349, ,123.0,8.0,129.0,10.0,  ,  ,345,7,20260906,中山,12,
2026090606040212,13,ココボロ,2021106419,348, ,129.0,16.0,140.0,16.0,  ,15,340,2,20260906,中山,12,
2026090606040212,14,ヴィヴァラリス,2022102749,359, ,127.0,14.0,131.0,13.0,  ,  ,356, ,20260906,中山,12,
2026090606040212,15,クラディスティーナ,2023100796,349, ,123.0,8.0,130.0,11.0,  ,  ,352, ,20260906,中山,12,
2026090606040212,16,エバーラスト,2023104764,343,6,120.0,5.0,132.0,14.0,  ,  ,344,5,20260906,中山,12,
2026090609040201,1,ルースソラール,2024107063,362,5,130.0,5.0,132.0,7.0,  ,15,335,3,20260906,阪神,1,
2026090609040201,2,グルード,2024101155,386, ,135.0,9.0,135.0,9.0,  ,  ,333,2,20260906,阪神,1,
2026090609040201,3,ニクスルーナ,2024106712,366, ,131.0,7.0,131.0,6.0,30,  ,354, ,20260906,阪神,1,
2026090609040201,4,マッセート,2024102172,359,3,132.0,8.0,132.0,7.0,  ,30,338,4,20260906,阪神,1,
2026090609040201,5,テラレガル,2024101678,386, ,136.0,10.0,136.0,10.0,  ,15,326,1,20260906,阪神,1,
2026090609040201,6,エイダンバローズ,2024100451,364, ,129.0,3.0,129.0,3.0,50,50,346, ,20260906,阪神,1,
2026090609040201,7,スマートメモリー,2024104520,349,2,123.0,1.0,125.0,2.0,30,30,340,5,20260906,阪神,1,
2026090609040201,8,シュプレヒコール,2024105437,367, ,130.0,5.0,130.0,5.0,15,50,341, ,20260906,阪神,1,
2026090609040201,9,ヤマニンアルセド,2024103425,361,4,129.0,3.0,129.0,3.0,  ,30,351, ,20260906,阪神,1,
2026090609040201,10,アンドヴェローナ,2024107153,344,1,123.0,1.0,123.0,1.0,30,  ,   , ,20260906,阪神,1,
2026090609040202,1,ミスジェイド,2023104199,351,2,121.0,4.0,130.0,11.0,  ,50,369,3,20260906,阪神,2,
2026090609040202,2,アルムアポジェ,2023104328,354,6,122.0,6.0,123.0,3.0,30,  ,360,1,20260906,阪神,2,
2026090609040202,3,メイショウピュルテ,2023104818,   , ,120.0,1.0,120.0,1.0,30,  ,   , ,20260906,阪神,2,
2026090609040202,4,ユウトザイシン,2023101700,365, ,127.0,12.0,135.0,15.0,  ,30,370,4,20260906,阪神,2,
2026090609040202,5,マイベスティー,2023103250,349,1,122.0,6.0,132.0,13.0,30,50,375,8,20260906,阪神,2,
2026090609040202,6,パスリヤージュ,2023103339,381, ,145.0,16.0,145.0,16.0,  ,  ,400, ,20260906,阪神,2,
2026090609040202,7,リアライズステラ,2023103706,369, ,133.0,15.0,133.0,14.0,30,  ,409, ,20260906,阪神,2,
2026090609040202,8,ナムラロダン,2023106223,353,5,120.0,1.0,127.0,7.0,30,50,373,6,20260906,阪神,2,
2026090609040202,9,エバイダンス,2023104397,356, ,122.0,6.0,128.0,9.0,50,  ,374,7,20260906,阪神,2,
2026090609040202,10,ラッキーヴォーグ,2023105657,352,4,121.0,4.0,124.0,4.0,30,  ,382, ,20260906,阪神,2,
2026090609040202,11,サカトクフェイス,2023101898,354,6,125.0,11.0,125.0,6.0,30,  ,383, ,20260906,阪神,2,
2026090609040202,12,アンガーザガール,2023106856,   , ,122.0,6.0,129.0,10.0,50,15,   , ,20260906,阪神,2,
2026090609040202,13,ガルディエンヌ,2023106926,355, ,127.0,12.0,127.0,7.0,15,  ,376, ,20260906,阪神,2,
2026090609040202,14,ペプチドアロン,2023102022,354,6,124.0,10.0,124.0,4.0,50,30,360,1,20260906,阪神,2,
2026090609040202,15,ペコリズム,2023106339,354,6,128.0,14.0,131.0,12.0,  ,30,372,5,20260906,阪神,2,
2026090609040202,16,マカロンブルー,2023104965,351,2,120.0,1.0,120.0,1.0,15,  ,388, ,20260906,阪神,2,
2026090609040203,1,キミガスキダ,2023100605,378, ,130.0,8.0,134.0,6.0,  ,15,383,5,20260906,阪神,3,
2026090609040203,2,キタノトレボーネ,2023100664,377, ,137.0,14.0,140.0,11.0,50,50,375,1,20260906,阪神,3,
2026090609040203,3,カセノコンコルド,2023100541,379, ,125.0,3.0,,,  ,  ,386, ,20260906,阪神,3,
2026090609040203,4,レッドセドナ,2023103382,371,4,130.0,8.0,134.0,6.0,30,  ,385,7,20260906,阪神,3,
2026090609040203,5,ジーティーピカソ,2023102092,381, ,125.0,3.0,142.0,13.0,50,30,382,4,20260906,阪神,3,
2026090609040203,6,ニシノエビガタメ,2023106271,395, ,133.0,13.0,147.0,14.0,  ,15,376,2,20260906,阪神,3,
2026090609040203,7,ソニックブーム,2023102008,   , ,126.0,6.0,128.0,2.0,15,  ,   , ,20260906,阪神,3,
2026090609040203,8,フォーシーファイン,2023105316,374,6,131.0,10.0,134.0,6.0,50,  ,397, ,20260906,阪神,3,
2026090609040203,9,ジューンマーチ,2023101848,375,7,128.0,7.0,137.0,10.0,  ,30,383,5,20260906,阪神,3,
2026090609040203,10,ジャスティンアポロ,2023101838,367,3,125.0,3.0,125.0,1.0,15,  ,413, ,20260906,阪神,3,
2026090609040203,11,セキゾウ,2023105030,390, ,141.0,15.0,141.0,12.0,  ,  ,405, ,20260906,阪神,3,
2026090609040203,12,フルドフォルク,2023101491,359,1,121.0,1.0,131.0,3.0,  ,  ,379,3,20260906,阪神,3,
2026090609040203,13,ゼランテ,2023104399,372,5,132.0,11.0,136.0,9.0,  ,  ,391, ,20260906,阪神,3,
2026090609040203,14,アラムシャピラス,2023105683,376, ,124.0,2.0,131.0,3.0,15,50,390, ,20260906,阪神,3,
2026090609040203,15,アスクハッピーマン,2023103190,366,2,132.0,11.0,132.0,5.0,30,  ,393, ,20260906,阪神,3,
2026090609040204,1,ロールスワン,2023105805,365, ,139.0,14.0,139.0,12.0,  ,  ,342, ,20260906,阪神,4,
2026090609040204,2,ディアーモルタル,2023107125,345,2,132.0,11.0,132.0,5.0,30,  ,339,5,20260906,阪神,4,
2026090609040204,3,ティタノマキア,2023107092,353,5,123.0,3.0,131.0,3.0,15,50,332,1,20260906,阪神,4,
2026090609040204,4,パンキー,2023102310,369, ,129.0,8.0,137.0,10.0,  ,15,339,5,20260906,阪神,4,
2026090609040204,5,レイワノキセキ,2023102718,367, ,128.0,7.0,141.0,14.0,  ,  ,366, ,20260906,阪神,4,
2026090609040204,6,フィールライクユー,2023106157,360, ,127.0,6.0,139.0,12.0,  ,  ,346, ,20260906,阪神,4,
2026090609040204,7,ドットカモン,2023104773,360, ,131.0,10.0,137.0,10.0,  ,50,341, ,20260906,阪神,4,
2026090609040204,8,オーマイラッキーン,2023102060,351,4,121.0,1.0,128.0,1.0,50,50,341, ,20260906,阪神,4,
2026090609040204,9,ミッキーギャラン,2023105343,   , ,,,,,  ,  ,   , ,20260906,阪神,4,
2026090609040204,10,グリミスティ,2023101308,340,1,123.0,3.0,128.0,1.0,15,  ,346, ,20260906,阪神,4,
2026090609040204,11,ライツェントライゼ,2023106414,359,8,126.0,5.0,131.0,3.0,  ,50,340,8,20260906,阪神,4,
2026090609040204,12,ウィスピア,2023102384,361, ,130.0,9.0,133.0,6.0,50,30,335,2,20260906,阪神,4,
2026090609040204,13,インヴァイト,2023101748,374, ,141.0,15.0,141.0,14.0,  ,  ,339,5,20260906,阪神,4,
2026090609040204,14,ヴェルサイユシエル,2023103199,355,7,134.0,13.0,134.0,9.0,  ,  ,342, ,20260906,阪神,4,
2026090609040204,15,クロスボーダー,2023106982,353,5,122.0,2.0,133.0,6.0,50,50,335,2,20260906,阪神,4,
2026090609040204,16,ノチェブエナ,2023103708,347,3,133.0,12.0,133.0,6.0,  ,15,338,4,20260906,阪神,4,
2026090609040205,1,リスグロワール,2024106690,   , ,,,,,  ,  ,   , ,20260906,阪神,5,
2026090609040205,2,エモティコン,2024106879,   , ,,,,,  ,  ,   , ,20260906,阪神,5,
2026090609040205,3,マーゴットプレ,2024100419,   , ,,,,,  ,  ,   , ,20260906,阪神,5,
2026090609040205,4,ガヤーズアモーレ,2024106333,   , ,,,,,  ,  ,   , ,20260906,阪神,5,
2026090609040205,5,アストラルライト,2024106612,   , ,,,,,  ,  ,   , ,20260906,阪神,5,
2026090609040205,6,シーグロリオーゾ,2024106742,   , ,,,,,  ,  ,   , ,20260906,阪神,5,
2026090609040205,7,ルージュムーサ,2024101940,   , ,,,,,  ,  ,   , ,20260906,阪神,5,
2026090609040205,8,ロードメガロポリス,2024105312,   , ,,,,,  ,  ,   , ,20260906,阪神,5,
2026090609040205,9,ハートノート,2024106226,   , ,,,,,  ,  ,   , ,20260906,阪神,5,
2026090609040205,10,レイディアントサン,2024102372,   , ,,,,,  ,  ,   , ,20260906,阪神,5,
2026090609040206,1,フェルシナ,2022105831,   , ,125.0,4.0,130.0,2.0,30,  ,   , ,20260906,阪神,6,
2026090609040206,2,ヴェントステラーレ,2022104558,377, ,130.0,10.0,138.0,9.0,  ,  ,397, ,20260906,阪神,6,
2026090609040206,3,ルルフィーユ,2021102894,386, ,125.0,4.0,142.0,11.0,50,50,392, ,20260906,阪神,6,
2026090609040206,4,アルビオン,2023103150,382, ,134.0,12.0,134.0,5.0,  ,30,382,6,20260906,阪神,6,
2026090609040206,5,インマイポケット,2021105466,   , ,124.0,2.0,142.0,11.0,  ,15,   , ,20260906,阪神,6,
2026090609040206,6,ガールズデイアウト,2022101706,372,3,131.0,11.0,137.0,7.0,50,50,373,3,20260906,阪神,6,
2026090609040206,7,マクノス,2023102252,368,2,126.0,6.0,132.0,4.0,  ,30,385, ,20260906,阪神,6,
2026090609040206,8,アリストクラシア,2021105238,376,5,128.0,8.0,135.0,6.0,50,50,365,1,20260906,阪神,6,
2026090609040206,9,シュネルアンジュ,2023102948,373,4,124.0,2.0,128.0,1.0,  ,15,376,4,20260906,阪神,6,
2026090609040206,10,ザラタン,2022107342,353,1,122.0,1.0,137.0,7.0,30,  ,371,2,20260906,阪神,6,
2026090609040206,11,ガイラルディア,2022103623,385, ,128.0,8.0,140.0,10.0,  ,50,380,5,20260906,阪神,6,
2026090609040206,12,ミティリーニ,2023107262,376,5,126.0,6.0,131.0,3.0,  ,  ,384, ,20260906,阪神,6,
2026090609040207,1,エレガンスアスク,2023106399,352,5,129.0,13.0,136.0,13.0,50,50,337,4,20260906,阪神,7,
2026090609040207,2,コマチチャン,2023106086,359, ,124.0,3.0,130.0,7.0,  ,  ,373, ,20260906,阪神,7,
2026090609040207,3,マゲバスピード,2023105250,336,1,125.0,5.0,128.0,4.0,15,50,351, ,20260906,阪神,7,
2026090609040207,4,バースデイフライト,2023102906,360, ,125.0,5.0,135.0,11.0,15,30,328,1,20260906,阪神,7,
2026090609040207,5,ムーンライトラガー,2022104710,360, ,127.0,11.0,131.0,9.0,  ,50,337,4,20260906,阪神,7,
2026090609040207,6,リガーレ,2022104556,356,7,123.0,1.0,134.0,10.0,50,30,346, ,20260906,阪神,7,
2026090609040207,7,アイガーリー,2023103474,355,6,126.0,7.0,126.0,1.0,30,50,332,3,20260906,阪神,7,
2026090609040207,8,ビーチェマーレ,2023107140,347,4,124.0,3.0,126.0,1.0,50,50,341,7,20260906,阪神,7,
2026090609040207,9,プチプランス,2022101565,359, ,126.0,7.0,128.0,4.0,30,  ,330,2,20260906,阪神,7,
2026090609040207,10,ベイリークロア,2022104919,356,7,127.0,11.0,135.0,11.0,50,  ,344, ,20260906,阪神,7,
2026090609040207,11,マイコンチェルト,2023107118,362, ,132.0,14.0,136.0,13.0,  ,  ,365, ,20260906,阪神,7,
2026090609040207,12,ファニーバニー,2023105277,344,2,123.0,1.0,130.0,7.0,15,  ,349, ,20260906,阪神,7,
2026090609040207,13,ロードレジェロ,2022101263,357, ,126.0,7.0,126.0,1.0,15,30,347, ,20260906,阪神,7,
2026090609040207,14,ベネサルート,2023106833,346,3,126.0,7.0,128.0,4.0,  ,50,339,6,20260906,阪神,7,
2026090609040208,1,テーオーアルアイン,2023105241,365, ,122.0,2.0,133.0,6.0,  ,15,327,1,20260906,阪神,8,武田尾特別
2026090609040208,2,ストップザタイム,2019101873,350,1,124.0,3.0,130.0,4.0,15,  ,347, ,20260906,阪神,8,武田尾特別
2026090609040208,3,ツーネサーン,2021105584,350,1,118.0,1.0,128.0,2.0,  ,  ,334, ,20260906,阪神,8,武田尾特別
2026090609040208,4,ダノンカゼルタ,2022104719,363, ,126.0,5.0,126.0,1.0,30,50,357, ,20260906,阪神,8,武田尾特別
2026090609040208,5,ショウナンバルドル,2022104590,363, ,125.0,4.0,137.0,7.0,  ,15,327,1,20260906,阪神,8,武田尾特別
2026090609040208,6,バルセシート,2023107241,354, ,130.0,7.0,131.0,5.0,50,50,332,3,20260906,阪神,8,武田尾特別
2026090609040208,7,クイックバイオ,2021105374,353,3,126.0,5.0,129.0,3.0,15,50,335, ,20260906,阪神,8,武田尾特別
2026090609040209,1,タイセイサーブル,2023104674,363,3,127.0,7.0,134.0,6.0,  ,  ,361,2,20260906,阪神,9,
2026090609040209,2,メイショウサッソウ,2023101953,364,5,126.0,5.0,137.0,8.0,30,30,379, ,20260906,阪神,9,
2026090609040209,3,ボーントゥウォリア,2023102082,377, ,139.0,16.0,139.0,12.0,  ,15,373,6,20260906,阪神,9,
2026090609040209,4,ロードヴェリタス,2023105821,377, ,131.0,13.0,137.0,8.0,30,30,375,8,20260906,阪神,9,
2026090609040209,5,ドウジャスティ,2022110149,366,6,131.0,13.0,136.0,7.0,15,  ,383, ,20260906,阪神,9,
2026090609040209,6,アスクチャンスマン,2023106403,375, ,130.0,12.0,139.0,12.0,  ,15,356,1,20260906,阪神,9,
2026090609040209,7,ドメイン,2023105445,355,1,125.0,4.0,133.0,4.0,15,30,373,6,20260906,阪神,9,
2026090609040209,8,エイユーファイヤー,2022102710,373, ,128.0,11.0,140.0,14.0,  ,30,375,8,20260906,阪神,9,
2026090609040209,9,ゼンノゾンターク,2023104605,370, ,126.0,5.0,,,50,50,383, ,20260906,阪神,9,
2026090609040209,10,ブラックレジェンド,2023100297,355,1,120.0,1.0,131.0,3.0,15,50,386, ,20260906,阪神,9,
2026090609040209,11,アメリカンコール,2023106867,369, ,127.0,7.0,127.0,1.0,50,30,365,3,20260906,阪神,9,
2026090609040209,12,レーンアジリティ,2022107325,366,6,122.0,2.0,142.0,15.0,  ,  ,368,5,20260906,阪神,9,
2026090609040209,13,ミランド,2023102836,366,6,132.0,15.0,137.0,8.0,  ,15,375,8,20260906,阪神,9,
2026090609040209,14,パイオニアスクエア,2022105367,374, ,127.0,7.0,130.0,2.0,15,15,391, ,20260906,阪神,9,
2026090609040209,15,ケイアイアマゾン,2023105762,363,3,127.0,7.0,137.0,8.0,  ,15,366,4,20260906,阪神,9,
2026090609040209,16,スターチスブーケ,2021110075,378, ,122.0,2.0,133.0,4.0,  ,50,391, ,20260906,阪神,9,
2026090609040210,1,ボディブロー,2021110057,354,6,122.0,9.0,129.0,6.0,50,50,364, ,20260906,阪神,10,オークランドサラブレッドレーシングＴ
2026090609040210,2,ランウインディ,2021106305,356, ,121.0,6.0,129.0,6.0,30,30,365, ,20260906,阪神,10,オークランドサラブレッドレーシングＴ
2026090609040210,3,ビバップ,2021102700,338,1,119.0,2.0,122.0,1.0,15,  ,377, ,20260906,阪神,10,オークランドサラブレッドレーシングＴ
2026090609040210,4,ヨリノレジェンド,2022102202,362, ,126.0,12.0,130.0,9.0,  ,15,351,2,20260906,阪神,10,オークランドサラブレッドレーシングＴ
2026090609040210,5,テーオーグレーザー,2023104562,357, ,123.0,10.0,124.0,3.0,30,15,361,6,20260906,阪神,10,オークランドサラブレッドレーシングＴ
2026090609040210,6,イミュータブル,2020104346,350,4,120.0,3.0,132.0,12.0,  ,  ,370, ,20260906,阪神,10,オークランドサラブレッドレーシングＴ
2026090609040210,7,ワークソング,2021102462,351,5,120.0,3.0,129.0,6.0,  ,50,364, ,20260906,阪神,10,オークランドサラブレッドレーシングＴ
2026090609040210,8,エムズマインド,2020101641,358, ,126.0,12.0,127.0,5.0,  ,30,348,1,20260906,阪神,10,オークランドサラブレッドレーシングＴ
2026090609040210,9,メイショウヤーキス,2021102573,344,2,121.0,6.0,126.0,4.0,15,  ,370, ,20260906,阪神,10,オークランドサラブレッドレーシングＴ
2026090609040210,10,ウルスクローム,2022103630,356, ,125.0,11.0,131.0,11.0,  ,15,359,5,20260906,阪神,10,オークランドサラブレッドレーシングＴ
2026090609040210,11,スペシャルナンバー,2019103825,358, ,120.0,3.0,136.0,13.0,  ,30,355,3,20260906,阪神,10,オークランドサラブレッドレーシングＴ
2026090609040210,12,ライジン,2020107082,354,6,121.0,6.0,130.0,9.0,  ,30,357,4,20260906,阪神,10,オークランドサラブレッドレーシングＴ
2026090609040210,13,クリノオリーブ,2021102259,346,3,118.0,1.0,123.0,2.0,30,  ,367, ,20260906,阪神,10,オークランドサラブレッドレーシングＴ
2026090609040211,1,ママコチャ,2019105394,344, ,118.0,6.0,,,  ,  ,332,4,20260906,阪神,11,産経賞セントウルＳ
2026090609040211,2,クラスペディア,2022106394,326,1,116.0,2.0,117.0,1.0,15,  ,345, ,20260906,阪神,11,産経賞セントウルＳ
2026090609040211,3,フリッカージャブ,2022102020,331,3,117.0,4.0,120.0,3.0,15,  ,342, ,20260906,阪神,11,産経賞セントウルＳ
2026090609040211,4,ティニア,2020110090,344, ,123.0,13.0,127.0,10.0,  ,50,335,5,20260906,阪神,11,産経賞セントウルＳ
2026090609040211,5,ダイヤモンドノット,2023105685,340, ,118.0,6.0,126.0,8.0,50,50,335,5,20260906,阪神,11,産経賞セントウルＳ
2026090609040211,6,プロトポロス,2020103325,337,7,119.0,8.0,127.0,10.0,50,50,335,5,20260906,阪神,11,産経賞セントウルＳ
2026090609040211,7,メイショウヨゾラ,2021101580,344, ,121.0,11.0,124.0,6.0,30,  ,340, ,20260906,阪神,11,産経賞セントウルＳ
2026090609040211,8,ファストネットワー,2020190007,   , ,,,,,  ,  ,   , ,20260906,阪神,11,産経賞セントウルＳ
2026090609040211,9,ピューロマジック,2021107058,327,2,114.0,1.0,117.0,1.0,15,15,338, ,20260906,阪神,11,産経賞セントウルＳ
2026090609040211,10,ヤブサメ,2021103116,358, ,123.0,13.0,138.0,14.0,  ,30,329,1,20260906,阪神,11,産経賞セントウルＳ
2026090609040211,11,ヨシノイースター,2018106055,334,5,116.0,2.0,124.0,6.0,  ,30,331,3,20260906,阪神,11,産経賞セントウルＳ
2026090609040211,12,レッドモンレーヴ,2019105496,340, ,125.0,15.0,133.0,13.0,  ,30,329,1,20260906,阪神,11,産経賞セントウルＳ
2026090609040211,13,カルプスペルシュ,2022104960,340, ,119.0,8.0,120.0,3.0,30,  ,338, ,20260906,阪神,11,産経賞セントウルＳ
2026090609040211,14,タマモブラックタイ,2020105400,337,7,117.0,4.0,127.0,10.0,  ,  ,340, ,20260906,阪神,11,産経賞セントウルＳ
2026090609040211,15,ビッグシーザー,2020100896,333,4,120.0,10.0,122.0,5.0,  ,30,341, ,20260906,阪神,11,産経賞セントウルＳ
2026090609040211,16,タマモイカロス,2023103162,336,6,121.0,11.0,126.0,8.0,  ,15,336,8,20260906,阪神,11,産経賞セントウルＳ
2026090609040212,1,モカラマーズ,2022103609,362, ,124.0,12.0,131.0,12.0,  ,30,362, ,20260906,阪神,12,
2026090609040212,2,ヴリトラハン,2022105302,355,8,122.0,7.0,126.0,7.0,30,  ,357,1,20260906,阪神,12,
2026090609040212,3,ミルミナーヴァ,2021106332,344,1,120.0,2.0,122.0,2.0,30,30,376, ,20260906,阪神,12,
2026090609040212,4,ザックザク,2022100476,357, ,124.0,12.0,129.0,10.0,  ,50,361,7,20260906,阪神,12,
2026090609040212,5,スーパージョック,2022103733,359, ,125.0,15.0,130.0,11.0,  ,30,358,4,20260906,阪神,12,
2026090609040212,6,ダイシンリンク,2022106699,364, ,123.0,10.0,135.0,14.0,  ,15,357,1,20260906,阪神,12,
2026090609040212,7,ポッドドンナー,2022100018,360, ,124.0,12.0,137.0,15.0,  ,  ,357,1,20260906,阪神,12,
2026090609040212,8,アリエスキング,2021101468,359, ,125.0,15.0,125.0,5.0,50,15,369, ,20260906,阪神,12,
2026090609040212,9,タマモナポリ,2021106177,359, ,121.0,4.0,132.0,13.0,30,  ,359,5,20260906,阪神,12,
2026090609040212,10,ピカラ,2023103876,353,6,121.0,4.0,121.0,1.0,30,30,369, ,20260906,阪神,12,
2026090609040212,11,ボルセーナ,2022105600,354,7,120.0,2.0,127.0,8.0,  ,  ,365, ,20260906,阪神,12,
2026090609040212,12,フェスティヴドレス,2023101113,352,5,123.0,10.0,125.0,5.0,  ,30,368, ,20260906,阪神,12,
2026090609040212,13,フェンダー,2021105753,358, ,122.0,7.0,137.0,15.0,  ,  ,360,6,20260906,阪神,12,
2026090609040212,14,モンシェリ,2021102399,350,2,121.0,4.0,127.0,8.0,50,  ,362, ,20260906,阪神,12,
2026090609040212,15,ランスオブセヘル,2021102754,351,4,119.0,1.0,123.0,3.0,50,  ,369, ,20260906,阪神,12,
2026090609040212,16,モズタチアガレ,2022106010,350,2,122.0,7.0,124.0,4.0,30,  ,361,7,20260906,阪神,12,
2026091206040301,1,ゼラニウム,2024101169,   , ,138.0,9.0,138.0,8.0,  ,  ,   , ,20260912,中山,1,未勝利*
2026091206040301,2,ソラニワラエバ,2024101481,   , ,130.0,1.0,130.0,1.0,50,  ,   , ,20260912,中山,1,未勝利*
2026091206040301,3,ハイトラクション,2024104937,383,3,136.0,8.0,136.0,6.0,  ,  ,395,4,20260912,中山,1,未勝利*
2026091206040301,4,シャイニーヒーロー,2024101323,   , ,131.0,3.0,134.0,5.0,50,  ,   , ,20260912,中山,1,未勝利*
2026091206040301,5,ハチキンキリシマ,2024103969,   , ,133.0,6.0,133.0,4.0,  ,  ,   , ,20260912,中山,1,未勝利*
2026091206040301,6,ナムラダックス,2024101876,381,2,134.0,7.0,137.0,7.0,  ,  ,411,6,20260912,中山,1,未勝利*
2026091206040301,7,グラスクラージュ,2024104494,371,1,131.0,3.0,131.0,2.0,  ,  ,393,3,20260912,中山,1,未勝利*
2026091206040301,8,ヴィシーチェック,2024105829,419,6,141.0,10.0,141.0,10.0,  ,15,387,1,20260912,中山,1,未勝利*
2026091206040301,9,サクセスボーイ,2024101195,387,4,130.0,1.0,139.0,9.0,30,30,392,2,20260912,中山,1,未勝利*
2026091206040301,10,マジックファイト,2024104660,   , ,141.0,10.0,141.0,10.0,  ,  ,   , ,20260912,中山,1,未勝利*
2026091206040301,11,イキフン,2024101560,   , ,132.0,5.0,132.0,3.0,50,  ,   , ,20260912,中山,1,未勝利*
2026091206040301,12,ニシノマキロイ,2024103935,400,5,143.0,12.0,143.0,12.0,  ,  ,409,5,20260912,中山,1,未勝利*
2026091206040302,1,プレママドンナ,2024105769,387, ,133.0,5.0,133.0,4.0,50,30,336,1,20260912,中山,2,未勝利*
2026091206040302,2,イントゥーザブルー,2024102763,368, ,130.0,3.0,130.0,3.0,15,50,358, ,20260912,中山,2,未勝利*
2026091206040302,3,コスモデュアリズム,2024105344,383, ,137.0,10.0,137.0,10.0,  ,  ,359, ,20260912,中山,2,未勝利*
2026091206040302,4,モーモーゼロ,2024102066,366,5,133.0,5.0,135.0,7.0,  ,15,350,4,20260912,中山,2,未勝利*
2026091206040302,5,ヒズストーリー,2024102844,382, ,138.0,12.0,138.0,12.0,  ,  ,363, ,20260912,中山,2,未勝利*
2026091206040302,6,マーズワース,2024102809,366,5,134.0,7.0,134.0,5.0,  ,15,341,3,20260912,中山,2,未勝利*
2026091206040302,7,コスモティタノ,2024102727,362,2,129.0,2.0,129.0,2.0,50,50,356, ,20260912,中山,2,未勝利*
2026091206040302,8,アミノショコラ,2024100830,365,3,132.0,4.0,135.0,7.0,  ,50,354,6,20260912,中山,2,未勝利*
2026091206040302,9,ヨドノプレミアム,2024102735,360,1,126.0,1.0,126.0,1.0,15,  ,351,5,20260912,中山,2,未勝利*
2026091206040302,10,アイファーマーリン,2024105215,390, ,137.0,10.0,137.0,10.0,  ,15,336,1,20260912,中山,2,未勝利*
2026091206040302,11,スピカテソーロ,2024101273,365,3,136.0,9.0,136.0,9.0,  ,  ,364, ,20260912,中山,2,未勝利*
2026091206040302,12,ビシット,2024103788,381, ,134.0,7.0,134.0,5.0,50,  ,378, ,20260912,中山,2,未勝利*
2026091206040303,1,ミクロスギガース,2023102931,   , ,127.0,11.0,132.0,13.0,  ,50,   , ,20260912,中山,3,未勝利
2026091206040303,2,セイウンヤオヨロズ,2023100006,340,1,118.0,2.0,118.0,1.0,15,  ,380, ,20260912,中山,3,未勝利
2026091206040303,3,ジャメビュ,2023102401,358,7,126.0,10.0,127.0,7.0,  ,15,370,1,20260912,中山,3,未勝利
2026091206040303,4,フレンチブラッサム,2023105062,375, ,124.0,8.0,130.0,11.0,30,  ,386, ,20260912,中山,3,未勝利
2026091206040303,5,ツクバヴァンガード,2023101037,352,5,117.0,1.0,129.0,9.0,30,  ,370,1,20260912,中山,3,未勝利
2026091206040303,6,スマートレイナ,2023106000,341,2,119.0,3.0,119.0,2.0,30,  ,370,1,20260912,中山,3,未勝利
2026091206040303,7,チェストー,2023100770,359,8,129.0,13.0,,,30,  ,375,7,20260912,中山,3,未勝利
2026091206040303,8,ハングローズ,2023102122,344,3,120.0,4.0,120.0,3.0,30,  ,370,1,20260912,中山,3,未勝利
2026091206040303,9,エリースノー,2023103226,354,6,124.0,8.0,127.0,7.0,30,15,372,6,20260912,中山,3,未勝利
2026091206040303,10,ジーティーニッツァ,2023106331,359,8,121.0,5.0,126.0,6.0,30,  ,375,7,20260912,中山,3,未勝利
2026091206040303,11,トリエンナーレ,2023103779,363, ,127.0,11.0,131.0,12.0,  ,  ,381, ,20260912,中山,3,未勝利
2026091206040303,12,サワエ,2023102149,   , ,,,,,  ,  ,   , ,20260912,中山,3,未勝利
2026091206040303,13,エンジェルサン,2023104484,   , ,123.0,6.0,124.0,5.0,15,  ,   , ,20260912,中山,3,未勝利
2026091206040303,14,ブルーダイヤシチー,2023100349,362, ,129.0,13.0,129.0,9.0,  ,15,370,1,20260912,中山,3,未勝利
2026091206040303,15,ミッキーサウザンド,2023107260,350,4,123.0,6.0,123.0,4.0,15,  ,385, ,20260912,中山,3,未勝利
2026091206040303,16,ポンテヴェッキオ,2023105242,380, ,136.0,15.0,146.0,14.0,  ,50,381, ,20260912,中山,3,未勝利
2026091206040304,1,クールチェンジ,2023107325,365, ,130.0,13.0,140.0,15.0,30,  ,345,5,20260912,中山,4,未勝利
2026091206040304,2,ミナヅキ,2023105449,350,2,124.0,2.0,124.0,1.0,15,50,350, ,20260912,中山,4,未勝利
2026091206040304,3,シルバープレミア,2023105576,368, ,128.0,7.0,131.0,4.0,30,30,348, ,20260912,中山,4,未勝利
2026091206040304,4,カーヴドヴァン,2023103347,363, ,137.0,17.0,138.0,13.0,  ,15,340,2,20260912,中山,4,未勝利
2026091206040304,5,モントーヤ,2023100043,358,5,128.0,7.0,139.0,14.0,  ,30,346,7,20260912,中山,4,未勝利
2026091206040304,6,グランフルス,2023102434,370, ,129.0,10.0,144.0,17.0,  ,30,347,8,20260912,中山,4,未勝利
2026091206040304,7,アンヴデット,2023107044,365, ,130.0,13.0,135.0,10.0,50,15,345,5,20260912,中山,4,未勝利
2026091206040304,8,ヤマニンリンキング,2023104359,365, ,132.0,15.0,132.0,6.0,50,  ,349, ,20260912,中山,4,未勝利
2026091206040304,9,タイキヴィグルーズ,2023102175,361,8,132.0,15.0,132.0,6.0,  ,  ,351, ,20260912,中山,4,未勝利
2026091206040304,10,ジェイエルグリーン,2023106314,352,4,124.0,2.0,131.0,4.0,15,50,355, ,20260912,中山,4,未勝利
2026091206040304,11,エリュグレイス,2023103467,362,9,126.0,5.0,142.0,16.0,50,  ,354, ,20260912,中山,4,未勝利
2026091206040304,12,ナイトバード,2023103429,368, ,129.0,10.0,133.0,8.0,50,30,342,4,20260912,中山,4,未勝利
2026091206040304,13,コスモアルペジオ,2023106461,366, ,126.0,5.0,135.0,10.0,  ,  ,347,8,20260912,中山,4,未勝利
2026091206040304,14,ウインスターリング,2023105883,350,2,128.0,7.0,135.0,10.0,15,  ,349, ,20260912,中山,4,未勝利
2026091206040304,15,イーガービーバー,2023100234,358,5,129.0,10.0,134.0,9.0,  ,30,341,3,20260912,中山,4,未勝利
2026091206040304,16,ヒシナスキロ,2023107004,358,5,124.0,2.0,124.0,1.0,30,15,335,1,20260912,中山,4,未勝利
2026091206040304,17,シェンロン,2023110053,   , ,,,,,  ,  ,   , ,20260912,中山,4,未勝利
2026091206040304,18,ベルバード,2023105331,346,1,121.0,1.0,130.0,3.0,30,  ,351, ,20260912,中山,4,未勝利
2026091206040305,1,サムワンユーラヴド,2024103627,   , ,,,,,  ,  ,   , ,20260912,中山,5,新馬
2026091206040305,2,リオンパリス,2024105119,   , ,,,,,  ,  ,   , ,20260912,中山,5,新馬
2026091206040305,3,アテナプロマコス,2024100670,   , ,,,,,  ,  ,   , ,20260912,中山,5,新馬
2026091206040305,4,ブルードロップ,2024101696,   , ,,,,,  ,  ,   , ,20260912,中山,5,新馬
2026091206040305,5,グリマルキン,2024107388,   , ,,,,,  ,  ,   , ,20260912,中山,5,新馬
2026091206040305,6,ラインディアーナ,2024100941,   , ,,,,,  ,  ,   , ,20260912,中山,5,新馬
2026091206040305,7,メイプルルビー,2024104535,   , ,,,,,  ,  ,   , ,20260912,中山,5,新馬
2026091206040305,8,サトノハクマイ,2024102281,   , ,,,,,  ,  ,   , ,20260912,中山,5,新馬
2026091206040305,9,ワンモアタイム,2024104562,   , ,,,,,  ,  ,   , ,20260912,中山,5,新馬
2026091206040305,10,オラパ,2024104110,   , ,,,,,  ,  ,   , ,20260912,中山,5,新馬
2026091206040305,11,アルレーヴ,2024106841,   , ,,,,,  ,  ,   , ,20260912,中山,5,新馬
2026091206040306,1,レーヴデリオン,2024100209,   , ,,,,,  ,  ,   , ,20260912,中山,6,新馬
2026091206040306,2,アーバーバイティ,2024102849,   , ,,,,,  ,  ,   , ,20260912,中山,6,新馬
2026091206040306,3,ジェミニディウ,2024101513,   , ,,,,,  ,  ,   , ,20260912,中山,6,新馬
2026091206040306,4,トパーズヘッド,2024101845,   , ,,,,,  ,  ,   , ,20260912,中山,6,新馬
2026091206040306,5,クリアマインド,2024103876,   , ,,,,,  ,  ,   , ,20260912,中山,6,新馬
2026091206040306,6,ミコウェイ,2024104501,   , ,,,,,  ,  ,   , ,20260912,中山,6,新馬
2026091206040306,7,ソットマツモト,2024102650,   , ,,,,,  ,  ,   , ,20260912,中山,6,新馬
2026091206040306,8,ファイアリーボルト,2024109080,   , ,,,,,  ,  ,   , ,20260912,中山,6,新馬
2026091206040306,9,ロンドンコーリング,2024102539,   , ,,,,,  ,  ,   , ,20260912,中山,6,新馬
2026091206040306,10,ゲンロクコイモヨウ,2024107057,   , ,,,,,  ,  ,   , ,20260912,中山,6,新馬
2026091206040306,11,ナイトパイロット,2024105587,   , ,,,,,  ,  ,   , ,20260912,中山,6,新馬
2026091206040306,12,ノーブルパラス,2024102707,   , ,,,,,  ,  ,   , ,20260912,中山,6,新馬
2026091206040307,1,パワポケグッド,2023106198,376, ,132.0,12.0,137.0,11.0,  ,50,389, ,20260912,中山,7,未勝利
2026091206040307,2,プロミスライン,2023104884,378, ,138.0,16.0,142.0,16.0,  ,15,381, ,20260912,中山,7,未勝利
2026091206040307,3,ゴールドプレイヤー,2023104504,374, ,128.0,6.0,132.0,2.0,30,30,379,6,20260912,中山,7,未勝利
2026091206040307,4,イントゥザウインド,2023103753,363,3,133.0,14.0,133.0,6.0,30,50,359,1,20260912,中山,7,未勝利
2026091206040307,5,ワンダーバリエンス,2023105196,352,1,124.0,3.0,125.0,1.0,50,  ,384, ,20260912,中山,7,未勝利
2026091206040307,6,マイネルトレマーズ,2023105363,375, ,124.0,3.0,132.0,2.0,50,50,385, ,20260912,中山,7,未勝利
2026091206040307,7,イーサンミラー,2023106657,372,6,123.0,2.0,132.0,2.0,30,30,376,4,20260912,中山,7,未勝利
2026091206040307,8,ユイノサダハル,2023101841,373,8,131.0,11.0,135.0,8.0,  ,30,380,7,20260912,中山,7,未勝利
2026091206040307,9,サングラント,2023106956,364,4,130.0,9.0,132.0,2.0,30,30,387, ,20260912,中山,7,未勝利
2026091206040307,10,カノープス,2023104855,382, ,134.0,15.0,136.0,10.0,50,50,383, ,20260912,中山,7,未勝利
2026091206040307,11,タカラエイティ,2023104209,359,2,129.0,8.0,135.0,8.0,  ,15,367,2,20260912,中山,7,未勝利
2026091206040307,12,ゼンノスタニング,2023104611,386, ,130.0,9.0,138.0,12.0,  ,  ,388, ,20260912,中山,7,未勝利
2026091206040307,13,レッドジェルブロワ,2023103603,372,6,128.0,6.0,140.0,15.0,  ,  ,376,4,20260912,中山,7,未勝利
2026091206040307,14,カシマライフウ,2023105439,368,5,132.0,12.0,139.0,14.0,  ,15,372,3,20260912,中山,7,未勝利
2026091206040307,15,テンカラットレター,2023104554,383, ,125.0,5.0,134.0,7.0,15,  ,380,7,20260912,中山,7,未勝利
2026091206040307,16,カーボフリオ,2023103404,386, ,119.0,1.0,138.0,12.0,  ,30,383, ,20260912,中山,7,未勝利
2026091206040308,1,ヴァルカンテソーロ,2023106744,362,3,132.0,10.0,132.0,5.0,  ,30,335,4,20260912,中山,8,１勝ｸﾗｽ
2026091206040308,2,スノーディーヴァ,2021103504,   , ,126.0,3.0,,,  ,  ,   , ,20260912,中山,8,１勝ｸﾗｽ
2026091206040308,3,チャームドウイング,2023107109,391, ,137.0,13.0,139.0,8.0,  ,  ,395, ,20260912,中山,8,１勝ｸﾗｽ
2026091206040308,4,ペネトレイトゴー,2020101916,385, ,131.0,9.0,141.0,9.0,  ,30,343,7,20260912,中山,8,１勝ｸﾗｽ
2026091206040308,5,ヤマニンヘルシェ,2023104361,360,2,129.0,6.0,129.0,1.0,15,30,341,6,20260912,中山,8,１勝ｸﾗｽ
2026091206040308,6,パーリーブラック,2020103539,383, ,124.0,2.0,141.0,9.0,  ,  ,354, ,20260912,中山,8,１勝ｸﾗｽ
2026091206040308,7,ウインターブレス,2023103521,367,7,126.0,3.0,137.0,7.0,  ,30,333,2,20260912,中山,8,１勝ｸﾗｽ
2026091206040308,8,マイネルアウルム,2022106811,367,7,126.0,3.0,131.0,4.0,30,15,332,1,20260912,中山,8,１勝ｸﾗｽ
2026091206040308,9,タイセイネクサス,2023105374,377, ,136.0,12.0,,,  ,  ,345, ,20260912,中山,8,１勝ｸﾗｽ
2026091206040308,10,ホウライブラック,2023106315,376, ,143.0,14.0,145.0,12.0,  ,  ,362, ,20260912,中山,8,１勝ｸﾗｽ
2026091206040308,11,マーゴットドライ,2023107254,364,5,129.0,6.0,129.0,1.0,30,30,339,5,20260912,中山,8,１勝ｸﾗｽ
2026091206040308,12,コスモナエマ,2023106443,350,1,123.0,1.0,129.0,1.0,15,  ,334,3,20260912,中山,8,１勝ｸﾗｽ
2026091206040308,13,ベルトラッキ,2023105552,365,6,130.0,8.0,136.0,6.0,  ,30,350, ,20260912,中山,8,１勝ｸﾗｽ
2026091206040308,14,フォンドルレール,2023103799,363,4,134.0,11.0,142.0,11.0,  ,50,349, ,20260912,中山,8,１勝ｸﾗｽ
2026091206040309,1,ホウオウシンデレラ,2021103533,360, ,126.0,11.0,132.0,8.0,  ,  ,338,5,20260912,中山,9,御宿特別･2勝
2026091206040309,2,ロケベンドラ,2022105558,351,7,127.0,13.0,128.0,4.0,15,  ,334,1,20260912,中山,9,御宿特別･2勝
2026091206040309,3,ベルビースタローン,2022106389,340,1,116.0,1.0,125.0,1.0,50,  ,350, ,20260912,中山,9,御宿特別･2勝
2026091206040309,4,エリム,2020102803,375, ,128.0,14.0,137.0,12.0,  ,  ,345, ,20260912,中山,9,御宿特別･2勝
2026091206040309,5,オーロラアーク,2019102186,366, ,124.0,5.0,134.0,9.0,  ,  ,361, ,20260912,中山,9,御宿特別･2勝
2026091206040309,6,マルカオペラ,2021104978,350,5,124.0,5.0,135.0,11.0,  ,  ,351, ,20260912,中山,9,御宿特別･2勝
2026091206040309,7,レイユール,2022101464,349,2,123.0,3.0,129.0,7.0,30,30,341, ,20260912,中山,9,御宿特別･2勝
2026091206040309,8,ミーントゥビー,2022105317,350,5,125.0,8.0,139.0,14.0,30,15,338,5,20260912,中山,9,御宿特別･2勝
2026091206040309,9,イブニングタイド,2022105232,356, ,126.0,11.0,138.0,13.0,  ,  ,352, ,20260912,中山,9,御宿特別･2勝
2026091206040309,10,ルナルーチェット,2022105233,349,2,125.0,8.0,126.0,2.0,50,  ,338,5,20260912,中山,9,御宿特別･2勝
2026091206040309,11,ミラーダカリエンテ,2022106803,365, ,125.0,8.0,134.0,9.0,15,  ,348, ,20260912,中山,9,御宿特別･2勝
2026091206040309,12,シャンソンドール,2022105038,349,2,123.0,3.0,126.0,2.0,50,  ,335,3,20260912,中山,9,御宿特別･2勝
2026091206040309,13,キスアンドクライ,2022106616,351,7,124.0,5.0,128.0,4.0,15,  ,334,1,20260912,中山,9,御宿特別･2勝
2026091206040309,14,ギフテッド,2022102920,355, ,121.0,2.0,128.0,4.0,30,  ,337,4,20260912,中山,9,御宿特別･2勝
2026091206040310,1,デルアヴァー,2022110054,366, ,132.0,11.0,137.0,11.0,  ,50,336,3,20260912,中山,10,レインＨ･3勝
2026091206040310,2,マイネルブリックス,2021106816,371, ,125.0,6.0,136.0,10.0,  ,30,329,1,20260912,中山,10,レインＨ･3勝
2026091206040310,3,ルールーリマ,2022100781,360, ,126.0,9.0,126.0,3.0,15,30,329,1,20260912,中山,10,レインＨ･3勝
2026091206040310,4,マイネルフーガ,2022106813,359, ,125.0,6.0,130.0,8.0,30,  ,338,5,20260912,中山,10,レインＨ･3勝
2026091206040310,5,アマイ,2020100809,356, ,123.0,3.0,125.0,1.0,15,  ,352, ,20260912,中山,10,レインＨ･3勝
2026091206040310,6,トーアライデン,2020103168,351,2,122.0,2.0,125.0,1.0,15,  ,351, ,20260912,中山,10,レインＨ･3勝
2026091206040310,7,キントリヒ,2019103885,354,3,125.0,6.0,126.0,3.0,15,  ,339, ,20260912,中山,10,レインＨ･3勝
2026091206040310,8,ショウナンサムデイ,2022105801,355,4,119.0,1.0,128.0,6.0,15,  ,353, ,20260912,中山,10,レインＨ･3勝
2026091206040310,9,ダノンジャイアン,2022105399,350,1,126.0,9.0,128.0,6.0,15,  ,340, ,20260912,中山,10,レインＨ･3勝
2026091206040310,10,ダンツファイター,2022102982,355,4,123.0,3.0,126.0,3.0,15,  ,336,3,20260912,中山,10,レインＨ･3勝
2026091206040310,11,キーパフォーマー,2021104948,355,4,124.0,5.0,131.0,9.0,50,  ,340, ,20260912,中山,10,レインＨ･3勝
2026091206040311,1,オーブルクール,2021103095,341,3,118.0,5.0,123.0,3.0,50,  ,389, ,20260912,中山,11,ラジオ日
2026091206040311,2,プレゼンティーア,2021102153,335,1,116.0,1.0,125.0,5.0,15,  ,372, ,20260912,中山,11,ラジオ日
2026091206040311,3,イスラアネーロ,2019105741,352, ,117.0,3.0,127.0,7.0,  ,  ,370, ,20260912,中山,11,ラジオ日
2026091206040311,4,モンドプリューム,2020103876,350, ,120.0,8.0,130.0,13.0,  ,  ,363,7,20260912,中山,11,ラジオ日
2026091206040311,5,ジョーローリット,2021100768,339,2,117.0,3.0,119.0,1.0,15,  ,369, ,20260912,中山,11,ラジオ日
2026091206040311,6,ムーヴ,2019101759,354, ,126.0,16.0,133.0,15.0,  ,30,353,1,20260912,中山,11,ラジオ日
2026091206040311,7,バグラダス,2020106015,   , ,123.0,14.0,129.0,10.0,30,30,   , ,20260912,中山,11,ラジオ日
2026091206040311,8,ヒルノドゴール,2021103786,349, ,124.0,15.0,129.0,10.0,  ,30,359,4,20260912,中山,11,ラジオ日
2026091206040311,9,ブレーザー,2021100114,347,7,118.0,5.0,122.0,2.0,50,30,362,6,20260912,中山,11,ラジオ日
2026091206040311,10,ゲイルライダー,2022103684,345,5,121.0,10.0,127.0,7.0,30,15,357,2,20260912,中山,11,ラジオ日
2026091206040311,11,ブラウンラチェット,2022104994,   , ,122.0,12.0,128.0,9.0,30,  ,   , ,20260912,中山,11,ラジオ日
2026091206040311,12,ゲッティヴィラ,2022110151,347,7,122.0,12.0,135.0,16.0,  ,30,364,8,20260912,中山,11,ラジオ日
2026091206040311,13,ショウナンアビアス,2020104597,347,7,120.0,8.0,131.0,14.0,  ,  ,358,3,20260912,中山,11,ラジオ日
2026091206040311,14,ポールセン,2022110140,344,4,118.0,5.0,124.0,4.0,15,  ,364,8,20260912,中山,11,ラジオ日
2026091206040311,15,ユキマル,2020101174,345,5,121.0,10.0,129.0,10.0,  ,  ,365, ,20260912,中山,11,ラジオ日
2026091206040311,16,ロードフロンティア,2021100161,355, ,116.0,1.0,125.0,5.0,  ,30,359,4,20260912,中山,11,ラジオ日
2026091206040312,1,タイセツナヒ,2023102352,376, ,130.0,10.0,138.0,11.0,  ,15,372,5,20260912,中山,12,１勝ｸﾗｽ
2026091206040312,2,アバレリュウ,2022100390,380, ,128.0,7.0,138.0,11.0,30,50,379, ,20260912,中山,12,１勝ｸﾗｽ
2026091206040312,3,ナリノシャーウッド,2023105963,358,4,126.0,3.0,134.0,8.0,50,  ,385, ,20260912,中山,12,１勝ｸﾗｽ
2026091206040312,4,スノースコール,2023103626,355,1,127.0,4.0,127.0,1.0,15,  ,386, ,20260912,中山,12,１勝ｸﾗｽ
2026091206040312,5,ターフクリスタル,2023104958,362,6,130.0,10.0,140.0,15.0,  ,50,366,3,20260912,中山,12,１勝ｸﾗｽ
2026091206040312,6,ボールドタワー,2023103016,371, ,124.0,1.0,136.0,9.0,50,15,378, ,20260912,中山,12,１勝ｸﾗｽ
2026091206040312,7,タリスマン,2021104618,361,5,127.0,4.0,133.0,6.0,  ,15,363,2,20260912,中山,12,１勝ｸﾗｽ
2026091206040312,8,インナーパッション,2023103714,376, ,131.0,13.0,133.0,6.0,50,30,366,3,20260912,中山,12,１勝ｸﾗｽ
2026091206040312,9,ロードフロリゼル,2022100621,376, ,130.0,10.0,132.0,3.0,30,  ,387, ,20260912,中山,12,１勝ｸﾗｽ
2026091206040312,10,スカイダンスタイム,2021107025,   , ,136.0,15.0,136.0,9.0,  ,  ,   , ,20260912,中山,12,１勝ｸﾗｽ
2026091206040312,11,ホノボノ,2023100581,363,7,127.0,4.0,132.0,3.0,15,  ,388, ,20260912,中山,12,１勝ｸﾗｽ
2026091206040312,12,ユアフェリシティ,2023105137,357,3,128.0,7.0,132.0,3.0,15,  ,375,7,20260912,中山,12,１勝ｸﾗｽ
2026091206040312,13,ジェネラスキング,2023103806,366,8,132.0,14.0,138.0,11.0,  ,50,374,6,20260912,中山,12,１勝ｸﾗｽ
2026091206040312,14,ヨドノタイヨウ,2022100348,368, ,128.0,7.0,129.0,2.0,15,30,375,7,20260912,中山,12,１勝ｸﾗｽ
2026091206040312,15,カーマンライン,2021105329,355,1,125.0,2.0,143.0,16.0,  ,30,359,1,20260912,中山,12,１勝ｸﾗｽ
2026091206040312,16,スーパーホース,2022100485,377, ,136.0,15.0,138.0,11.0,  ,30,384, ,20260912,中山,12,１勝ｸﾗｽ
2026091209040301,1,メイショウトム,2021110065,   , ,123.0,2.0,,,  ,  ,   , ,20260912,阪神,1,障害未勝利
2026091209040301,2,ホルトバージ,2021102905,356,1,125.0,5.0,130.0,1.0,  ,  ,365,1,20260912,阪神,1,障害未勝利
2026091209040301,3,シュエットアムール,2022103517,   , ,126.0,7.0,135.0,2.0,  ,  ,   , ,20260912,阪神,1,障害未勝利
2026091209040301,4,インターステラ,2022103576,   , ,133.0,8.0,,,  ,  ,   , ,20260912,阪神,1,障害未勝利
2026091209040301,5,クリアクォーツ,2022101587,   , ,121.0,1.0,,,  ,  ,   , ,20260912,阪神,1,障害未勝利
2026091209040301,6,ガストン,2019105461,   , ,125.0,5.0,,,  ,  ,   , ,20260912,阪神,1,障害未勝利
2026091209040301,7,ツーエムクロノス,2022103651,   , ,123.0,2.0,140.0,3.0,  ,  ,   , ,20260912,阪神,1,障害未勝利
2026091209040301,8,バトラーズワーフ,2022105252,368,2,124.0,4.0,,,  ,  ,396,2,20260912,阪神,1,障害未勝利
2026091209040302,1,ケイアイトリノ,2024103401,385, ,135.0,4.0,135.0,4.0,30,50,335, ,20260912,阪神,2,未勝利*
2026091209040302,2,ハルカカナタ,2024106310,375,2,136.0,5.0,137.0,6.0,  ,30,337, ,20260912,阪神,2,未勝利*
2026091209040302,3,シャプシュ,2024105431,380, ,133.0,2.0,133.0,2.0,50,50,335, ,20260912,阪神,2,未勝利*
2026091209040302,4,オーロラトレイル,2024103456,401, ,136.0,5.0,136.0,5.0,  ,  ,347, ,20260912,阪神,2,未勝利*
2026091209040302,5,ショウナンバトレニ,2024107009,376,3,132.0,1.0,132.0,1.0,30,15,328,1,20260912,阪神,2,未勝利*
2026091209040302,6,メイショウジェード,2024102305,372,1,133.0,2.0,133.0,2.0,30,15,334,2,20260912,阪神,2,未勝利*
2026091209040302,7,マスリュウオー,2024105248,391, ,138.0,7.0,138.0,7.0,50,30,334,2,20260912,阪神,2,未勝利*
2026091209040303,1,ナポリ,2024100505,   , ,128.0,1.0,128.0,1.0,  ,50,   , ,20260912,阪神,3,未勝利*
2026091209040303,2,ジュンヴァグネル,2024107194,393, ,137.0,6.0,140.0,6.0,  ,30,394,1,20260912,阪神,3,未勝利*
2026091209040303,3,ゴールドシューター,2024103680,374,2,132.0,3.0,132.0,3.0,15,  ,416,3,20260912,阪神,3,未勝利*
2026091209040303,4,フランベリー,2024100813,   , ,134.0,4.0,140.0,6.0,  ,  ,   , ,20260912,阪神,3,未勝利*
2026091209040303,5,ベルメサージュ,2024102682,371,1,130.0,2.0,131.0,2.0,  ,  ,396,2,20260912,阪神,3,未勝利*
2026091209040303,6,アワジシマ,2024105326,390,3,137.0,6.0,137.0,5.0,  ,  ,433, ,20260912,阪神,3,未勝利*
2026091209040303,7,ホットロッドハート,2024105800,   , ,135.0,5.0,135.0,4.0,50,15,   , ,20260912,阪神,3,未勝利*
2026091209040304,1,ランスオブラヴ,2023102639,345,3,120.0,1.0,128.0,3.0,30,50,344, ,20260912,阪神,4,未勝利
2026091209040304,2,テンダーワーズ,2023103359,351,5,133.0,13.0,135.0,8.0,  ,30,330,1,20260912,阪神,4,未勝利
2026091209040304,3,ウインリーブル,2023105872,372, ,139.0,17.0,139.0,13.0,  ,  ,353, ,20260912,阪神,4,未勝利
2026091209040304,4,アイルドゥレーヴェ,2023103310,360, ,133.0,13.0,142.0,16.0,  ,  ,346, ,20260912,阪神,4,未勝利
2026091209040304,5,ラッキーストーン,2023110018,369, ,136.0,16.0,141.0,14.0,  ,30,375, ,20260912,阪神,4,未勝利
2026091209040304,6,コスモフィレンツェ,2023107094,338,1,123.0,3.0,131.0,7.0,15,50,332,2,20260912,阪神,4,未勝利
2026091209040304,7,ダリアフレイバー,2023102197,376, ,133.0,13.0,138.0,12.0,  ,  ,392, ,20260912,阪神,4,未勝利
2026091209040304,8,バックドラフト,2023105323,340,2,125.0,5.0,125.0,1.0,30,  ,351, ,20260912,阪神,4,未勝利
2026091209040304,9,ファランギーナ,2023105686,360, ,129.0,10.0,137.0,10.0,50,  ,351, ,20260912,阪神,4,未勝利
2026091209040304,10,メイショウプレマ,2023101585,355,9,124.0,4.0,135.0,8.0,15,30,343,9,20260912,阪神,4,未勝利
2026091209040304,11,ダノンケリー,2023107100,359, ,130.0,11.0,142.0,16.0,  ,30,341,8,20260912,阪神,4,未勝利
2026091209040304,12,ポニーテール,2023107248,   , ,,,,,  ,  ,   , ,20260912,阪神,4,未勝利
2026091209040304,13,イルミナジーティー,2023106872,351,5,128.0,9.0,128.0,3.0,50,  ,336,5,20260912,阪神,4,未勝利
2026091209040304,14,レイアン,2023103887,363, ,132.0,12.0,141.0,14.0,50,30,339,6,20260912,阪神,4,未勝利
2026091209040304,15,ビロングトゥミー,2023105967,354,8,127.0,6.0,130.0,6.0,30,  ,352, ,20260912,阪神,4,未勝利
2026091209040304,16,ペガサスジルシ,2023107350,353,7,127.0,6.0,127.0,2.0,30,  ,339,6,20260912,阪神,4,未勝利
2026091209040304,17,アステルディーヴァ,2023104883,349,4,120.0,1.0,129.0,5.0,50,  ,333,3,20260912,阪神,4,未勝利
2026091209040304,18,シンゼンイセ,2023103501,368, ,127.0,6.0,137.0,10.0,  ,  ,335,4,20260912,阪神,4,未勝利
2026091209040305,1,ブラッドバローズ,2024101722,   , ,,,,,  ,  ,   , ,20260912,阪神,5,新馬
2026091209040305,2,スエヒロビリーブ,2024100587,   , ,,,,,  ,  ,   , ,20260912,阪神,5,新馬
2026091209040305,3,キシゲヒーロー,2024104614,   , ,,,,,  ,  ,   , ,20260912,阪神,5,新馬
2026091209040305,4,アリアニコ,2024106506,   , ,,,,,  ,  ,   , ,20260912,阪神,5,新馬
2026091209040305,5,クラルテロワ,2024106721,   , ,,,,,  ,  ,   , ,20260912,阪神,5,新馬
2026091209040305,6,クリスティーナ,2024102751,   , ,,,,,  ,  ,   , ,20260912,阪神,5,新馬
2026091209040305,7,ルパドゥクール,2024105853,   , ,,,,,  ,  ,   , ,20260912,阪神,5,新馬
2026091209040305,8,ベルセルク,2024108041,   , ,,,,,  ,  ,   , ,20260912,阪神,5,新馬
2026091209040305,9,ルーメンルーナエ,2024106080,   , ,,,,,  ,  ,   , ,20260912,阪神,5,新馬
2026091209040305,10,アヤノ,2024106223,   , ,,,,,  ,  ,   , ,20260912,阪神,5,新馬
2026091209040306,1,ボーオーブ,2024103483,   , ,,,,,  ,  ,   , ,20260912,阪神,6,新馬
2026091209040306,2,ベルウッドワタル,2024102516,   , ,,,,,  ,  ,   , ,20260912,阪神,6,新馬
2026091209040306,3,エピドゥブレ,2024106275,   , ,,,,,  ,  ,   , ,20260912,阪神,6,新馬
2026091209040306,4,プッシュバーン,2024104059,   , ,,,,,  ,  ,   , ,20260912,阪神,6,新馬
2026091209040306,5,コロラート,2024102573,   , ,,,,,  ,  ,   , ,20260912,阪神,6,新馬
2026091209040306,6,ミンコフスキー,2024101887,   , ,,,,,  ,  ,   , ,20260912,阪神,6,新馬
2026091209040306,7,キフクマル,2024108239,   , ,,,,,  ,  ,   , ,20260912,阪神,6,新馬
2026091209040306,8,パルパル,2024108231,   , ,,,,,  ,  ,   , ,20260912,阪神,6,新馬
2026091209040307,1,キャスケード,2023102968,353,2,121.0,3.0,121.0,1.0,30,  ,379,8,20260912,阪神,7,未勝利
2026091209040307,2,ファイナルコマンド,2023106181,378, ,137.0,16.0,,,  ,  ,454, ,20260912,阪神,7,未勝利
2026091209040307,3,メイショウヒタカミ,2023102245,360,5,124.0,7.0,129.0,8.0,  ,50,377,7,20260912,阪神,7,未勝利
2026091209040307,4,ナムラロダン,2023106223,360,5,120.0,1.0,127.0,5.0,50,  ,373,3,20260912,阪神,7,未勝利
2026091209040307,5,スノーガーネット,2023102176,   , ,120.0,1.0,126.0,4.0,30,  ,   , ,20260912,阪神,7,未勝利
2026091209040307,6,マイベスティー,2023103250,349,1,122.0,4.0,128.0,7.0,  ,  ,375,4,20260912,阪神,7,未勝利
2026091209040307,7,シャインゴーツ,2023102643,358,4,125.0,9.0,131.0,10.0,  ,50,375,4,20260912,阪神,7,未勝利
2026091209040307,8,タフクッキー,2023101105,   , ,125.0,9.0,125.0,3.0,30,  ,   , ,20260912,阪神,7,未勝利
2026091209040307,9,イッタレイッタレ,2023105058,362,7,127.0,11.0,133.0,12.0,  ,50,376,6,20260912,阪神,7,未勝利
2026091209040307,10,アスクハッピーマン,2023103190,379, ,132.0,14.0,133.0,12.0,30,  ,379,8,20260912,阪神,7,未勝利
2026091209040307,11,バルフルール,2023106909,   , ,124.0,7.0,124.0,2.0,50,  ,   , ,20260912,阪神,7,未勝利
2026091209040307,12,ビーアイジーニー,2023106358,357,3,122.0,4.0,,,50,  ,380, ,20260912,阪神,7,未勝利
2026091209040307,13,ユウトザイシン,2023101700,365, ,127.0,11.0,135.0,14.0,  ,30,369,1,20260912,阪神,7,未勝利
2026091209040307,14,ローレルアイビー,2023104334,366, ,129.0,13.0,129.0,8.0,  ,  ,447, ,20260912,阪神,7,未勝利
2026091209040307,15,プペアンビスキュイ,2023106906,363,8,132.0,14.0,132.0,11.0,  ,15,371,2,20260912,阪神,7,未勝利
2026091209040307,16,ハピネスサンライズ,2023100910,   , ,122.0,4.0,127.0,5.0,30,50,   , ,20260912,阪神,7,未勝利
2026091209040308,1,マイリトルヒーロー,2023106785,352,2,124.0,2.0,138.0,13.0,30,15,325,1,20260912,阪神,8,１勝ｸﾗｽ
2026091209040308,2,オーシンエス,2022101608,366, ,126.0,4.0,131.0,6.0,50,30,345, ,20260912,阪神,8,１勝ｸﾗｽ
2026091209040308,3,バークシャーシチー,2023100967,349,1,129.0,10.0,129.0,3.0,15,30,330,2,20260912,阪神,8,１勝ｸﾗｽ
2026091209040308,4,アクセス,2023100947,357, ,130.0,11.0,130.0,4.0,15,30,332,3,20260912,阪神,8,１勝ｸﾗｽ
2026091209040308,5,サイモンノーブル,2022105814,355, ,131.0,13.0,133.0,9.0,50,50,342, ,20260912,阪神,8,１勝ｸﾗｽ
2026091209040308,6,コレオシークエンス,2023105965,353,5,126.0,4.0,126.0,1.0,15,50,338, ,20260912,阪神,8,１勝ｸﾗｽ
2026091209040308,7,サトノアグード,2023105247,354,6,128.0,8.0,133.0,9.0,50,15,336, ,20260912,阪神,8,１勝ｸﾗｽ
2026091209040308,8,スウィートリワード,2021100415,354,6,121.0,1.0,132.0,7.0,  ,  ,342, ,20260912,阪神,8,１勝ｸﾗｽ
2026091209040308,9,ウィテカービート,2022105936,352,2,125.0,3.0,127.0,2.0,30,  ,339, ,20260912,阪神,8,１勝ｸﾗｽ
2026091209040308,10,ピエタンツァ,2022105386,368, ,134.0,14.0,134.0,11.0,  ,15,332,3,20260912,阪神,8,１勝ｸﾗｽ
2026091209040308,11,ダノンテムズ,2023107041,361, ,130.0,11.0,130.0,4.0,30,  ,334,5,20260912,阪神,8,１勝ｸﾗｽ
2026091209040308,12,エンジェルボイス,2023104390,361, ,127.0,6.0,132.0,7.0,  ,15,335,7,20260912,阪神,8,１勝ｸﾗｽ
2026091209040308,13,ダノンブギ,2022105281,354,6,128.0,8.0,135.0,12.0,  ,30,334,5,20260912,阪神,8,１勝ｸﾗｽ
2026091209040308,14,デリュージョン,2022107106,352,2,127.0,6.0,138.0,13.0,50,50,344, ,20260912,阪神,8,１勝ｸﾗｽ
2026091209040309,1,カウンティフェア,2022104121,345,5,121.0,3.0,123.0,2.0,15,  ,339, ,20260912,阪神,9,瀬戸内海･2勝
2026091209040309,2,ライラ,2022103525,349, ,122.0,6.0,125.0,4.0,15,  ,339, ,20260912,阪神,9,瀬戸内海･2勝
2026091209040309,3,リアライズ,2020105299,338,1,120.0,2.0,127.0,6.0,50,  ,340, ,20260912,阪神,9,瀬戸内海･2勝
2026091209040309,4,ダガーリング,2022102153,356, ,122.0,6.0,130.0,10.0,50,15,331,1,20260912,阪神,9,瀬戸内海･2勝
2026091209040309,5,プレセピオ,2023103503,341,3,122.0,6.0,134.0,13.0,50,  ,346, ,20260912,阪神,9,瀬戸内海･2勝
2026091209040309,6,アムールリーベ,2021105659,348, ,123.0,11.0,126.0,5.0,15,30,331,1,20260912,阪神,9,瀬戸内海･2勝
2026091209040309,7,ネッタイヤライ,2023104690,344,4,122.0,6.0,131.0,11.0,15,30,345, ,20260912,阪神,9,瀬戸内海･2勝
2026091209040309,8,ワンコールアウェイ,2022104180,357, ,124.0,13.0,131.0,11.0,  ,15,331,1,20260912,阪神,9,瀬戸内海･2勝
2026091209040309,9,ジッピーレーサー,2017110086,362, ,122.0,6.0,129.0,9.0,  ,  ,343, ,20260912,阪神,9,瀬戸内海･2勝
2026091209040309,10,キングケープ,2023102990,349, ,123.0,11.0,128.0,8.0,50,50,337, ,20260912,阪神,9,瀬戸内海･2勝
2026091209040309,11,アジュマン,2022101241,353, ,121.0,3.0,127.0,6.0,50,15,331,1,20260912,阪神,9,瀬戸内海･2勝
2026091209040309,12,ロンドボス,2022104988,345,5,121.0,3.0,121.0,1.0,50,30,332,5,20260912,阪神,9,瀬戸内海･2勝
2026091209040309,13,キャッスルレイク,2022100642,340,2,119.0,1.0,124.0,3.0,15,  ,335,6,20260912,阪神,9,瀬戸内海･2勝
2026091209040310,1,クロニクル,2019101864,360,2,121.0,2.0,128.0,1.0,15,  ,366, ,20260912,阪神,10,竹田城Ｓ･3勝
2026091209040310,2,ペンナヴェローチェ,2021104092,372, ,124.0,7.0,137.0,11.0,50,50,364,6,20260912,阪神,10,竹田城Ｓ･3勝
2026091209040310,3,インザモーメント,2021106635,371, ,127.0,12.0,134.0,7.0,50,50,370, ,20260912,阪神,10,竹田城Ｓ･3勝
2026091209040310,4,スズカダブル,2020106660,   , ,123.0,6.0,128.0,1.0,15,  ,   , ,20260912,阪神,10,竹田城Ｓ･3勝
2026091209040310,5,パシアンジャン,2021104503,362,3,122.0,4.0,129.0,3.0,30,15,369, ,20260912,阪神,10,竹田城Ｓ･3勝
2026091209040310,6,プルートマスター,2019104632,364,4,120.0,1.0,129.0,3.0,30,50,373, ,20260912,阪神,10,竹田城Ｓ･3勝
2026091209040310,7,マテンロウブレイブ,2022105021,382, ,124.0,7.0,135.0,8.0,  ,15,350,1,20260912,阪神,10,竹田城Ｓ･3勝
2026091209040310,8,プリンセッサ,2022102138,359,1,125.0,11.0,135.0,8.0,50,15,372, ,20260912,阪神,10,竹田城Ｓ･3勝
2026091209040310,9,タイセイアディクト,2021106126,372, ,131.0,15.0,137.0,11.0,50,15,356,3,20260912,阪神,10,竹田城Ｓ･3勝
2026091209040310,10,レヴァンテシチー,2022104267,379, ,128.0,13.0,140.0,15.0,  ,15,370, ,20260912,阪神,10,竹田城Ｓ･3勝
2026091209040310,11,ノーランサンライズ,2022102219,   , ,124.0,7.0,133.0,5.0,  ,  ,   , ,20260912,阪神,10,竹田城Ｓ･3勝
2026091209040310,12,ポルポラジール,2021102993,365,5,121.0,2.0,137.0,11.0,  ,50,359,4,20260912,阪神,10,竹田城Ｓ･3勝
2026091209040310,13,タガノマカシヤ,2022107134,368,6,122.0,4.0,135.0,8.0,50,  ,364,6,20260912,阪神,10,竹田城Ｓ･3勝
2026091209040310,14,ブルーワール,2021110097,374, ,124.0,7.0,138.0,14.0,  ,15,360,5,20260912,阪神,10,竹田城Ｓ･3勝
2026091209040310,15,ルクスフレンジー,2022104126,369,7,128.0,13.0,133.0,5.0,50,15,354,2,20260912,阪神,10,竹田城Ｓ･3勝
2026091209040311,1,フィーリウス,2022105175,355, ,128.0,15.0,131.0,12.0,  ,50,333,3,20260912,阪神,11,チャレンＨG3
2026091209040311,2,ジーティーダーリン,2022105710,358, ,126.0,7.0,126.0,3.0,15,  ,335,5,20260912,阪神,11,チャレンＨG3
2026091209040311,3,センツブラッド,2022101648,353,6,126.0,7.0,126.0,3.0,50,  ,344, ,20260912,阪神,11,チャレンＨG3
2026091209040311,4,ガイアメンテ,2021105808,357, ,125.0,5.0,128.0,7.0,  ,50,339, ,20260912,阪神,11,チャレンＨG3
2026091209040311,5,ピースワンデュック,2021101134,341,2,122.0,1.0,127.0,6.0,15,  ,338, ,20260912,阪神,11,チャレンＨG3
2026091209040311,6,カネフラ,2020103082,372, ,126.0,7.0,136.0,15.0,  ,50,335,5,20260912,阪神,11,チャレンＨG3
2026091209040311,7,ジーティーアダマン,2022101193,353,6,123.0,2.0,126.0,3.0,50,  ,334,4,20260912,阪神,11,チャレンＨG3
2026091209040311,8,カラマティアノス,2022104896,354,8,128.0,15.0,131.0,12.0,50,  ,335,5,20260912,阪神,11,チャレンＨG3
2026091209040311,9,マテンロウゲイル,2023100946,356, ,125.0,5.0,125.0,2.0,50,  ,331,2,20260912,阪神,11,チャレンＨG3
2026091209040311,10,タガノデュード,2021106548,362, ,126.0,7.0,141.0,16.0,  ,30,342, ,20260912,阪神,11,チャレンＨG3
2026091209040311,11,マリアイリダータ,2022105064,365, ,127.0,12.0,129.0,10.0,50,30,335,5,20260912,阪神,11,チャレンＨG3
2026091209040311,12,レーゼドラマ,2022105346,350,3,123.0,2.0,124.0,1.0,15,  ,352, ,20260912,阪神,11,チャレンＨG3
2026091209040311,13,グランヴィノス,2020103522,350,3,127.0,12.0,130.0,11.0,50,  ,327,1,20260912,阪神,11,チャレンＨG3
2026091209040311,14,ミッキーゴールド,2022104765,339,1,127.0,12.0,128.0,7.0,30,15,336, ,20260912,阪神,11,チャレンＨG3
2026091209040311,15,ジョバンニ,2022103995,354,8,126.0,7.0,128.0,7.0,  ,50,337, ,20260912,阪神,11,チャレンＨG3
2026091209040311,16,マテンロウスカイ,2019105546,351,5,123.0,2.0,131.0,12.0,  ,  ,339, ,20260912,阪神,11,チャレンＨG3
2026091209040312,1,タイセイブロウ,2021104101,357, ,124.0,11.0,136.0,14.0,  ,30,370, ,20260912,阪神,12,１勝ｸﾗｽ
2026091209040312,2,ゼットスパンキー,2021107255,365, ,126.0,15.0,,,  ,15,366,3,20260912,阪神,12,１勝ｸﾗｽ
2026091209040312,3,ステライヴ,2023105126,348,4,121.0,2.0,121.0,1.0,30,  ,371, ,20260912,阪神,12,１勝ｸﾗｽ
2026091209040312,4,サンライズブレイク,2022101396,357, ,121.0,2.0,134.0,12.0,  ,  ,372, ,20260912,阪神,12,１勝ｸﾗｽ
2026091209040312,5,ビーグラッド,2021100683,   , ,121.0,2.0,124.0,4.0,30,  ,   , ,20260912,阪神,12,１勝ｸﾗｽ
2026091209040312,6,サトノロザリー,2023107009,345,3,121.0,2.0,122.0,3.0,15,50,366,3,20260912,阪神,12,１勝ｸﾗｽ
2026091209040312,7,オプティモ,2023104805,357, ,123.0,9.0,129.0,11.0,  ,50,366,3,20260912,阪神,12,１勝ｸﾗｽ
2026091209040312,8,アームズレジェンド,2023106637,351,7,125.0,13.0,125.0,6.0,30,  ,373, ,20260912,阪神,12,１勝ｸﾗｽ
2026091209040312,9,スレッドザニードル,2022102003,360, ,127.0,16.0,134.0,12.0,  ,  ,366,3,20260912,阪神,12,１勝ｸﾗｽ
2026091209040312,10,ゴールドアーチ,2023102051,343,1,123.0,9.0,127.0,9.0,30,15,368,8,20260912,阪神,12,１勝ｸﾗｽ
2026091209040312,11,ミヤラティーニ,2023103862,350,5,121.0,2.0,121.0,1.0,30,30,357,1,20260912,阪神,12,１勝ｸﾗｽ
2026091209040312,12,ケイアイマウンガ,2022106582,350,5,121.0,2.0,124.0,4.0,15,50,377, ,20260912,阪神,12,１勝ｸﾗｽ
2026091209040312,13,ヒルノプーリア,2023106388,344,2,119.0,1.0,125.0,6.0,15,  ,369, ,20260912,阪神,12,１勝ｸﾗｽ
2026091209040312,14,スターフュージョン,2023103808,354,8,124.0,11.0,126.0,8.0,50,15,361,2,20260912,阪神,12,１勝ｸﾗｽ
2026091209040312,15,ガビーズブラザー,2022104448,360, ,125.0,13.0,137.0,15.0,  ,15,367,7,20260912,阪神,12,１勝ｸﾗｽ
2026091209040312,16,ビスケットアソート,2023103517,354,8,121.0,2.0,128.0,10.0,  ,15,368,8,20260912,阪神,12,１勝ｸﾗｽ
2026091306040401,1,ヴィーデ,2022100548,359,2,126,6,,,  ,  ,440,3,20260913,中山,1,障害未勝利
2026091306040401,2,シークレットキー,2021105489,   , ,122,2,,,  ,  ,   , ,20260913,中山,1,障害未勝利
2026091306040401,3,スノーリン,2022103588,   , ,132,9,,,  ,  ,   , ,20260913,中山,1,障害未勝利
2026091306040401,4,モナコブル,2021109096,370,3,123,4,,,  ,  ,369,1,20260913,中山,1,障害未勝利
2026091306040401,5,セイウンビッグバン,2022100737,   , ,121,1,,,  ,  ,   , ,20260913,中山,1,障害未勝利
2026091306040401,6,プレミアブルー,2022102387,   , ,130,8,,,  ,  ,   , ,20260913,中山,1,障害未勝利
2026091306040401,7,グロリアラウス,2021104830,349,1,122,2,122,1,  ,  ,382,2,20260913,中山,1,障害未勝利
2026091306040401,8,サラフィエル,2019101464,   , ,124,5,,,  ,  ,   , ,20260913,中山,1,障害未勝利
2026091306040401,9,ストラクチャー,2021101216,   , ,132,9,,,  ,  ,   , ,20260913,中山,1,障害未勝利
2026091306040401,10,ゴールデンルーキー,2021110146,   , ,129,7,,,  ,  ,   , ,20260913,中山,1,障害未勝利
2026091306040402,1,ライヴテキーラ,2024103814,371,5,133,4,133,4,15,  ,366, ,20260913,中山,2,未勝利*
2026091306040402,2,マイネルリシャール,2024106419,363,3,129,1,129,1,15,  ,360, ,20260913,中山,2,未勝利*
2026091306040402,3,テキサス,2024105048,374, ,135,6,135,6,30,30,343,2,20260913,中山,2,未勝利*
2026091306040402,4,サンタンヌ,2024106341,385, ,132,3,132,3,30,50,347,5,20260913,中山,2,未勝利*
2026091306040402,5,サーギュスターヴ,2024106823,368,4,137,9,139,10,  ,  ,354, ,20260913,中山,2,未勝利*
2026091306040402,6,ギガントシュラーク,2024101182,390, ,138,10,138,9,  ,  ,412, ,20260913,中山,2,未勝利*
2026091306040402,7,ウィナーズチェック,2024104102,360,2,130,2,130,2,50,15,345,3,20260913,中山,2,未勝利*
2026091306040402,8,シュートザワークス,2024107076,359,1,133,4,133,4,50,15,340,1,20260913,中山,2,未勝利*
2026091306040402,9,マイネルウルカヌス,2024103606,378, ,136,7,136,7,50,  ,363, ,20260913,中山,2,未勝利*
2026091306040402,10,アルバスタキヤ,2024104139,400, ,136,7,136,7,50,  ,345,3,20260913,中山,2,未勝利*
2026091306040403,1,ブレイヴアーサー,2024104690,   , ,126,4,127,5,50,50,   , ,20260913,中山,3,未勝利*
2026091306040403,2,キンバリー,2024104006,   , ,123,1,123,1,30,  ,   , ,20260913,中山,3,未勝利*
2026091306040403,3,コスモベスケーデン,2024103600,   , ,127,6,127,5,30,  ,   , ,20260913,中山,3,未勝利*
2026091306040403,4,アルニタク,2024105692,   , ,138,15,138,15,  ,30,   , ,20260913,中山,3,未勝利*
2026091306040403,5,ソラティオ,2024102461,357,3,129,10,129,10,30,  ,394,2,20260913,中山,3,未勝利*
2026091306040403,6,ラフエルガ,2024105946,   , ,127,6,127,5,30,  ,   , ,20260913,中山,3,未勝利*
2026091306040403,7,アレックスケー,2024101581,356,2,124,2,124,2,50,  ,386,1,20260913,中山,3,未勝利*
2026091306040403,8,サイモンオリエント,2024102477,   , ,136,14,136,14,  ,50,   , ,20260913,中山,3,未勝利*
2026091306040403,9,アドバンスアゲイン,2024108024,   , ,127,6,127,5,30,  ,   , ,20260913,中山,3,未勝利*
2026091306040403,10,パレスラン,2024108276,362,4,133,13,133,13,  ,  ,394,2,20260913,中山,3,未勝利*
2026091306040403,11,サンアンドスターズ,2024103262,   , ,129,10,129,10,30,  ,   , ,20260913,中山,3,未勝利*
2026091306040403,12,キセキノユニコーン,2024102398,   , ,124,2,124,2,15,30,   , ,20260913,中山,3,未勝利*
2026091306040403,13,シュネルアステリア,2024106790,349,1,126,4,126,4,30,  ,424,4,20260913,中山,3,未勝利*
2026091306040403,14,ヴァンデエス,2024103029,   , ,139,16,139,16,  ,50,   , ,20260913,中山,3,未勝利*
2026091306040403,15,セイカタカキヤチク,2024103128,   , ,128,9,128,9,30,  ,   , ,20260913,中山,3,未勝利*
2026091306040403,16,イサチルサリーレ,2024102434,   , ,130,12,130,12,15,  ,   , ,20260913,中山,3,未勝利*
2026091306040404,1,ジャジャミン,2023104615,361, ,135,16,,,  ,  ,361, ,20260913,中山,4,未勝利
2026091306040404,2,ランウェイミューズ,2023107304,363, ,130,13,140,13,  ,15,344,3,20260913,中山,4,未勝利
2026091306040404,3,ブライティアロード,2023100573,353, ,132,15,,,  ,15,344,3,20260913,中山,4,未勝利
2026091306040404,4,ダイユウルミナス,2023106299,340,1,121,2,133,10,15,  ,348, ,20260913,中山,4,未勝利
2026091306040404,5,グランマエストロ,2023106986,349,4,126,6,138,12,50,  ,353, ,20260913,中山,4,未勝利
2026091306040404,6,ショウナンバーボン,2023106620,354, ,124,4,131,9,30,50,350, ,20260913,中山,4,未勝利
2026091306040404,7,ピコプリンセス,2023104544,361, ,130,13,130,8,50,  ,341,1,20260913,中山,4,未勝利
2026091306040404,8,ワインダークシー,2023106376,351,6,126,6,126,3,15,  ,345,6,20260913,中山,4,未勝利
2026091306040404,9,ワッフル,2023105622,358, ,128,11,128,6,50,  ,350, ,20260913,中山,4,未勝利
2026091306040404,10,ウインドオブヘヴン,2023100734,351,6,126,6,128,6,  ,  ,349, ,20260913,中山,4,未勝利
2026091306040404,11,ロジタイガー,2023105297,356, ,126,6,126,3,30,  ,347,8,20260913,中山,4,未勝利
2026091306040404,12,ニシノオールワン,2023104689,340,1,120,1,134,11,15,15,344,3,20260913,中山,4,未勝利
2026091306040404,13,オンナキュヌヴィ,2023105688,347,3,128,11,140,13,  ,15,348, ,20260913,中山,4,未勝利
2026091306040404,14,アリアス,2023104857,354, ,126,6,126,3,30,50,345,6,20260913,中山,4,未勝利
2026091306040404,15,ポポラヴィスタ,2023102737,350,5,123,3,125,1,15,  ,355, ,20260913,中山,4,未勝利
2026091306040404,16,ラグアイリータ,2023106463,352,8,125,5,125,1,15,  ,343,2,20260913,中山,4,未勝利
2026091306040405,1,セイルクルーズ,2024106889,   , ,,,,,  ,  ,   , ,20260913,中山,5,新馬
2026091306040405,2,ラルコ,2024103406,   , ,,,,,  ,  ,   , ,20260913,中山,5,新馬
2026091306040405,3,ストロングボイス,2024104220,   , ,,,,,  ,  ,   , ,20260913,中山,5,新馬
2026091306040405,4,カシノデスティニー,2024108169,   , ,,,,,  ,  ,   , ,20260913,中山,5,新馬
2026091306040405,5,コッディ,2024107079,   , ,,,,,  ,  ,   , ,20260913,中山,5,新馬
2026091306040405,6,コスモコリウス,2024103620,   , ,,,,,  ,  ,   , ,20260913,中山,5,新馬
2026091306040405,7,マイサマーガール,2024100868,   , ,,,,,  ,  ,   , ,20260913,中山,5,新馬
2026091306040405,8,タンタトリス,2024105862,   , ,,,,,  ,  ,   , ,20260913,中山,5,新馬
2026091306040405,9,サトノアニマ,2024103912,   , ,,,,,  ,  ,   , ,20260913,中山,5,新馬
2026091306040405,10,ホウフクゼットウ,2024104571,   , ,,,,,  ,  ,   , ,20260913,中山,5,新馬
2026091306040405,11,スローブギ,2024105964,   , ,,,,,  ,  ,   , ,20260913,中山,5,新馬
2026091306040406,1,マイネルオランチア,2023106406,363,5,129,11,129,4,50,50,398, ,20260913,中山,6,未勝利
2026091306040406,2,ヨーゼフ,2023107061,375, ,133,13,140,14,  ,15,387,8,20260913,中山,6,未勝利
2026091306040406,3,ギャニミード,2023107054,381, ,126,6,126,1,15,  ,401, ,20260913,中山,6,未勝利
2026091306040406,4,タニセンローマ,2023101095,358,2,125,4,135,10,30,50,388, ,20260913,中山,6,未勝利
2026091306040406,5,ヨドノサファイア,2023101825,359,3,122,1,134,7,50,50,394, ,20260913,中山,6,未勝利
2026091306040406,6,パワポケウォーズ,2023107440,387, ,133,13,139,13,  ,15,384,7,20260913,中山,6,未勝利
2026091306040406,7,オートカリテ,2023103555,365,6,126,6,128,3,15,  ,390, ,20260913,中山,6,未勝利
2026091306040406,8,ルシアージュ,2023106795,377, ,130,12,134,7,  ,15,375,3,20260913,中山,6,未勝利
2026091306040406,9,ホウオウファミリー,2023105322,361,4,127,8,127,2,15,50,395, ,20260913,中山,6,未勝利
2026091306040406,10,ヤマトスイフト,2023100560,366,8,133,13,140,14,  ,50,370,2,20260913,中山,6,未勝利
2026091306040406,11,レッドフリーマン,2023105614,   , ,128,9,129,4,15,  ,   , ,20260913,中山,6,未勝利
2026091306040406,12,ロンバルドシチー,2023105112,352,1,124,3,132,6,30,  ,406, ,20260913,中山,6,未勝利
2026091306040406,13,フィクセルリリア,2023103045,365,6,128,9,134,7,15,50,382,4,20260913,中山,6,未勝利
2026091306040406,14,オウケンサクラコ,2023105601,367, ,134,16,142,16,  ,15,369,1,20260913,中山,6,未勝利
2026091306040406,15,ゴールデンダガー,2023105726,376, ,122,1,138,11,  ,30,383,6,20260913,中山,6,未勝利
2026091306040406,16,ディープマウンテン,2023103475,373, ,125,4,138,11,50,50,382,4,20260913,中山,6,未勝利
2026091306040407,1,ラヴスコール,2021105473,354,6,129,14,129,4,50,  ,341,3,20260913,中山,7,１勝ｸﾗｽ
2026091306040407,2,スマイルカーブ,2023107078,357, ,132,16,132,9,  ,50,335,2,20260913,中山,7,１勝ｸﾗｽ
2026091306040407,3,ツインピークス,2022104179,354,6,128,12,136,13,50,30,343,5,20260913,中山,7,１勝ｸﾗｽ
2026091306040407,4,ノーブルライナー,2022104275,   , ,124,6,,,  ,  ,   , ,20260913,中山,7,１勝ｸﾗｽ
2026091306040407,5,ダノンアスコルティ,2023106830,352,5,126,11,126,2,15,30,346, ,20260913,中山,7,１勝ｸﾗｽ
2026091306040407,6,ミスターマーボー,2023100831,345,1,121,2,128,3,50,  ,344,7,20260913,中山,7,１勝ｸﾗｽ
2026091306040407,7,ダイヤテソーロ,2023106747,346,3,121,2,125,1,15,  ,346, ,20260913,中山,7,１勝ｸﾗｽ
2026091306040407,8,ベアサナエチャン,2023106829,358, ,124,6,137,14,  ,  ,348, ,20260913,中山,7,１勝ｸﾗｽ
2026091306040407,9,ファンクション,2023103648,365, ,123,4,130,7,30,50,349, ,20260913,中山,7,１勝ｸﾗｽ
2026091306040407,10,シャオママル,2023100776,349,4,128,12,135,11,  ,50,343,5,20260913,中山,7,１勝ｸﾗｽ
2026091306040407,11,ナハトナナレオン,2023102619,358, ,123,4,129,4,15,50,345,8,20260913,中山,7,１勝ｸﾗｽ
2026091306040407,12,スペードギニー,2022105191,355,8,125,9,132,9,30,  ,351, ,20260913,中山,7,１勝ｸﾗｽ
2026091306040407,13,ソレエスピアージャ,2022105216,   , ,124,6,,,  ,  ,   , ,20260913,中山,7,１勝ｸﾗｽ
2026091306040407,14,クリノゴッホ,2020103885,345,1,120,1,129,4,  ,  ,348, ,20260913,中山,7,１勝ｸﾗｽ
2026091306040407,15,タイセイアストロ,2023103917,362, ,125,9,135,11,  ,15,334,1,20260913,中山,7,１勝ｸﾗｽ
2026091306040407,16,スワローシチー,2022106150,356, ,129,14,131,8,  ,30,341,3,20260913,中山,7,１勝ｸﾗｽ
2026091306040408,1,ホウオウルクソール,2023104174,355,4,125,10,125,2,30,15,372,7,20260913,中山,8,１勝ｸﾗｽ
2026091306040408,2,テンハートビート,2023104170,353,3,121,2,128,6,30,15,380, ,20260913,中山,8,１勝ｸﾗｽ
2026091306040408,3,クラシオン,2023104780,356,5,124,6,126,3,50,30,379, ,20260913,中山,8,１勝ｸﾗｽ
2026091306040408,4,イラーナ,2021107166,364, ,124,6,133,9,  ,  ,371,5,20260913,中山,8,１勝ｸﾗｽ
2026091306040408,5,ペロ,2021103283,367, ,124,6,135,11,  ,15,362,1,20260913,中山,8,１勝ｸﾗｽ
2026091306040408,6,リラキトス,2022103032,   , ,121,2,,,  ,  ,   , ,20260913,中山,8,１勝ｸﾗｽ
2026091306040408,7,レイフロレット,2021105875,365, ,130,15,,,  ,  ,382, ,20260913,中山,8,１勝ｸﾗｽ
2026091306040408,8,ブルーユンチェリー,2022103011,362,8,129,13,138,12,  ,  ,396, ,20260913,中山,8,１勝ｸﾗｽ
2026091306040408,9,ニシノヴィヴィ,2021100948,363, ,126,11,134,10,  ,  ,372,7,20260913,中山,8,１勝ｸﾗｽ
2026091306040408,10,エルムラント,2022104678,349,2,122,5,126,3,50,50,374, ,20260913,中山,8,１勝ｸﾗｽ
2026091306040408,11,トップマジシャン,2023105067,362,8,129,13,141,13,  ,30,367,2,20260913,中山,8,１勝ｸﾗｽ
2026091306040408,12,コヴェナント,2022101383,373, ,133,16,143,14,  ,  ,415, ,20260913,中山,8,１勝ｸﾗｽ
2026091306040408,13,ラルフテソーロ,2022102269,356,5,124,6,132,8,15,  ,387, ,20260913,中山,8,１勝ｸﾗｽ
2026091306040408,14,シルフレイ,2022100620,358,7,119,1,127,5,50,  ,369,4,20260913,中山,8,１勝ｸﾗｽ
2026091306040408,15,ホウオウプレシャス,2020103939,366, ,126,11,129,7,  ,50,368,3,20260913,中山,8,１勝ｸﾗｽ
2026091306040408,16,グランルチャドール,2021102192,348,1,121,2,121,1,30,  ,371,5,20260913,中山,8,１勝ｸﾗｽ
2026091306040409,1,イベントホライゾン,2023107287,353,2,127,9,134,8,15,15,336,4,20260913,中山,9,習志野特･2勝
2026091306040409,2,ブルーマエストロ,2022105189,357, ,130,11,131,4,50,15,331,1,20260913,中山,9,習志野特･2勝
2026091306040409,3,トレサフィール,2022102174,356,5,125,3,125,1,15,  ,340, ,20260913,中山,9,習志野特･2勝
2026091306040409,4,グランカンタンテ,2021105600,374, ,126,4,135,9,30,50,334,3,20260913,中山,9,習志野特･2勝
2026091306040409,5,スナークピカソ,2022104171,354,3,124,1,133,6,  ,  ,332,2,20260913,中山,9,習志野特･2勝
2026091306040409,6,ヤマニンガラッシア,2017101772,364, ,124,1,128,2,30,  ,338, ,20260913,中山,9,習志野特･2勝
2026091306040409,7,グロスビーク,2022104608,358, ,126,4,133,6,50,  ,373, ,20260913,中山,9,習志野特･2勝
2026091306040409,8,ホークマン,2021100008,342,1,128,10,135,9,  ,  ,347, ,20260913,中山,9,習志野特･2勝
2026091306040409,9,レッセパッセ,2021106826,370, ,126,4,139,11,  ,30,336,4,20260913,中山,9,習志野特･2勝
2026091306040409,10,ワンモアスマイル,2022105590,355,4,126,4,129,3,50,  ,336,4,20260913,中山,9,習志野特･2勝
2026091306040409,11,マイネルアレス,2022106817,361, ,126,4,132,5,50,  ,348, ,20260913,中山,9,習志野特･2勝
2026091306040410,1,パルデンス,2018104775,365, ,123,7,140,10,  ,30,359,3,20260913,中山,10,初風Ｓ･3勝
2026091306040410,2,ドンレパルス,2019100553,346,1,121,4,129,4,  ,  ,363, ,20260913,中山,10,初風Ｓ･3勝
2026091306040410,3,コパノヴィンセント,2022107047,353, ,119,2,119,1,30,30,361, ,20260913,中山,10,初風Ｓ･3勝
2026091306040410,4,スプランドゥール,2021100623,363, ,123,7,133,9,  ,30,350,1,20260913,中山,10,初風Ｓ･3勝
2026091306040410,5,アデランテ,2021103525,349,4,120,3,129,4,15,  ,369, ,20260913,中山,10,初風Ｓ･3勝
2026091306040410,6,ポッドソル,2022105537,347,3,124,9,126,3,  ,  ,384, ,20260913,中山,10,初風Ｓ･3勝
2026091306040410,7,メイショウコバト,2020106908,355, ,122,6,131,7,50,  ,360,5,20260913,中山,10,初風Ｓ･3勝
2026091306040410,8,ワンダラー,2022100071,354, ,121,4,132,8,  ,30,358,2,20260913,中山,10,初風Ｓ･3勝
2026091306040410,9,アシャカトベ,2022107163,346,1,118,1,129,4,15,30,359,3,20260913,中山,10,初風Ｓ･3勝
2026091306040410,10,イリフィ,2022110077,351,5,124,9,125,2,30,  ,361, ,20260913,中山,10,初風Ｓ･3勝
2026091306040411,1,ウェイクフィールド,2023103500,346,1,123,2,132,9,15,  ,344, ,20260913,中山,11,セントラG2
2026091306040411,2,アウダーシア,2023107321,363, ,131,15,139,14,  ,30,329,4,20260913,中山,11,セントラG2
2026091306040411,3,バドリナート,2023107278,352,6,125,4,132,9,50,30,336,8,20260913,中山,11,セントラG2
2026091306040411,4,リッツパーティー,2023104224,348,2,122,1,122,1,15,50,341, ,20260913,中山,11,セントラG2
2026091306040411,5,アスクエジンバラ,2023106400,349,4,125,4,125,2,50,  ,336,8,20260913,中山,11,セントラG2
2026091306040411,6,サヴォアフェール,2023105645,363, ,129,11,133,11,15,15,325,1,20260913,中山,11,セントラG2
2026091306040411,7,ジャスティンシカゴ,2023106924,348,2,127,8,131,7,15,30,337, ,20260913,中山,11,セントラG2
2026091306040411,8,ゴーイントゥスカイ,2023105378,361, ,133,16,137,13,  ,15,325,1,20260913,中山,11,セントラG2
2026091306040411,9,サノノグレーター,2023100724,356,8,130,12,130,6,  ,15,333,7,20260913,中山,11,セントラG2
2026091306040411,10,バステール,2023107247,361, ,130,12,140,16,  ,50,330,5,20260913,中山,11,セントラG2
2026091306040411,11,ミリオンクラウン,2023100840,359, ,126,6,129,3,15,30,349, ,20260913,中山,11,セントラG2
2026091306040411,12,ラージアンサンブル,2023105560,351,5,128,9,129,3,  ,30,336,8,20260913,中山,11,セントラG2
2026091306040411,13,フウセン,2023104552,359, ,128,9,129,3,50,30,327,3,20260913,中山,11,セントラG2
2026091306040411,14,ティラーノ,2023101855,358, ,124,3,139,14,  ,  ,341, ,20260913,中山,11,セントラG2
2026091306040411,15,エリプティクカーブ,2023103908,358, ,130,12,131,7,15,30,332,6,20260913,中山,11,セントラG2
2026091306040411,16,ラディアントスター,2023107250,354,7,126,6,135,12,30,30,346, ,20260913,中山,11,セントラG2
2026091306040412,1,コスモコンフェルマ,2022100526,369,4,125,3,132,5,50,  ,388, ,20260913,中山,12,２勝ｸﾗｽ
2026091306040412,2,ハイラント,2021103033,   , ,127,7,141,12,  ,  ,   , ,20260913,中山,12,２勝ｸﾗｽ
2026091306040412,3,ニシノケンタマン,2022106427,381, ,128,9,141,12,  ,15,369,5,20260913,中山,12,２勝ｸﾗｽ
2026091306040412,4,ジェイエルモーダル,2023106313,380, ,134,11,139,11,  ,15,373,6,20260913,中山,12,２勝ｸﾗｽ
2026091306040412,5,メイショウリリー,2021103209,375, ,124,1,138,8,  ,50,366,3,20260913,中山,12,２勝ｸﾗｽ
2026091306040412,6,バードウォッチャー,2021105375,   , ,131,10,131,3,15,  ,   , ,20260913,中山,12,２勝ｸﾗｽ
2026091306040412,7,ラストレガシー,2022105556,376, ,126,4,136,6,  ,15,368,4,20260913,中山,12,２勝ｸﾗｽ
2026091306040412,8,カゼノタカトシ,2022107226,360,1,126,4,131,3,50,50,385, ,20260913,中山,12,２勝ｸﾗｽ
2026091306040412,9,ナイトスラッガー,2021101603,374,5,127,7,136,6,  ,30,374, ,20260913,中山,12,２勝ｸﾗｽ
2026091306040412,10,ブレゲアン,2022106951,368,3,126,4,128,2,15,15,383, ,20260913,中山,12,２勝ｸﾗｽ
2026091306040412,11,ブレードサクセス,2021103376,360,1,124,1,126,1,15,  ,380, ,20260913,中山,12,２勝ｸﾗｽ
2026091306040412,12,コーリンカルベラ,2021101195,374,5,134,11,138,8,  ,30,357,1,20260913,中山,12,２勝ｸﾗｽ
2026091306040412,13,サザンウォリアー,2023101542,378, ,138,13,138,8,  ,  ,361,2,20260913,中山,12,２勝ｸﾗｽ
2026091309040401,1,ウィザードシチー,2024102718,379, ,132,9,132,8,15,  ,409, ,20260913,阪神,1,未勝利*
2026091309040401,2,ダイメイアゲイン,2024100510,   , ,128,5,128,5,  ,  ,   , ,20260913,阪神,1,未勝利*
2026091309040401,3,カクシンゴールド,2024104076,370,4,128,5,132,8,30,  ,394,3,20260913,阪神,1,未勝利*
2026091309040401,4,ウンディーネ,2024103349,366,3,130,8,130,7,50,50,392,2,20260913,阪神,1,未勝利*
2026091309040401,5,ヘスティア,2024103535,364,1,128,5,128,5,30,  ,394,3,20260913,阪神,1,未勝利*
2026091309040401,6,スイトーヨ,2024108118,   , ,120,1,122,1,15,  ,   , ,20260913,阪神,1,未勝利*
2026091309040401,7,シュライアハフト,2024105438,372,5,134,11,134,11,30,  ,402,5,20260913,阪神,1,未勝利*
2026091309040401,8,ルミナスシェリー,2024101476,   , ,127,3,127,3,30,  ,   , ,20260913,阪神,1,未勝利*
2026091309040401,9,ラブシンフォニー,2024107177,365,2,126,2,126,2,50,15,390,1,20260913,阪神,1,未勝利*
2026091309040401,10,ダイシンレジウス,2024102999,379, ,133,10,133,10,30,  ,452, ,20260913,阪神,1,未勝利*
2026091309040401,11,スティルラブハー,2024106517,   , ,127,3,127,3,30,  ,   , ,20260913,阪神,1,未勝利*
2026091309040402,1,コスモクラウン,2024104927,361,1,133,5,133,5,30,  ,347, ,20260913,阪神,2,未勝利*
2026091309040402,2,レイクイーン,2024105648,400, ,139,7,139,7,30,30,354, ,20260913,阪神,2,未勝利*
2026091309040402,3,ゴルディアス,2024101754,374, ,135,6,136,6,  ,  ,362, ,20260913,阪神,2,未勝利*
2026091309040402,4,ブレイクガール,2024106674,366,3,130,2,130,2,50,30,345,3,20260913,阪神,2,未勝利*
2026091309040402,5,エアロクリスタ,2024103815,363,2,125,1,125,1,30,  ,344,2,20260913,阪神,2,未勝利*
2026091309040402,6,ベアヒロシデス,2024104466,374, ,130,2,130,2,30,  ,367, ,20260913,阪神,2,未勝利*
2026091309040402,7,コトテーラー,2024104829,367, ,131,4,131,4,50,30,343,1,20260913,阪神,2,未勝利*
2026091309040403,1,インヴァイト,2023101748,   , ,138,15,138,10,  ,  ,   , ,20260913,阪神,3,未勝利
2026091309040403,2,メイショウゲッコウ,2023101940,369,6,132,11,132,4,50,  ,370,2,20260913,阪神,3,未勝利
2026091309040403,3,デルマタカチホ,2023103385,371,7,128,6,130,1,15,  ,395, ,20260913,阪神,3,未勝利
2026091309040403,4,イクオクコウネン,2023105458,   , ,128,6,132,4,30,  ,   , ,20260913,阪神,3,未勝利
2026091309040403,5,クロレ,2023110041,360,2,124,1,135,7,50,15,372,4,20260913,阪神,3,未勝利
2026091309040403,6,ラッキーモア,2023110017,359,1,132,11,,,  ,  ,368,1,20260913,阪神,3,未勝利
2026091309040403,7,タガノランパート,2023104330,377, ,133,13,133,6,30,15,375,5,20260913,阪神,3,未勝利
2026091309040403,8,サトノシャッツ,2023105276,   , ,139,16,139,11,  ,  ,   , ,20260913,阪神,3,未勝利
2026091309040403,9,ブルーザー,2023106218,   , ,127,4,136,8,50,50,   , ,20260913,阪神,3,未勝利
2026091309040403,10,ダンツアラーム,2023104027,375, ,126,3,140,14,  ,15,381,6,20260913,阪神,3,未勝利
2026091309040403,11,ラミエルノムスコ,2023103248,374,8,127,4,130,1,50,50,386,8,20260913,阪神,3,未勝利
2026091309040403,12,リードアクター,2023105148,362,3,128,6,,,30,  ,417, ,20260913,阪神,3,未勝利
2026091309040403,13,カワキタベレッタ,2023104048,368,4,128,6,137,9,  ,15,370,2,20260913,阪神,3,未勝利
2026091309040403,14,スマイルガーデン,2023107077,368,4,125,2,130,1,30,30,395, ,20260913,阪神,3,未勝利
2026091309040403,15,ロードファイター,2023100430,382, ,130,10,139,11,  ,50,386,8,20260913,阪神,3,未勝利
2026091309040403,16,グレートアゲイン,2023100567,376, ,136,14,139,11,  ,30,385,7,20260913,阪神,3,未勝利
2026091309040404,1,レイワノキセキ,2023102718,362, ,128,9,137,12,  ,30,343,9,20260913,阪神,4,未勝利
2026091309040404,2,テイエムプレミラン,2023104905,349,6,126,6,132,8,50,50,352, ,20260913,阪神,4,未勝利
2026091309040404,3,ワンダーシャッフル,2023101640,368, ,131,14,133,11,  ,  ,349, ,20260913,阪神,4,未勝利
2026091309040404,4,シャリキモン,2023103743,368, ,130,11,141,17,  ,50,349, ,20260913,阪神,4,未勝利
2026091309040404,5,オーマイラッキーン,2023102060,346,5,121,1,127,3,15,  ,341,5,20260913,阪神,4,未勝利
2026091309040404,6,ヴィスメンティス,2023103758,345,4,126,6,129,5,30,50,340,2,20260913,阪神,4,未勝利
2026091309040404,7,ヴァンドゥーヴル,2023105232,358, ,128,9,142,18,  ,50,349, ,20260913,阪神,4,未勝利
2026091309040404,8,ダノンオブアイデア,2023103398,337,1,124,4,127,3,15,  ,341,5,20260913,阪神,4,未勝利
2026091309040404,9,リボンインザスカイ,2023104882,340,2,123,3,125,1,15,  ,340,2,20260913,阪神,4,未勝利
2026091309040404,10,ノブレスラブリエ,2023106455,349,6,124,4,126,2,15,  ,340,2,20260913,阪神,4,未勝利
2026091309040404,11,ロールスワン,2023105805,356, ,132,15,132,8,  ,50,342,7,20260913,阪神,4,未勝利
2026091309040404,12,オープンザパンドラ,2023105573,353,9,130,11,139,14,  ,30,345, ,20260913,阪神,4,未勝利
2026091309040404,13,ジュンヴァッテッド,2023106998,365, ,136,18,140,15,  ,30,346, ,20260913,阪神,4,未勝利
2026091309040404,14,ワンダーデリエール,2023100446,351,8,122,2,137,12,30,50,327,1,20260913,阪神,4,未勝利
2026091309040404,15,クールドリオン,2023100281,344,3,126,6,129,5,30,30,346, ,20260913,阪神,4,未勝利
2026091309040404,16,ルーチェブリラーレ,2023107297,359, ,132,15,132,8,  ,50,342,7,20260913,阪神,4,未勝利
2026091309040404,17,フローマジック,2023105252,362, ,130,11,130,7,30,  ,373, ,20260913,阪神,4,未勝利
2026091309040404,18,ベルトナリテ,2023103549,369, ,134,17,140,15,  ,30,348, ,20260913,阪神,4,未勝利
2026091309040405,1,マガスティール,2024104227,   , ,,,,,  ,  ,   , ,20260913,阪神,5,新馬
2026091309040405,2,アーデルプレミア,2024106971,   , ,,,,,  ,  ,   , ,20260913,阪神,5,新馬
2026091309040405,3,キリマンジェロタフ,2024102489,   , ,,,,,  ,  ,   , ,20260913,阪神,5,新馬
2026091309040405,4,タガノフリアン,2024103382,   , ,,,,,  ,  ,   , ,20260913,阪神,5,新馬
2026091309040405,5,ミスティビーコン,2024104900,   , ,,,,,  ,  ,   , ,20260913,阪神,5,新馬
2026091309040405,6,マイネルグリモア,2024103609,   , ,,,,,  ,  ,   , ,20260913,阪神,5,新馬
2026091309040406,1,ハナコトバ,2023102984,   , ,125,2,132,5,50,  ,   , ,20260913,阪神,6,未勝利
2026091309040406,2,ニシノエビガタメ,2023106271,394, ,133,10,141,13,  ,15,372,3,20260913,阪神,6,未勝利
2026091309040406,3,ミッキーロビン,2023105221,379,7,137,12,,,  ,  ,374,6,20260913,阪神,6,未勝利
2026091309040406,4,メイショウハーブス,2023104940,384, ,129,8,131,3,15,  ,385, ,20260913,阪神,6,未勝利
2026091309040406,5,タガノアルテミス,2023104329,370,5,126,3,128,2,30,  ,391, ,20260913,阪神,6,未勝利
2026091309040406,6,スターチューン,2023106848,363,3,126,3,135,8,30,  ,382, ,20260913,阪神,6,未勝利
2026091309040406,7,ビッグヒーロー,2023106188,   , ,127,5,135,8,  ,15,   , ,20260913,阪神,6,未勝利
2026091309040406,8,ハーブドーレ,2023100309,365,4,131,9,131,3,  ,  ,372,3,20260913,阪神,6,未勝利
2026091309040406,9,ゴールデンドラゴン,2023104872,378,6,134,11,137,10,  ,15,373,5,20260913,阪神,6,未勝利
2026091309040406,10,サトノディヴァイン,2023105010,382, ,137,12,138,11,  ,  ,378,7,20260913,阪神,6,未勝利
2026091309040406,11,プレデンシア,2023100376,361,2,127,5,127,1,  ,15,369,1,20260913,阪神,6,未勝利
2026091309040406,12,ワンダーアンレール,2023100444,   , ,,,,,  ,  ,   , ,20260913,阪神,6,未勝利
2026091309040406,13,ナムラヴンダー,2023106243,   , ,127,5,132,5,30,50,   , ,20260913,阪神,6,未勝利
2026091309040406,14,ペプチドアロン,2023102022,354,1,124,1,134,7,50,30,371,2,20260913,阪神,6,未勝利
2026091309040406,15,レッドバベル,2023106615,386, ,139,14,139,12,  ,  ,439, ,20260913,阪神,6,未勝利
2026091309040407,1,シャープインサイト,2023106289,361, ,126,12,136,13,  ,15,379, ,20260913,阪神,7,１勝ｸﾗｽ
2026091309040407,2,プレダトゥール,2023103171,353,4,120,1,125,3,30,  ,376, ,20260913,阪神,7,１勝ｸﾗｽ
2026091309040407,3,ベストレーサー,2022106757,   , ,122,3,128,5,15,  ,   , ,20260913,阪神,7,１勝ｸﾗｽ
2026091309040407,4,ロイヤルテール,2022100027,362, ,130,16,130,6,  ,  ,376, ,20260913,阪神,7,１勝ｸﾗｽ
2026091309040407,5,ゲタリア,2023105342,352,2,125,11,132,7,15,50,374,8,20260913,阪神,7,１勝ｸﾗｽ
2026091309040407,6,ジューンアゲイン,2023101003,345,1,123,7,123,1,50,  ,370,3,20260913,阪神,7,１勝ｸﾗｽ
2026091309040407,7,ハードシングス,2023103151,360,7,124,9,134,11,  ,15,366,2,20260913,阪神,7,１勝ｸﾗｽ
2026091309040407,8,ロードヴェルテクス,2023105813,385, ,126,12,134,11,  ,  ,388, ,20260913,阪神,7,１勝ｸﾗｽ
2026091309040407,9,ワンウェイトゥヘル,2022102701,355,5,121,2,,,  ,  ,372,6,20260913,阪神,7,１勝ｸﾗｽ
2026091309040407,10,フレイムスター,2023101577,   , ,122,3,126,4,30,  ,   , ,20260913,阪神,7,１勝ｸﾗｽ
2026091309040407,11,グランディマージュ,2023101716,369, ,129,15,132,7,  ,50,371,5,20260913,阪神,7,１勝ｸﾗｽ
2026091309040407,12,ケイエイト,2020103673,364, ,123,7,,,  ,  ,377, ,20260913,阪神,7,１勝ｸﾗｽ
2026091309040407,13,ヴォンドゥ,2023101810,358,6,124,9,132,7,  ,15,365,1,20260913,阪神,7,１勝ｸﾗｽ
2026091309040407,14,コンテナライン,2022105954,380, ,127,14,138,14,  ,  ,373,7,20260913,阪神,7,１勝ｸﾗｽ
2026091309040407,15,バルミラクル,2022106177,360,7,122,3,132,7,  ,50,375, ,20260913,阪神,7,１勝ｸﾗｽ
2026091309040407,16,ウォーターパラディ,2022103229,352,2,122,3,123,1,50,  ,370,3,20260913,阪神,7,１勝ｸﾗｽ
2026091309040408,1,ガイストライヒ,2023106948,364,1,124,1,,,50,  ,386, ,20260913,阪神,8,１勝ｸﾗｽ
2026091309040408,2,ココロヅヨサ,2023105041,377, ,133,10,135,4,  ,50,363,1,20260913,阪神,8,１勝ｸﾗｽ
2026091309040408,3,アスクガンバーレ,2022102300,382, ,132,9,144,11,  ,50,371,4,20260913,阪神,8,１勝ｸﾗｽ
2026091309040408,4,レッドホット,2023104395,382, ,128,3,140,8,  ,15,373, ,20260913,阪神,8,１勝ｸﾗｽ
2026091309040408,5,メイショウソウテン,2023103180,375,5,126,2,131,2,15,  ,379, ,20260913,阪神,8,１勝ｸﾗｽ
2026091309040408,6,グランドスウェル,2023102833,373,3,129,7,130,1,30,15,368,2,20260913,阪神,8,１勝ｸﾗｽ
2026091309040408,7,マーベリックシチー,2021100387,375,5,130,8,138,5,  ,50,371,4,20260913,阪神,8,１勝ｸﾗｽ
2026091309040408,8,アビラーシャ,2023107017,372,2,128,3,133,3,50,50,371,4,20260913,阪神,8,１勝ｸﾗｽ
2026091309040408,9,メイショウクモイ,2020106922,373,3,128,3,138,5,  ,  ,382, ,20260913,阪神,8,１勝ｸﾗｽ
2026091309040408,10,ラッキーベイ,2022105209,376, ,128,3,138,5,  ,  ,375, ,20260913,阪神,8,１勝ｸﾗｽ
2026091309040408,11,サンライズオスカー,2023106129,386, ,137,12,142,10,  ,15,370,3,20260913,阪神,8,１勝ｸﾗｽ
2026091309040408,12,ブルーストレイル,2021106078,404, ,133,10,141,9,  ,15,378, ,20260913,阪神,8,１勝ｸﾗｽ
2026091309040409,1,ヨシヒロ,2022103405,366, ,130,10,141,11,  ,  ,350, ,20260913,阪神,9,能勢特別･2勝
2026091309040409,2,マジョレルブルー,2023103531,354,5,130,10,133,6,30,30,338,4,20260913,阪神,9,能勢特別･2勝
2026091309040409,3,サンライズバブル,2022102604,359, ,129,8,129,2,30,30,337,3,20260913,阪神,9,能勢特別･2勝
2026091309040409,4,ダイヤモンドハンズ,2020103647,346,2,126,6,133,6,  ,15,325,1,20260913,阪神,9,能勢特別･2勝
2026091309040409,5,タンテドヴィーヴル,2022105171,361, ,125,5,137,9,15,15,338,4,20260913,阪神,9,能勢特別･2勝
2026091309040409,6,ヴァイザーバルコ,2020106694,358, ,129,8,129,2,15,  ,358, ,20260913,阪神,9,能勢特別･2勝
2026091309040409,7,シーミハットク,2023103532,363, ,127,7,133,6,  ,50,332,2,20260913,阪神,9,能勢特別･2勝
2026091309040409,8,コスモスプモーニ,2020101261,353,4,121,1,132,5,50,  ,352, ,20260913,阪神,9,能勢特別･2勝
2026091309040409,9,バセリーナ,2022106772,370, ,124,3,138,10,  ,  ,347, ,20260913,阪神,9,能勢特別･2勝
2026091309040409,10,ミッキージャンプ,2023105274,346,2,124,3,127,1,15,15,344, ,20260913,阪神,9,能勢特別･2勝
2026091309040409,11,サミダレナイツ,2022101605,342,1,123,2,129,2,15,  ,345, ,20260913,阪神,9,能勢特別･2勝
2026091309040410,1,チェルノボーグ,2019104732,343,2,123,4,127,5,50,  ,334,6,20260913,阪神,10,仲秋Ｓ･3勝
2026091309040410,2,テラメリタ,2021105127,351, ,126,12,129,7,15,  ,326,2,20260913,阪神,10,仲秋Ｓ･3勝
2026091309040410,3,モアリジット,2021104832,347,5,122,3,124,1,15,  ,346, ,20260913,阪神,10,仲秋Ｓ･3勝
2026091309040410,4,エポックヴィーナス,2021104153,362, ,127,14,137,13,  ,15,321,1,20260913,阪神,10,仲秋Ｓ･3勝
2026091309040410,5,モンテシート,2022105108,352, ,123,4,130,8,30,  ,340, ,20260913,阪神,10,仲秋Ｓ･3勝
2026091309040410,6,ハギノアルデバラン,2020100976,366, ,128,15,137,13,  ,  ,337, ,20260913,阪神,10,仲秋Ｓ･3勝
2026091309040410,7,ドゥカート,2022105777,363, ,126,12,133,9,  ,  ,344, ,20260913,阪神,10,仲秋Ｓ･3勝
2026091309040410,8,インヴォーグ,2022104145,352, ,124,7,128,6,50,  ,330,3,20260913,阪神,10,仲秋Ｓ･3勝
2026091309040410,9,サンタンカ,2022101676,351, ,124,7,135,10,30,  ,335,7,20260913,阪神,10,仲秋Ｓ･3勝
2026091309040410,10,リチャードバローズ,2021103977,343,2,124,7,124,1,  ,50,339, ,20260913,阪神,10,仲秋Ｓ･3勝
2026091309040410,11,ヨウシタンレイ,2020103969,347,5,119,1,136,12,  ,30,333,5,20260913,阪神,10,仲秋Ｓ･3勝
2026091309040410,12,スリリングチェイス,2020103407,335,1,120,2,126,3,15,  ,364, ,20260913,阪神,10,仲秋Ｓ･3勝
2026091309040410,13,レッドアトレーヴ,2021105837,355, ,124,7,141,15,30,  ,332,4,20260913,阪神,10,仲秋Ｓ･3勝
2026091309040410,14,サクセスアイ,2020105354,347,5,124,7,135,10,  ,50,341, ,20260913,阪神,10,仲秋Ｓ･3勝
2026091309040410,15,コスモアンソロジー,2022106793,344,4,123,4,126,3,30,  ,340, ,20260913,阪神,10,仲秋Ｓ･3勝
2026091309040411,1,アンジュドジョワ,2023103807,356,5,125,4,142,11,50,30,331,3,20260913,阪神,11,ローズＳG2
2026091309040411,2,エンネ,2023102102,372, ,138,12,144,12,  ,15,328,2,20260913,阪神,11,ローズＳG2
2026091309040411,3,スマートプリエール,2023107079,364, ,123,1,135,9,  ,  ,335,6,20260913,阪神,11,ローズＳG2
2026091309040411,4,アンディムジーク,2023103797,359, ,129,8,133,6,  ,15,344, ,20260913,阪神,11,ローズＳG2
2026091309040411,5,ファストフォワード,2023106362,355,4,126,5,131,5,30,30,339, ,20260913,阪神,11,ローズＳG2
2026091309040411,6,イクシード,2023107030,371, ,136,11,136,10,  ,30,331,3,20260913,阪神,11,ローズＳG2
2026091309040411,7,モンローウォーク,2023106859,358,6,124,2,128,2,15,15,336, ,20260913,阪神,11,ローズＳG2
2026091309040411,8,ミリタリータトゥー,2023101180,371, ,130,10,130,3,30,30,340, ,20260913,阪神,11,ローズＳG2
2026091309040411,9,ナムラコスモス,2023106227,349,2,124,2,127,1,30,  ,335,6,20260913,阪神,11,ローズＳG2
2026091309040411,10,スウィートハピネス,2023104475,353,3,127,6,130,3,30,  ,338, ,20260913,阪神,11,ローズＳG2
2026091309040411,11,レイクラシック,2023103906,361, ,127,6,133,6,50,50,327,1,20260913,阪神,11,ローズＳG2
2026091309040411,12,タイセイボーグ,2023106900,345,1,129,8,133,6,  ,30,331,3,20260913,阪神,11,ローズＳG2
2026091309040412,1,フレンズプラス,2023104539,361, ,120,6,129,8,  ,15,346,1,20260913,阪神,12,２勝ｸﾗｽ
2026091309040412,2,ズバットマサムネ,2021105711,349,2,120,6,122,2,15,  ,376, ,20260913,阪神,12,２勝ｸﾗｽ
2026091309040412,3,オトメナシャチョウ,2022110088,355,7,118,2,123,3,30,  ,381, ,20260913,阪神,12,２勝ｸﾗｽ
2026091309040412,4,カーリキュー,2023101115,350,3,121,9,124,4,15,30,368, ,20260913,阪神,12,２勝ｸﾗｽ
2026091309040412,5,ダズリングダンス,2020105957,350,3,116,1,120,1,15,  ,379, ,20260913,阪神,12,２勝ｸﾗｽ
2026091309040412,6,ヒラボクカレラ,2022102993,355,7,119,4,132,10,30,  ,364,4,20260913,阪神,12,２勝ｸﾗｽ
2026091309040412,7,アオイレーギーナ,2022102939,359, ,118,2,130,9,  ,15,367,7,20260913,阪神,12,２勝ｸﾗｽ
2026091309040412,8,ベンダバール,2021101077,357, ,122,10,133,11,  ,30,365,6,20260913,阪神,12,２勝ｸﾗｽ
2026091309040412,9,メイショウドライブ,2022102574,345,1,120,6,125,5,15,  ,371, ,20260913,阪神,12,２勝ｸﾗｽ
2026091309040412,10,リードプリンシパル,2022105748,353,5,123,12,125,5,30,  ,378, ,20260913,阪神,12,２勝ｸﾗｽ
2026091309040412,11,バイファーザベスト,2019109106,360, ,124,13,,,30,  ,371, ,20260913,阪神,12,２勝ｸﾗｽ
2026091309040412,12,ブルーノート,2019100871,362, ,122,10,136,13,  ,30,349,2,20260913,阪神,12,２勝ｸﾗｽ
2026091309040412,13,ホープエトワール,2022106893,362, ,133,14,133,11,  ,  ,364,4,20260913,阪神,12,２勝ｸﾗｽ
2026091309040412,14,ユウトザレン,2022101016,354,6,119,4,126,7,  ,  ,361,3,20260913,阪神,12,２勝ｸﾗｽ
