年月日,場所,R,馬番,レース名,芝・ダ,距離,馬名,性別,騎手,調教師,所属,父,芝・ダ,コースID,所属,日にち判定,前日判定,水曜日判定,木曜日判定,先週の土曜日判定,先週の日曜日判定,2w前の土曜日判定,2w前の日曜日判定,坂2w前 土 TIME1,坂2w前 土 LAP1,坂2w前 土 LAP2,坂2w前 日 TIME1,坂2w前 日 LAP1,坂2w前 日 LAP2,坂1w前 土 TIME1,坂1w前 土 LAP1,坂1w前 土 LAP2,坂1w前 日 TIME1,坂1w前 日 LAP1,坂1w前 日 LAP2, 坂 水 TIME1, 坂 水 LAP1, 坂 水 LAP2, 坂 水 LAP3, 坂 水 LAP4, 坂 木 TIME1, 坂 木 LAP1, 坂 木 LAP2, 坂 木 LAP3, 坂 木 LAP4, 坂 前日 TIME1,ウ2w前 土 １F,ウ2w前 日 １F,ウ1w前 土 １F,ウ1w前 土 5F,ウ1w前 日 １F,ウ1w前 日 5F,ウ 水 1F,ウ 水 4F,ウ 水 5F,ウ 水 6F,ウ 木 1F,ウ 木 4F,ウ 木 5F,ウ 木 6F,調教師判定,ウ 水1F,ウ 木1F,ウ 1F判定,ウ 前日 5F,水曜日A3,木曜日A3,A3LAP判定,水曜日B3,木曜日B3,B3LAP判定,前日坂路時計,前日坂路TIME１判定,水曜坂路爆速,木曜坂路爆速,坂路爆速判定,水曜地雷ラップ,木曜地雷ラップ,地雷ラップ判定,コース判定,A3高勝率Lap,本命候補判定,相手候補判定,ZI,脚質,枠,レースID,血統登録番号
20260913,中山,1,1,障害未勝利,ダ,2880,ヴィーデ,セ,上野翔,戸田博文,美,ルヴァンスレーヴ,1,中山ダ2880,1,46278,ヴィーデ46277,ヴィーデ46274,ヴィーデ46275,ヴィーデ46270,ヴィーデ46271,ヴィーデ46263,ヴィーデ46264,69.5,15.9,16.5,59.6,14.2,14,なし,なし,なし,なし,なし,なし,なし,なし,なし,なし,なし,なし,なし,なし,なし,なし,なし,なし,なし,なし,なし,なし,なし,なし,なし,なし,なし,なし,なし,なし,なし,なし,なし,なし,なし,なし,なし,なし,なし,なし,なし,なし,なし,なし,なし,なし,なし,なし,なし,なし,なし,なし,なし,なし,88,先,1,202609130604040101,22100548
20260913,中山,1,2,障害未勝利,ダ,2880,シークレットキー,牡,小野寺祐,井上智史,栗,ドレフォン,1,中山ダ2880,2,46278,シークレットキー46277,シークレットキー46274,シークレットキー46275,シークレットキー46270,シークレットキー46271,シークレットキー46263,シークレットキー46264,65,15.6,15.8,なし,なし,なし,63.2,15.3,15.4,59.3,13.8,14.2,63.2,15.6,15.2,15.6,16.8,56,13.4,13.2,13.9,15.5,なし,なし,なし,なし,なし,なし,なし,なし,なし,なし,なし,なし,なし,なし,なし,なし,なし,なし,なし,なし,×,×,×,×,×,×,なし,なし,×,×,×,×,なし,×,なし,なし,なし,なし,107,差,2,202609130604040102,21105489
20260913,中山,1,3,障害未勝利,ダ,2880,スノーリン,セ,土田真翔,和田雄二,美,ノヴェリスト,1,中山ダ2880,1,46278,スノーリン46277,スノーリン46274,スノーリン46275,スノーリン46270,スノーリン46271,スノーリン46263,スノーリン46264,なし,なし,なし,なし,なし,なし,なし,なし,なし,62.7,14.5,14.5,なし,なし,なし,なし,なし,なし,なし,なし,なし,なし,69.5,なし,なし,なし,なし,なし,なし,12.2,54.9,70,なし,なし,なし,なし,なし,なし,×,なし,×,なし,なし,なし,なし,なし,なし,なし,69.5,×,なし,なし,なし,なし,なし,なし,なし,なし,なし,なし,87,追,3,202609130604040103,22103588
20260913,中山,1,4,障害未勝利,ダ,2880,モナコブル,牡,五十嵐雄,岩戸孝樹,美,ニューイヤーズデイ,1,中山ダ2880,1,46278,モナコブル46277,モナコブル46274,モナコブル46275,モナコブル46270,モナコブル46271,モナコブル46263,モナコブル46264,68.5,16.1,17.1,なし,なし,なし,64.5,15.7,15.1,なし,なし,なし,なし,なし,なし,なし,なし,なし,なし,なし,なし,なし,67.3,なし,11.7,なし,なし,11.5,68.9,11.7,53.3,68,なし,なし,なし,なし,なし,なし,〇,なし,〇,なし,なし,なし,なし,なし,なし,なし,67.3,×,なし,なし,なし,なし,なし,なし,なし,なし,なし,なし,103,差,4,202609130604040104,21109096
20260913,中山,1,5,障害未勝利,ダ,2880,セイウンビッグバン,牡,伴啓太,萱野浩二,美,アドマイヤマーズ,1,中山ダ2880,1,46278,セイウンビッグバン46277,セイウンビッグバン46274,セイウンビッグバン46275,セイウンビッグバン46270,セイウンビッグバン46271,セイウンビッグバン46263,セイウンビッグバン46264,なし,なし,なし,66.3,14.3,15.2,64.2,13.6,14.9,なし,なし,なし,65.5,14.6,14.8,16.6,19.5,なし,なし,なし,なし,なし,66.2,なし,なし,なし,なし,なし,なし,なし,なし,なし,86.8,11.8,52.1,68.1,86.8,なし,なし,〇,〇,なし,×,なし,×,×,なし,×,66.2,×,×,なし,×,×,なし,×,なし,なし,なし,なし,106,先,5,202609130604040105,22100737
20260913,中山,1,6,障害未勝利,ダ,2880,プレミアブルー,牡,中村将之,菊川正達,美,トーセンラー,1,中山ダ2880,1,46278,プレミアブルー46277,プレミアブルー46274,プレミアブルー46275,プレミアブルー46270,プレミアブルー46271,プレミアブルー46263,プレミアブルー46264,なし,なし,なし,58.9,14.2,14.4,65.3,15.4,16,59.8,14.9,15,なし,なし,なし,なし,なし,なし,なし,なし,なし,なし,なし,なし,なし,なし,なし,なし,なし,12,54.3,69,なし,なし,なし,なし,なし,なし,×,なし,×,なし,なし,なし,なし,なし,なし,なし,なし,なし,なし,なし,なし,なし,なし,なし,なし,なし,なし,なし,105,追,6,202609130604040106,22102387
20260913,中山,1,7,障害未勝利,ダ,2880,グロリアラウス,セ,小牧加矢,斉藤崇史,栗,リアルインパクト,1,中山ダ2880,2,46278,グロリアラウス46277,グロリアラウス46274,グロリアラウス46275,グロリアラウス46270,グロリアラウス46271,グロリアラウス46263,グロリアラウス46264,なし,なし,なし,69.6,15.6,16.7,なし,なし,なし,65.1,15.5,15.4,なし,なし,なし,なし,なし,なし,なし,なし,なし,なし,なし,なし,なし,なし,なし,なし,なし,11.7,52.5,67.7,なし,なし,なし,なし,なし,False,〇,なし,〇,なし,なし,なし,なし,なし,なし,なし,なし,なし,なし,なし,なし,なし,なし,なし,なし,なし,なし,なし,103,先,7,202609130604040107,21104830
20260913,中山,1,8,障害未勝利,ダ,2880,サラフィエル,セ,大江原圭,鈴木慎太,美,ヤマニンセラフィム,1,中山ダ2880,1,46278,サラフィエル46277,サラフィエル46274,サラフィエル46275,サラフィエル46270,サラフィエル46271,サラフィエル46263,サラフィエル46264,なし,なし,なし,64.4,16.4,15.7,なし,なし,なし,なし,なし,なし,なし,なし,なし,なし,なし,なし,なし,なし,なし,なし,68.8,なし,なし,なし,なし,13.8,75.3,11.6,50.4,65.5,なし,なし,なし,なし,なし,なし,〇,なし,〇,なし,なし,なし,なし,なし,なし,なし,68.8,×,なし,なし,なし,なし,なし,なし,なし,なし,なし,なし,110,　,7,202609130604040108,19101464
20260913,中山,1,9,障害未勝利,ダ,2880,ストラクチャー,セ,水沼元輝,和田正一,美,リアルスティール,1,中山ダ2880,1,46278,ストラクチャー46277,ストラクチャー46274,ストラクチャー46275,ストラクチャー46270,ストラクチャー46271,ストラクチャー46263,ストラクチャー46264,なし,なし,なし,58.5,14.6,14.4,なし,なし,なし,58.6,14,14.6,なし,なし,なし,なし,なし,なし,なし,なし,なし,なし,なし,なし,なし,なし,なし,なし,なし,12,54.4,70.3,なし,なし,なし,なし,なし,なし,×,なし,×,なし,なし,なし,なし,なし,なし,なし,なし,なし,なし,なし,なし,なし,なし,なし,なし,なし,なし,なし,101,追,8,202609130604040109,21101216
20260913,中山,1,10,障害未勝利,ダ,2880,ゴールデンルーキー,牡,草野太郎,粕谷昌央,美,Catholic Boy,1,中山ダ2880,1,46278,ゴールデンルーキー46277,ゴールデンルーキー46274,ゴールデンルーキー46275,ゴールデンルーキー46270,ゴールデンルーキー46271,ゴールデンルーキー46263,ゴールデンルーキー46264,64.1,15.1,15.2,57.9,13.6,14,65.2,15.9,16,57.6,13.7,13.9,なし,なし,なし,なし,なし,なし,なし,なし,なし,なし,なし,なし,なし,なし,なし,なし,なし,12.2,52.5,67.8,なし,なし,なし,なし,なし,なし,×,なし,×,なし,なし,なし,なし,なし,なし,なし,なし,なし,なし,なし,なし,なし,なし,なし,なし,なし,なし,なし,118,　,8,202609130604040110,21110146
20260913,中山,2,1,未勝利*,芝,2000,ライヴテキーラ,牝,杉原誠人,牧光二,美,ジャスタウェイ,2,中山芝2000,1,46278,ライヴテキーラ46277,ライヴテキーラ46274,ライヴテキーラ46275,ライヴテキーラ46270,ライヴテキーラ46271,ライヴテキーラ46263,ライヴテキーラ46264,なし,なし,なし,なし,なし,なし,67.4,15.7,15.6,65.3,15,15.9,なし,なし,なし,なし,なし,なし,なし,なし,なし,なし,なし,なし,なし,なし,なし,なし,なし,12.9,53,67.8,なし,なし,なし,なし,なし,なし,×,なし,×,なし,なし,なし,なし,なし,なし,なし,なし,なし,なし,なし,なし,なし,なし,なし,なし,なし,なし,なし,102,　,1,202609130604040201,24103814
20260913,中山,2,2,未勝利*,芝,2000,マイネルリシャール,牡,三浦皇成,鹿戸雄一,美,スワーヴリチャード,2,中山芝2000,1,46278,マイネルリシャール46277,マイネルリシャール46274,マイネルリシャール46275,マイネルリシャール46270,マイネルリシャール46271,マイネルリシャール46263,マイネルリシャール46264,なし,なし,なし,58.5,13.2,15.2,なし,なし,なし,57.6,13.4,13.7,なし,なし,なし,なし,なし,なし,なし,なし,なし,なし,なし,なし,なし,なし,なし,なし,なし,11.7,52.3,66.8,なし,なし,なし,なし,なし,False,〇,なし,〇,なし,なし,なし,なし,なし,なし,なし,なし,なし,なし,なし,なし,なし,なし,なし,なし,なし,なし,なし,110,　,2,202609130604040202,24106419
20260913,中山,2,3,未勝利*,芝,2000,テキサス,牡,岩田望来,田中博康,美,Baaeed,2,中山芝2000,1,46278,テキサス46277,テキサス46274,テキサス46275,テキサス46270,テキサス46271,テキサス46263,テキサス46264,なし,なし,なし,なし,なし,なし,65.2,15.7,16.1,63.6,15.3,15.9,65,15.2,15.8,16.4,17.6,58.9,14.2,14.3,14.9,15.5,63.4,なし,なし,なし,なし,なし,なし,なし,なし,なし,なし,なし,なし,なし,なし,なし,なし,なし,なし,なし,×,×,×,×,×,×,63.4,〇,×,×,×,×,なし,×,なし,なし,なし,なし,114,　,3,202609130604040203,24105048
20260913,中山,2,4,未勝利*,芝,2000,サンタンヌ,牝,武豊,稲垣幸雄,美,レイデオロ,2,中山芝2000,1,46278,サンタンヌ46277,サンタンヌ46274,サンタンヌ46275,サンタンヌ46270,サンタンヌ46271,サンタンヌ46263,サンタンヌ46264,なし,なし,なし,なし,なし,なし,なし,なし,なし,なし,なし,なし,なし,なし,なし,なし,なし,なし,なし,なし,なし,なし,なし,なし,16.4,なし,なし,なし,なし,12.1,54.3,70.2,なし,なし,なし,なし,なし,False,×,なし,×,なし,なし,なし,なし,なし,なし,なし,なし,なし,なし,なし,なし,なし,なし,なし,なし,なし,なし,なし,109,　,4,202609130604040204,24106341
20260913,中山,2,5,未勝利*,芝,2000,サーギュスターヴ,牡,丹内祐次,杉浦宏昭,美,New Bay,2,中山芝2000,1,46278,サーギュスターヴ46277,サーギュスターヴ46274,サーギュスターヴ46275,サーギュスターヴ46270,サーギュスターヴ46271,サーギュスターヴ46263,サーギュスターヴ46264,なし,なし,なし,なし,なし,なし,なし,なし,なし,なし,なし,なし,なし,なし,なし,なし,なし,なし,なし,なし,なし,なし,なし,なし,なし,なし,なし,なし,なし,11.9,54.4,70.1,なし,なし,なし,なし,なし,なし,〇,なし,〇,なし,なし,なし,なし,なし,なし,なし,なし,なし,なし,なし,なし,なし,なし,なし,なし,なし,なし,なし,102,　,5,202609130604040205,24106823
20260913,中山,2,6,未勝利*,芝,2000,ギガントシュラーク,牡,丸山元気,萱野浩二,美,アニマルキングダム,2,中山芝2000,1,46278,ギガントシュラーク46277,ギガントシュラーク46274,ギガントシュラーク46275,ギガントシュラーク46270,ギガントシュラーク46271,ギガントシュラーク46263,ギガントシュラーク46264,なし,なし,なし,なし,なし,なし,69.8,16.9,16.7,69.8,16.7,17,なし,なし,なし,なし,なし,なし,なし,なし,なし,なし,なし,なし,なし,なし,なし,なし,なし,12,54.6,69.7,なし,なし,なし,なし,なし,なし,×,なし,×,なし,なし,なし,なし,なし,なし,なし,なし,なし,なし,なし,なし,なし,なし,なし,なし,なし,なし,なし,96,　,6,202609130604040206,24101182
20260913,中山,2,7,未勝利*,芝,2000,ウィナーズチェック,牝,川田将雅,和田勇介,美,ダノンバラード,2,中山芝2000,1,46278,ウィナーズチェック46277,ウィナーズチェック46274,ウィナーズチェック46275,ウィナーズチェック46270,ウィナーズチェック46271,ウィナーズチェック46263,ウィナーズチェック46264,68,16.4,16.1,56.1,13.5,13.5,なし,なし,なし,なし,なし,なし,なし,なし,なし,なし,なし,なし,なし,なし,なし,なし,なし,なし,なし,なし,なし,12.1,71.9,12.3,52.5,67.3,なし,なし,なし,なし,なし,なし,×,なし,×,なし,なし,なし,なし,なし,なし,なし,なし,なし,なし,なし,なし,なし,なし,なし,なし,なし,なし,なし,111,差,7,202609130604040207,24104102
20260913,中山,2,8,未勝利*,芝,2000,シュートザワークス,牡,津村明秀,千葉直人,美,インディチャンプ,2,中山芝2000,1,46278,シュートザワークス46277,シュートザワークス46274,シュートザワークス46275,シュートザワークス46270,シュートザワークス46271,シュートザワークス46263,シュートザワークス46264,64.8,15,15.9,56.5,12.5,13.9,68.5,15.9,16.2,なし,なし,なし,なし,なし,なし,なし,なし,なし,なし,なし,なし,なし,なし,なし,なし,なし,なし,11.3,72.3,11.7,52.4,66.6,なし,なし,なし,なし,なし,なし,〇,なし,〇,なし,なし,なし,なし,なし,なし,なし,なし,なし,なし,なし,なし,なし,なし,なし,なし,なし,なし,なし,109,先,7,202609130604040208,24107076
20260913,中山,2,9,未勝利*,芝,2000,マイネルウルカヌス,牡,柴田大知,畠山吉宏,美,ゴールドシップ,2,中山芝2000,1,46278,マイネルウルカヌス46277,マイネルウルカヌス46274,マイネルウルカヌス46275,マイネルウルカヌス46270,マイネルウルカヌス46271,マイネルウルカヌス46263,マイネルウルカヌス46264,なし,なし,なし,なし,なし,なし,68.9,17.1,16.6,なし,なし,なし,69,16.7,17.1,17.5,17.7,なし,なし,なし,なし,なし,なし,なし,なし,なし,なし,なし,なし,なし,なし,なし,87.8,11.9,54.2,69.7,87.8,なし,なし,〇,〇,なし,×,なし,×,×,なし,×,なし,なし,×,なし,×,×,なし,×,なし,なし,なし,なし,95,　,8,202609130604040209,24103606
20260913,中山,2,10,未勝利*,芝,2000,アルバスタキヤ,牡,原優介,青木孝文,美,ベンバトル,2,中山芝2000,1,46278,アルバスタキヤ46277,アルバスタキヤ46274,アルバスタキヤ46275,アルバスタキヤ46270,アルバスタキヤ46271,アルバスタキヤ46263,アルバスタキヤ46264,67.5,16.7,16,67,16.3,16.3,65.1,15.8,15.6,59.9,14.7,15.1,なし,なし,なし,なし,なし,なし,なし,なし,なし,なし,なし,なし,なし,なし,なし,なし,なし,12.1,53.7,68.1,なし,なし,なし,なし,なし,なし,×,なし,×,なし,なし,なし,なし,なし,なし,なし,なし,なし,なし,なし,なし,なし,なし,なし,なし,なし,なし,なし,92,　,8,202609130604040210,24104139
20260913,中山,3,1,未勝利*,ダ,1200,ブレイヴアーサー,牡,今村聖奈,奥平雅士,美,ビッグアーサー,1,中山ダ1200,1,46278,ブレイヴアーサー46277,ブレイヴアーサー46274,ブレイヴアーサー46275,ブレイヴアーサー46270,ブレイヴアーサー46271,ブレイヴアーサー46263,ブレイヴアーサー46264,なし,なし,なし,なし,なし,なし,なし,なし,なし,なし,なし,なし,67.4,16.1,16.3,17,18,なし,なし,なし,なし,なし,なし,なし,なし,なし,なし,11.7,67.1,なし,なし,なし,85.5,12,53.1,68.2,85.5,なし,なし,×,×,0,×,なし,×,×,なし,×,なし,なし,×,なし,×,×,なし,×,なし,なし,なし,なし,98,先,1,202609130604040301,24104690
20260913,中山,3,2,未勝利*,ダ,1200,キンバリー,牡,松岡正海,伊藤伸一,美,アルアイン,1,中山ダ1200,1,46278,キンバリー46277,キンバリー46274,キンバリー46275,キンバリー46270,キンバリー46271,キンバリー46263,キンバリー46264,なし,なし,なし,なし,なし,なし,なし,なし,なし,なし,なし,なし,なし,なし,なし,なし,なし,なし,なし,なし,なし,なし,なし,なし,なし,なし,なし,なし,なし,12.4,51.9,65.7,なし,なし,なし,なし,なし,なし,×,なし,×,なし,なし,なし,なし,なし,なし,なし,なし,なし,なし,なし,なし,なし,なし,なし,なし,なし,なし,なし,103,　,1,202609130604040302,24104006
20260913,中山,3,3,未勝利*,ダ,1200,コスモベスケーデン,牝,津村明秀,手塚貴久,美,ベンバトル,1,中山ダ1200,1,46278,コスモベスケーデン46277,コスモベスケーデン46274,コスモベスケーデン46275,コスモベスケーデン46270,コスモベスケーデン46271,コスモベスケーデン46263,コスモベスケーデン46264,なし,なし,なし,56.4,13.4,13.8,なし,なし,なし,56.2,13.3,14,なし,なし,なし,なし,なし,なし,なし,なし,なし,なし,66.6,なし,なし,15.5,0,なし,なし,12.1,54.4,70.5,なし,なし,なし,なし,なし,なし,×,なし,×,なし,なし,なし,なし,なし,なし,なし,66.6,×,なし,なし,なし,なし,なし,なし,なし,なし,なし,なし,105,　,2,202609130604040303,24103600
20260913,中山,3,4,未勝利*,ダ,1200,アルニタク,牡,佐藤翔馬,伊藤圭三,美,タワーオブロンドン,1,中山ダ1200,1,46278,アルニタク46277,アルニタク46274,アルニタク46275,アルニタク46270,アルニタク46271,アルニタク46263,アルニタク46264,なし,なし,なし,67.7,16,16.6,なし,なし,なし,68.2,15.8,16.5,なし,なし,なし,なし,なし,なし,なし,なし,なし,なし,66.5,なし,なし,なし,なし,なし,なし,11.7,52,67.8,なし,なし,なし,なし,なし,なし,〇,なし,〇,なし,なし,なし,なし,なし,なし,なし,66.5,×,なし,なし,なし,なし,なし,なし,なし,なし,なし,なし,100,　,2,202609130604040304,24105692
20260913,中山,3,5,未勝利*,ダ,1200,ソラティオ,牝,柴田大知,粕谷昌央,美,ヘニーヒューズ,1,中山ダ1200,1,46278,ソラティオ46277,ソラティオ46274,ソラティオ46275,ソラティオ46270,ソラティオ46271,ソラティオ46263,ソラティオ46264,65.8,16,15.4,なし,なし,なし,66.8,15.7,15.9,なし,なし,なし,54,12.4,12.9,13.4,15.3,なし,なし,なし,なし,なし,なし,なし,13.7,なし,なし,14.4,72.8,なし,なし,なし,なし,なし,なし,なし,なし,なし,なし,なし,なし,なし,×,なし,×,×,なし,×,なし,なし,×,なし,×,×,なし,×,なし,なし,なし,なし,95,先,3,202609130604040305,24102461
20260913,中山,3,6,未勝利*,ダ,1200,ラフエルガ,牝,横山武史,鈴木伸尋,美,ニューイヤーズデイ,1,中山ダ1200,1,46278,ラフエルガ46277,ラフエルガ46274,ラフエルガ46275,ラフエルガ46270,ラフエルガ46271,ラフエルガ46263,ラフエルガ46264,65.8,15.7,15.7,63.5,14.7,15.1,66.6,16.3,16,65.2,14.7,15.6,なし,なし,なし,なし,なし,なし,なし,なし,なし,なし,63.6,なし,なし,なし,なし,なし,なし,11.4,51.6,66.7,なし,なし,なし,なし,なし,なし,〇,なし,〇,なし,なし,なし,なし,なし,なし,なし,63.6,〇,なし,なし,なし,なし,なし,なし,なし,なし,なし,なし,114,　,3,202609130604040306,24105946
20260913,中山,3,7,未勝利*,ダ,1200,アレックスケー,牡,石橋脩,小野次郎,美,ミスチヴィアスアレックス,1,中山ダ1200,1,46278,アレックスケー46277,アレックスケー46274,アレックスケー46275,アレックスケー46270,アレックスケー46271,アレックスケー46263,アレックスケー46264,なし,なし,なし,61.2,14.9,14.7,67.3,16,16.4,59,14.4,14.4,なし,なし,なし,なし,なし,なし,なし,なし,なし,なし,69.8,なし,なし,なし,なし,なし,なし,11.4,51.9,66.8,なし,なし,なし,なし,なし,なし,〇,なし,〇,なし,なし,なし,なし,なし,なし,なし,69.8,×,なし,なし,なし,なし,なし,なし,なし,なし,なし,なし,113,　,4,202609130604040307,24101581
20260913,中山,3,8,未勝利*,ダ,1200,サイモンオリエント,牡,原優介,勢司和浩,美,シャンハイボビー,1,中山ダ1200,1,46278,サイモンオリエント46277,サイモンオリエント46274,サイモンオリエント46275,サイモンオリエント46270,サイモンオリエント46271,サイモンオリエント46263,サイモンオリエント46264,69.3,18.1,17.1,57.5,14,14.4,68.8,17.2,16.7,なし,なし,なし,なし,なし,なし,なし,なし,なし,なし,なし,なし,なし,69.5,なし,なし,なし,なし,14.3,73.4,11.7,52.8,67.4,なし,なし,なし,なし,なし,なし,〇,なし,〇,なし,なし,なし,なし,なし,なし,なし,69.5,×,なし,なし,なし,なし,なし,なし,なし,なし,なし,なし,103,　,4,202609130604040308,24102477
20260913,中山,3,9,未勝利*,ダ,1200,アドバンスアゲイン,牝,武藤雅,武藤善則,美,ミスチヴィアスアレックス,1,中山ダ1200,1,46278,アドバンスアゲイン46277,アドバンスアゲイン46274,アドバンスアゲイン46275,アドバンスアゲイン46270,アドバンスアゲイン46271,アドバンスアゲイン46263,アドバンスアゲイン46264,なし,なし,なし,63.8,12.1,14.5,67.1,15.8,16.1,64.6,11.9,14.8,55.1,12.4,12.9,14,15.8,なし,なし,なし,なし,なし,67.9,なし,なし,なし,なし,なし,なし,なし,なし,なし,なし,なし,なし,なし,なし,なし,なし,なし,なし,なし,×,なし,×,×,なし,×,67.9,×,×,なし,×,×,なし,×,なし,なし,なし,なし,96,先,5,202609130604040309,24108024
20260913,中山,3,10,未勝利*,ダ,1200,パレスラン,牡,ミシェル,手塚貴久,美,Volatile,1,中山ダ1200,1,46278,パレスラン46277,パレスラン46274,パレスラン46275,パレスラン46270,パレスラン46271,パレスラン46263,パレスラン46264,66.1,15.5,16.3,56.6,13.8,13.8,69.9,16.5,17.5,56.2,13.4,13.4,なし,なし,なし,なし,なし,なし,なし,なし,なし,なし,なし,なし,なし,なし,なし,なし,なし,12,55.1,71.5,なし,なし,なし,なし,なし,なし,×,なし,×,0,なし,なし,なし,なし,なし,なし,なし,なし,なし,なし,なし,なし,なし,なし,なし,なし,なし,なし,98,差,5,202609130604040310,24108276
20260913,中山,3,11,未勝利*,ダ,1200,サンアンドスターズ,牝,小林美駒,畠山吉宏,美,モーニン,1,中山ダ1200,1,46278,サンアンドスターズ46277,サンアンドスターズ46274,サンアンドスターズ46275,サンアンドスターズ46270,サンアンドスターズ46271,サンアンドスターズ46263,サンアンドスターズ46264,なし,なし,なし,69.1,16.2,16.9,なし,なし,なし,69.1,16.2,16.5,なし,なし,なし,なし,なし,なし,なし,なし,なし,なし,68.8,なし,なし,なし,なし,なし,なし,12.6,53.7,68.8,なし,なし,なし,なし,なし,なし,×,なし,×,なし,なし,なし,なし,なし,なし,なし,68.8,×,なし,なし,なし,なし,なし,なし,なし,なし,なし,なし,94,　,6,202609130604040311,24103262
20260913,中山,3,12,未勝利*,ダ,1200,キセキノユニコーン,牡,丹内祐次,伊坂重信,美,キセキ,1,中山ダ1200,1,46278,キセキノユニコーン46277,キセキノユニコーン46274,キセキノユニコーン46275,キセキノユニコーン46270,キセキノユニコーン46271,キセキノユニコーン46263,キセキノユニコーン46264,なし,なし,なし,なし,なし,なし,なし,なし,なし,なし,なし,なし,58.6,13.9,14,14.8,15.9,なし,なし,なし,なし,なし,なし,なし,12.8,なし,なし,なし,なし,なし,なし,なし,なし,なし,なし,なし,なし,なし,なし,なし,なし,なし,×,なし,×,×,なし,×,なし,なし,×,なし,×,〇,なし,〇,なし,なし,×,×,105,差,6,202609130604040312,24102398
20260913,中山,3,13,未勝利*,ダ,1200,シュネルアステリア,牝,木幡巧也,牧光二,美,アメリカンペイトリオット,1,中山ダ1200,1,46278,シュネルアステリア46277,シュネルアステリア46274,シュネルアステリア46275,シュネルアステリア46270,シュネルアステリア46271,シュネルアステリア46263,シュネルアステリア46264,なし,なし,なし,なし,なし,なし,なし,なし,なし,なし,なし,なし,67.7,16.9,16.8,17.1,16.9,なし,なし,なし,なし,なし,なし,なし,11.8,なし,なし,11.6,0,12.5,53.3,68.1,なし,なし,なし,なし,なし,なし,×,なし,×,なし,×,なし,×,×,なし,×,なし,なし,×,なし,×,×,なし,×,なし,なし,なし,なし,93,先,7,202609130604040313,24106790
20260913,中山,3,14,未勝利*,ダ,1200,ヴァンデエス,牝,杉原誠人,中舘英二,美,ミッキーアイル,1,中山ダ1200,1,46278,ヴァンデエス46277,ヴァンデエス46274,ヴァンデエス46275,ヴァンデエス46270,ヴァンデエス46271,ヴァンデエス46263,ヴァンデエス46264,69.9,16.5,17.2,なし,なし,なし,69.7,17,16.9,70,16.9,16.9,64.7,15.1,16.1,16.2,17.3,なし,なし,なし,なし,なし,69.4,なし,15.9,なし,なし,15.4,87.7,なし,なし,なし,なし,なし,なし,なし,なし,なし,なし,なし,なし,なし,×,なし,×,×,なし,×,69.4,×,×,なし,×,×,なし,×,なし,なし,なし,なし,82,　,7,202609130604040314,24103029
20260913,中山,3,15,未勝利*,ダ,1200,セイカタカキヤチク,牡,横山琉人,相沢郁,美,カレンブラックヒル,1,中山ダ1200,1,46278,セイカタカキヤチク46277,セイカタカキヤチク46274,セイカタカキヤチク46275,セイカタカキヤチク46270,セイカタカキヤチク46271,セイカタカキヤチク46263,セイカタカキヤチク46264,65,15,16.6,60.1,14.6,14.6,64,15.5,15.5,なし,なし,なし,なし,なし,なし,なし,なし,なし,なし,なし,なし,なし,67.7,なし,なし,なし,なし,11.2,73.3,11.8,53.3,69,なし,なし,なし,なし,なし,なし,〇,なし,〇,なし,なし,なし,なし,なし,なし,なし,67.7,×,なし,なし,なし,なし,なし,なし,なし,なし,なし,なし,102,　,8,202609130604040315,24103128
20260913,中山,3,16,未勝利*,ダ,1200,イサチルサリーレ,牡,木幡初也,竹内正洋,美,サリオス,1,中山ダ1200,1,46278,イサチルサリーレ46277,イサチルサリーレ46274,イサチルサリーレ46275,イサチルサリーレ46270,イサチルサリーレ46271,イサチルサリーレ46263,イサチルサリーレ46264,なし,なし,なし,60.2,13.7,14.3,69.3,17.1,16.4,61.4,14.1,15.1,なし,なし,なし,なし,なし,なし,なし,なし,なし,なし,66.3,なし,なし,なし,なし,なし,なし,13.1,52.3,66.4,なし,なし,なし,なし,なし,False,×,なし,×,なし,なし,なし,なし,なし,なし,なし,66.3,×,なし,なし,なし,なし,なし,なし,なし,なし,なし,なし,103,先,8,202609130604040316,24102434
20260913,中山,4,1,未勝利,芝,1600,ジャジャミン,牝,木幡育也,高橋文雅,美,ゴールドシップ,2,中山芝1600,1,46278,ジャジャミン46277,ジャジャミン46274,ジャジャミン46275,ジャジャミン46270,ジャジャミン46271,ジャジャミン46263,ジャジャミン46264,なし,なし,なし,なし,なし,なし,なし,なし,なし,54.5,12.9,12.9,なし,なし,なし,なし,なし,なし,なし,なし,なし,なし,なし,なし,なし,なし,なし,なし,なし,12.3,53.1,67.8,なし,なし,なし,なし,なし,なし,×,なし,×,なし,なし,なし,なし,なし,なし,なし,なし,なし,なし,なし,なし,なし,なし,なし,なし,なし,なし,なし,92,差,1,202609130604040401,23104615
20260913,中山,4,2,未勝利,芝,1600,ランウェイミューズ,牝,丹内祐次,竹内正洋,美,シルバーステート,2,中山芝1600,1,46278,ランウェイミューズ46277,ランウェイミューズ46274,ランウェイミューズ46275,ランウェイミューズ46270,ランウェイミューズ46271,ランウェイミューズ46263,ランウェイミューズ46264,なし,なし,なし,なし,なし,なし,なし,なし,なし,なし,なし,なし,なし,なし,なし,なし,なし,なし,なし,なし,なし,なし,なし,なし,なし,なし,なし,なし,なし,12.1,54.3,70,なし,なし,なし,なし,なし,False,×,なし,×,なし,なし,なし,なし,なし,なし,なし,なし,なし,なし,なし,なし,なし,なし,なし,なし,なし,なし,なし,110,先,1,202609130604040402,23107304
20260913,中山,4,3,未勝利,芝,1600,ブライティアロード,牝,菊沢一樹,和田正一,美,ダノンスマッシュ,2,中山芝1600,1,46278,ブライティアロード46277,ブライティアロード46274,ブライティアロード46275,ブライティアロード46270,ブライティアロード46271,ブライティアロード46263,ブライティアロード46264,なし,なし,なし,なし,なし,なし,なし,なし,なし,なし,なし,なし,なし,なし,なし,なし,なし,なし,なし,なし,なし,なし,なし,なし,なし,なし,なし,なし,なし,なし,なし,なし,なし,なし,なし,なし,なし,なし,なし,なし,なし,なし,なし,なし,なし,なし,なし,なし,なし,なし,なし,なし,なし,なし,なし,なし,なし,なし,なし,なし,84,追,2,202609130604040403,23100573
20260913,中山,4,4,未勝利,芝,1600,ダイユウルミナス,牝,小林美駒,松永康利,美,ダノンスマッシュ,2,中山芝1600,1,46278,ダイユウルミナス46277,ダイユウルミナス46274,ダイユウルミナス46275,ダイユウルミナス46270,ダイユウルミナス46271,ダイユウルミナス46263,ダイユウルミナス46264,なし,なし,なし,なし,なし,なし,なし,なし,なし,60.4,14.4,14.2,56.1,13.1,13.5,14.1,15.4,なし,なし,なし,なし,なし,なし,なし,なし,なし,なし,なし,なし,なし,なし,なし,なし,なし,なし,なし,なし,なし,なし,なし,なし,なし,×,なし,×,×,なし,×,なし,なし,×,なし,×,〇,なし,〇,なし,なし,×,×,102,追,2,202609130604040404,23106299
20260913,中山,4,5,未勝利,芝,1600,グランマエストロ,牡,池添謙一,木村哲也,美,エピファネイア,2,中山芝1600,1,46278,グランマエストロ46277,グランマエストロ46274,グランマエストロ46275,グランマエストロ46270,グランマエストロ46271,グランマエストロ46263,グランマエストロ46264,なし,なし,なし,53.7,13.5,12.9,なし,なし,なし,55.8,12.5,12.7,なし,なし,なし,なし,なし,なし,なし,なし,なし,なし,なし,なし,なし,なし,なし,なし,なし,11.6,52.5,68.4,なし,なし,なし,なし,なし,False,〇,なし,〇,なし,なし,なし,なし,なし,なし,なし,なし,なし,なし,なし,なし,なし,なし,なし,なし,なし,なし,なし,105,先,3,202609130604040405,23106986
20260913,中山,4,6,未勝利,芝,1600,ショウナンバーボン,牡,松山弘平,加藤士津,美,サートゥルナーリア,2,中山芝1600,1,46278,ショウナンバーボン46277,ショウナンバーボン46274,ショウナンバーボン46275,ショウナンバーボン46270,ショウナンバーボン46271,ショウナンバーボン46263,ショウナンバーボン46264,なし,なし,なし,60.6,14.6,15.1,なし,なし,なし,57.6,13.7,14.2,53.7,12.5,12.7,13.6,14.9,なし,なし,なし,なし,なし,61.1,なし,なし,なし,なし,なし,なし,なし,なし,なし,なし,なし,なし,なし,なし,True,なし,なし,なし,なし,×,なし,×,×,なし,×,61.1,〇,×,なし,×,×,なし,×,なし,なし,〇,なし,116,先,3,202609130604040406,23106620
20260913,中山,4,7,未勝利,芝,1600,ピコプリンセス,牝,石橋脩,伊藤大士,美,ベンバトル,2,中山芝1600,1,46278,ピコプリンセス46277,ピコプリンセス46274,ピコプリンセス46275,ピコプリンセス46270,ピコプリンセス46271,ピコプリンセス46263,ピコプリンセス46264,なし,なし,なし,なし,なし,なし,64,15.4,15.7,63.1,15.1,15.8,57,13.9,13.9,14.3,14.9,なし,なし,なし,なし,なし,66.1,なし,なし,なし,なし,なし,なし,なし,なし,なし,なし,なし,なし,なし,なし,なし,なし,なし,なし,なし,×,なし,×,×,なし,×,66.1,×,×,なし,×,〇,なし,〇,なし,なし,×,×,111,差,4,202609130604040407,23104544
20260913,中山,4,8,未勝利,芝,1600,ワインダークシー,牡,田辺裕信,中舘英二,美,ハービンジャー,2,中山芝1600,1,46278,ワインダークシー46277,ワインダークシー46274,ワインダークシー46275,ワインダークシー46270,ワインダークシー46271,ワインダークシー46263,ワインダークシー46264,66.5,16.3,16.4,なし,なし,なし,68.4,15.6,16.2,なし,なし,なし,なし,なし,なし,なし,なし,なし,なし,なし,なし,なし,なし,なし,なし,なし,なし,13.8,73.9,12,54.8,69.7,なし,なし,なし,なし,なし,なし,×,なし,×,なし,なし,なし,なし,なし,なし,なし,なし,なし,なし,なし,なし,なし,なし,なし,なし,なし,なし,なし,123,逃,4,202609130604040408,23106376
20260913,中山,4,9,未勝利,芝,1600,ワッフル,牝,嶋田純次,室井潔,美,ヘンリーバローズ,2,中山芝1600,1,46278,ワッフル46277,ワッフル46274,ワッフル46275,ワッフル46270,ワッフル46271,ワッフル46263,ワッフル46264,67.5,16.2,15.9,なし,なし,なし,なし,なし,なし,なし,なし,なし,69.8,16.3,16.4,17.3,19.8,なし,なし,なし,なし,なし,66.4,なし,13.1,なし,なし,なし,なし,なし,なし,なし,なし,なし,なし,なし,なし,なし,なし,なし,なし,なし,×,なし,×,×,なし,×,66.4,×,×,なし,×,×,なし,×,なし,なし,なし,なし,94,追,5,202609130604040409,23105622
20260913,中山,4,10,未勝利,芝,1600,ウインドオブヘヴン,牡,岩田望来,戸田博文,美,ロードカナロア,2,中山芝1600,1,46278,ウインドオブヘヴン46277,ウインドオブヘヴン46274,ウインドオブヘヴン46275,ウインドオブヘヴン46270,ウインドオブヘヴン46271,ウインドオブヘヴン46263,ウインドオブヘヴン46264,なし,なし,なし,65,16.1,15.2,なし,なし,なし,なし,なし,なし,69.6,17.5,16.5,17.4,18.2,なし,なし,なし,なし,なし,なし,なし,なし,なし,なし,11.7,70.2,12.1,53.2,68.5,なし,なし,なし,なし,なし,なし,×,なし,×,なし,×,なし,×,×,なし,×,なし,なし,×,なし,×,×,なし,×,なし,なし,なし,なし,107,先,5,202609130604040410,23100734
20260913,中山,4,11,未勝利,芝,1600,ロジタイガー,牝,松岡正海,古賀慎明,美,レイデオロ,2,中山芝1600,1,46278,ロジタイガー46277,ロジタイガー46274,ロジタイガー46275,ロジタイガー46270,ロジタイガー46271,ロジタイガー46263,ロジタイガー46264,なし,なし,なし,54.9,12.6,12.8,なし,なし,なし,54.5,12.7,13,なし,なし,なし,なし,なし,なし,なし,なし,なし,なし,なし,なし,なし,なし,なし,なし,なし,なし,なし,なし,なし,なし,なし,なし,なし,なし,なし,なし,なし,なし,なし,なし,なし,なし,なし,なし,なし,なし,なし,なし,なし,なし,なし,なし,なし,なし,なし,なし,84,追,6,202609130604040411,23105297
20260913,中山,4,12,未勝利,芝,1600,ニシノオールワン,牝,鮫島克駿,加藤征弘,美,ミッキーアイル,2,中山芝1600,1,46278,ニシノオールワン46277,ニシノオールワン46274,ニシノオールワン46275,ニシノオールワン46270,ニシノオールワン46271,ニシノオールワン46263,ニシノオールワン46264,なし,なし,なし,なし,なし,なし,なし,なし,なし,なし,なし,なし,なし,なし,なし,なし,なし,なし,なし,なし,なし,なし,なし,なし,なし,なし,なし,なし,なし,12.6,53.3,70.1,なし,なし,なし,なし,なし,なし,×,なし,×,なし,なし,なし,なし,なし,なし,なし,なし,なし,なし,なし,なし,なし,なし,なし,なし,なし,なし,なし,107,逃,6,202609130604040412,23104689
20260913,中山,4,13,未勝利,芝,1600,オンナキュヌヴィ,牝,武豊,蛯名正義,美,リオンディーズ,2,中山芝1600,1,46278,オンナキュヌヴィ46277,オンナキュヌヴィ46274,オンナキュヌヴィ46275,オンナキュヌヴィ46270,オンナキュヌヴィ46271,オンナキュヌヴィ46263,オンナキュヌヴィ46264,なし,なし,なし,なし,なし,なし,なし,なし,なし,68.3,16.9,16.5,なし,なし,なし,なし,なし,なし,なし,なし,なし,なし,64.6,なし,なし,なし,なし,なし,なし,12.4,54.2,0,なし,なし,なし,なし,なし,なし,×,なし,×,なし,なし,なし,なし,なし,なし,なし,64.6,〇,なし,なし,なし,なし,なし,なし,なし,なし,なし,なし,122,差,7,202609130604040413,23105688
20260913,中山,4,14,未勝利,芝,1600,アリアス,牝,三浦皇成,高柳瑞樹,美,コントレイル,2,中山芝1600,1,46278,アリアス46277,アリアス46274,アリアス46275,アリアス46270,アリアス46271,アリアス46263,アリアス46264,なし,なし,なし,なし,なし,なし,なし,なし,なし,68.6,15.6,16.4,55.1,12.5,13,14.3,15.3,なし,なし,なし,なし,なし,67.9,なし,なし,なし,なし,なし,なし,なし,なし,なし,なし,なし,なし,なし,なし,なし,なし,なし,なし,なし,×,なし,×,×,なし,×,67.9,×,×,なし,×,×,なし,×,なし,なし,なし,なし,120,先,7,202609130604040414,23104857
20260913,中山,4,15,未勝利,芝,1600,ポポラヴィスタ,牝,石神深道,鈴木慎太,美,ダノンバラード,2,中山芝1600,1,46278,ポポラヴィスタ46277,ポポラヴィスタ46274,ポポラヴィスタ46275,ポポラヴィスタ46270,ポポラヴィスタ46271,ポポラヴィスタ46263,ポポラヴィスタ46264,なし,なし,なし,69.5,17,17.8,69.7,17,16.7,67.3,16.2,16.5,なし,なし,なし,なし,なし,なし,なし,なし,なし,なし,67.1,なし,なし,なし,なし,なし,なし,なし,なし,なし,なし,なし,なし,なし,なし,なし,なし,なし,なし,なし,なし,なし,なし,なし,なし,なし,67.1,×,なし,なし,なし,なし,なし,なし,なし,なし,なし,なし,113,逃,8,202609130604040415,23102737
20260913,中山,4,16,未勝利,芝,1600,ラグアイリータ,牝,津村明秀,岩戸孝樹,美,ウインブライト,2,中山芝1600,1,46278,ラグアイリータ46277,ラグアイリータ46274,ラグアイリータ46275,ラグアイリータ46270,ラグアイリータ46271,ラグアイリータ46263,ラグアイリータ46264,67.9,18.1,16.3,66.2,15.5,15.7,なし,なし,なし,なし,なし,なし,なし,なし,なし,なし,なし,なし,なし,なし,なし,なし,なし,なし,なし,なし,なし,なし,なし,なし,なし,なし,なし,なし,なし,なし,なし,なし,なし,なし,なし,なし,なし,なし,なし,なし,なし,なし,なし,なし,なし,なし,なし,なし,なし,なし,なし,なし,なし,なし,116,逃,8,202609130604040416,23106463
20260913,中山,5,1,新馬,芝,1800,セイルクルーズ,牝,武藤雅,武藤善則,美,マインドユアビスケッツ,2,中山芝1800,1,46278,セイルクルーズ46277,セイルクルーズ46274,セイルクルーズ46275,セイルクルーズ46270,セイルクルーズ46271,セイルクルーズ46263,セイルクルーズ46264,なし,なし,なし,59.1,13.7,14.4,なし,なし,なし,59,14.5,13.3,68.3,16,17,17.3,18,54.3,13.3,12.6,13.3,15.1,なし,なし,なし,なし,なし,なし,なし,なし,なし,なし,なし,なし,なし,なし,なし,なし,なし,なし,なし,なし,×,×,×,×,×,×,なし,なし,×,×,×,×,なし,×,なし,なし,なし,なし,0,　,1,202609130604040501,24106889
20260913,中山,5,2,新馬,芝,1800,ラルコ,牝,田辺裕信,中舘英二,美,ルーラーシップ,2,中山芝1800,1,46278,ラルコ46277,ラルコ46274,ラルコ46275,ラルコ46270,ラルコ46271,ラルコ46263,ラルコ46264,68.9,16.2,15.8,55.6,13.9,13.7,68.7,15.2,16.5,55.6,12.8,13.6,なし,なし,なし,なし,なし,なし,なし,なし,なし,なし,なし,なし,なし,なし,なし,なし,なし,11.6,52.8,67.4,なし,なし,なし,なし,なし,なし,〇,なし,〇,なし,なし,なし,なし,なし,なし,なし,なし,なし,なし,なし,なし,なし,なし,なし,なし,なし,なし,なし,0,　,2,202609130604040502,24103406
20260913,中山,5,3,新馬,芝,1800,ストロングボイス,牡,丸山元気,手塚貴徳,美,グレーターロンドン,2,中山芝1800,1,46278,ストロングボイス46277,ストロングボイス46274,ストロングボイス46275,ストロングボイス46270,ストロングボイス46271,ストロングボイス46263,ストロングボイス46264,なし,なし,なし,65.8,15.7,16.2,64.5,15.7,16,64.2,15.5,15.9,53.3,12.7,12.9,13.5,14.2,なし,なし,なし,なし,なし,なし,なし,なし,なし,なし,なし,なし,なし,なし,なし,なし,なし,なし,なし,なし,なし,なし,なし,なし,なし,×,なし,×,×,なし,×,なし,なし,×,なし,×,×,なし,×,なし,なし,なし,なし,0,　,3,202609130604040503,24104220
20260913,中山,5,4,新馬,芝,1800,カシノデスティニー,牝,柴田大知,和田雄二,美,タニノフランケル,2,中山芝1800,1,46278,カシノデスティニー46277,カシノデスティニー46274,カシノデスティニー46275,カシノデスティニー46270,カシノデスティニー46271,カシノデスティニー46263,カシノデスティニー46264,66.4,16.3,16,57.8,14.8,14.1,69.5,17.1,17.2,なし,なし,なし,なし,なし,なし,なし,なし,なし,なし,なし,なし,なし,68.8,なし,なし,なし,なし,12.3,73,11.9,53.7,68.9,なし,なし,なし,なし,なし,なし,〇,なし,〇,なし,なし,なし,なし,なし,なし,なし,68.8,×,なし,なし,なし,なし,なし,なし,なし,なし,なし,なし,0,　,4,202609130604040504,24108169
20260913,中山,5,5,新馬,芝,1800,コッディ,牝,三浦皇成,田島俊明,美,エフフォーリア,2,中山芝1800,1,46278,コッディ46277,コッディ46274,コッディ46275,コッディ46270,コッディ46271,コッディ46263,コッディ46264,なし,なし,なし,なし,なし,なし,なし,なし,なし,67.8,16.2,15.9,なし,なし,なし,なし,なし,なし,なし,なし,なし,なし,69.8,なし,14.3,なし,なし,なし,なし,11.4,52,66.9,なし,なし,なし,なし,なし,なし,〇,なし,〇,なし,なし,なし,なし,なし,なし,なし,69.8,×,なし,なし,なし,なし,なし,なし,なし,なし,なし,なし,0,　,5,202609130604040505,24107079
20260913,中山,5,6,新馬,芝,1800,コスモコリウス,牡,丹内祐次,栗田徹,美,ベンバトル,2,中山芝1800,1,46278,コスモコリウス46277,コスモコリウス46274,コスモコリウス46275,コスモコリウス46270,コスモコリウス46271,コスモコリウス46263,コスモコリウス46264,なし,なし,なし,58,13.9,14,なし,なし,なし,56.4,13.4,13.4,なし,なし,なし,なし,なし,なし,なし,なし,なし,なし,なし,なし,なし,なし,なし,なし,なし,なし,なし,なし,なし,なし,なし,なし,なし,なし,なし,なし,なし,なし,なし,なし,なし,なし,なし,なし,なし,なし,なし,なし,なし,なし,なし,なし,なし,なし,なし,なし,0,　,6,202609130604040506,24103620
20260913,中山,5,7,新馬,芝,1800,マイサマーガール,牝,原優介,伊藤伸一,美,ウインブライト,2,中山芝1800,1,46278,マイサマーガール46277,マイサマーガール46274,マイサマーガール46275,マイサマーガール46270,マイサマーガール46271,マイサマーガール46263,マイサマーガール46264,66.5,15.8,15.7,67.4,16.4,16.5,なし,なし,なし,56.9,14.4,13.8,70,17.1,17.5,17,18.4,なし,なし,なし,なし,なし,67,なし,なし,なし,なし,なし,なし,11.9,53.1,68,なし,なし,なし,なし,なし,なし,〇,なし,〇,なし,×,なし,×,×,なし,×,67,×,×,なし,×,×,なし,×,なし,なし,なし,なし,0,　,6,202609130604040507,24100868
20260913,中山,5,8,新馬,芝,1800,タンタトリス,牝,横山武史,矢嶋大樹,美,サトノクラウン,2,中山芝1800,1,46278,タンタトリス46277,タンタトリス46274,タンタトリス46275,タンタトリス46270,タンタトリス46271,タンタトリス46263,タンタトリス46264,なし,なし,なし,なし,なし,なし,なし,なし,なし,57.4,14.3,14.1,なし,なし,なし,なし,なし,なし,なし,なし,なし,なし,なし,15.3,13.1,なし,なし,なし,なし,11.6,51.2,65.8,なし,なし,なし,なし,なし,なし,〇,なし,〇,なし,なし,なし,なし,なし,なし,なし,なし,なし,なし,なし,なし,なし,なし,なし,なし,なし,なし,なし,0,　,7,202609130604040508,24105862
20260913,中山,5,9,新馬,芝,1800,サトノアニマ,牡,川田将雅,鹿戸雄一,美,キタサンブラック,2,中山芝1800,1,46278,サトノアニマ46277,サトノアニマ46274,サトノアニマ46275,サトノアニマ46270,サトノアニマ46271,サトノアニマ46263,サトノアニマ46264,なし,なし,なし,55.2,12.5,12.8,なし,なし,なし,54.3,12.6,12.8,なし,なし,なし,なし,なし,なし,なし,なし,なし,なし,なし,なし,なし,なし,なし,なし,なし,12.5,54.2,69.9,なし,なし,なし,なし,なし,True,×,なし,×,なし,なし,なし,なし,なし,なし,なし,なし,なし,なし,なし,なし,なし,なし,なし,なし,なし,〇,なし,0,　,7,202609130604040509,24103912
20260913,中山,5,10,新馬,芝,1800,ホウフクゼットウ,牡,水沼元輝,加藤和宏,美,アルアイン,2,中山芝1800,1,46278,ホウフクゼットウ46277,ホウフクゼットウ46274,ホウフクゼットウ46275,ホウフクゼットウ46270,ホウフクゼットウ46271,ホウフクゼットウ46263,ホウフクゼットウ46264,68.3,16.4,16.3,なし,なし,なし,64.7,15.3,16.1,66.7,16.8,16.1,なし,なし,なし,なし,なし,なし,なし,なし,なし,なし,なし,なし,12.8,なし,なし,なし,なし,13.4,54.6,68.2,なし,なし,なし,なし,なし,なし,×,なし,×,なし,なし,なし,なし,なし,なし,なし,なし,なし,なし,なし,なし,なし,なし,なし,なし,なし,なし,なし,0,　,8,202609130604040510,24104571
20260913,中山,5,11,新馬,芝,1800,スローブギ,牡,ミシェル,和田勇介,美,コントレイル,2,中山芝1800,1,46278,スローブギ46277,スローブギ46274,スローブギ46275,スローブギ46270,スローブギ46271,スローブギ46263,スローブギ46264,65.8,15.7,16,55.7,13.1,13.8,65.5,15.6,15.9,56.9,12.9,13.9,54.2,12.7,12.9,13.6,15,なし,なし,なし,なし,なし,64.8,なし,なし,なし,なし,なし,なし,なし,なし,なし,なし,なし,なし,なし,なし,なし,なし,なし,なし,なし,×,なし,×,×,なし,×,64.8,〇,×,なし,×,×,なし,×,なし,なし,なし,なし,0,　,8,202609130604040511,24105964
20260913,中山,6,1,未勝利,ダ,1800,マイネルオランチア,牡,菊沢一樹,小手川準,美,スクリーンヒーロー,1,中山ダ1800,1,46278,マイネルオランチア46277,マイネルオランチア46274,マイネルオランチア46275,マイネルオランチア46270,マイネルオランチア46271,マイネルオランチア46263,マイネルオランチア46264,なし,なし,なし,なし,なし,なし,なし,なし,なし,なし,なし,なし,なし,なし,なし,なし,なし,なし,なし,なし,なし,なし,なし,なし,なし,なし,なし,なし,なし,なし,なし,なし,なし,なし,なし,なし,なし,なし,なし,なし,なし,なし,なし,なし,なし,なし,なし,なし,なし,なし,なし,なし,なし,なし,なし,なし,なし,なし,なし,なし,110,差,1,202609130604040601,23106406
20260913,中山,6,2,未勝利,ダ,1800,ヨーゼフ,牡,武藤雅,戸田博文,美,レイデオロ,1,中山ダ1800,1,46278,ヨーゼフ46277,ヨーゼフ46274,ヨーゼフ46275,ヨーゼフ46270,ヨーゼフ46271,ヨーゼフ46263,ヨーゼフ46264,68.8,15.7,16,57.6,14.3,14.6,なし,なし,なし,なし,なし,なし,なし,なし,なし,なし,なし,なし,なし,なし,なし,なし,68.5,なし,なし,なし,なし,なし,なし,なし,なし,なし,なし,なし,なし,なし,なし,なし,なし,なし,なし,なし,なし,なし,なし,なし,なし,なし,68.5,×,なし,なし,なし,なし,なし,なし,なし,なし,なし,なし,109,差,1,202609130604040602,23107061
20260913,中山,6,3,未勝利,ダ,1800,ギャニミード,牝,杉原誠人,木村哲也,美,ドレフォン,1,中山ダ1800,1,46278,ギャニミード46277,ギャニミード46274,ギャニミード46275,ギャニミード46270,ギャニミード46271,ギャニミード46263,ギャニミード46264,なし,なし,なし,55.6,13,13.4,なし,なし,なし,なし,なし,なし,なし,なし,なし,なし,なし,なし,なし,なし,なし,なし,なし,なし,なし,11.9,68.7,なし,なし,12.3,54.2,69.3,なし,なし,なし,なし,なし,False,×,なし,×,0,なし,なし,なし,なし,なし,なし,なし,なし,なし,なし,なし,なし,なし,なし,なし,なし,なし,なし,99,差,2,202609130604040603,23107054
20260913,中山,6,4,未勝利,ダ,1800,タニセンローマ,牡,松山弘平,斎藤誠,美,シャンハイボビー,1,中山ダ1800,1,46278,タニセンローマ46277,タニセンローマ46274,タニセンローマ46275,タニセンローマ46270,タニセンローマ46271,タニセンローマ46263,タニセンローマ46264,69.3,16.6,17.4,63.1,15.9,15.5,68.2,16.1,16.8,57.6,13.3,14.5,なし,なし,なし,なし,なし,なし,なし,なし,なし,なし,67.3,なし,なし,なし,なし,なし,なし,11.9,53.2,68.6,なし,なし,なし,なし,なし,False,〇,なし,〇,なし,なし,なし,なし,なし,なし,なし,67.3,×,なし,なし,なし,なし,なし,なし,なし,なし,なし,なし,107,先,2,202609130604040604,23101095
20260913,中山,6,5,未勝利,ダ,1800,ヨドノサファイア,牝,丹内祐次,稲垣幸雄,美,ジャスタウェイ,1,中山ダ1800,1,46278,ヨドノサファイア46277,ヨドノサファイア46274,ヨドノサファイア46275,ヨドノサファイア46270,ヨドノサファイア46271,ヨドノサファイア46263,ヨドノサファイア46264,なし,なし,なし,なし,なし,なし,なし,なし,なし,なし,なし,なし,54.5,13,13,13.4,15.1,なし,なし,なし,なし,なし,66.4,なし,なし,なし,なし,なし,なし,なし,なし,なし,なし,なし,なし,なし,なし,False,なし,なし,なし,なし,×,なし,×,×,なし,×,66.4,×,×,なし,×,〇,なし,〇,なし,なし,×,×,100,追,3,202609130604040605,23101825
20260913,中山,6,6,未勝利,ダ,1800,パワポケウォーズ,牡,上里直汰,大和田成,美,リアルスティール,1,中山ダ1800,1,46278,パワポケウォーズ46277,パワポケウォーズ46274,パワポケウォーズ46275,パワポケウォーズ46270,パワポケウォーズ46271,パワポケウォーズ46263,パワポケウォーズ46264,なし,なし,なし,なし,なし,なし,なし,なし,なし,なし,なし,なし,なし,なし,なし,なし,なし,なし,なし,なし,なし,なし,なし,なし,なし,なし,なし,なし,なし,なし,なし,なし,なし,なし,なし,なし,なし,なし,なし,なし,なし,なし,なし,なし,なし,なし,なし,なし,なし,なし,なし,なし,なし,なし,なし,なし,なし,なし,なし,なし,107,差,3,202609130604040606,23107440
20260913,中山,6,7,未勝利,ダ,1800,オートカリテ,牝,ミシェル,牧光二,美,コントレイル,1,中山ダ1800,1,46278,オートカリテ46277,オートカリテ46274,オートカリテ46275,オートカリテ46270,オートカリテ46271,オートカリテ46263,オートカリテ46264,66.1,16.2,15.4,64.2,16.1,15.9,なし,なし,なし,なし,なし,なし,なし,なし,なし,なし,なし,なし,なし,なし,なし,なし,なし,なし,なし,なし,なし,なし,なし,なし,なし,なし,なし,なし,なし,なし,なし,なし,なし,なし,なし,なし,なし,なし,なし,なし,なし,なし,なし,なし,なし,なし,なし,なし,なし,なし,なし,なし,なし,なし,106,先,4,202609130604040607,23103555
20260913,中山,6,8,未勝利,ダ,1800,ルシアージュ,牝,三浦皇成,高柳瑞樹,美,コントレイル,1,中山ダ1800,1,46278,ルシアージュ46277,ルシアージュ46274,ルシアージュ46275,ルシアージュ46270,ルシアージュ46271,ルシアージュ46263,ルシアージュ46264,67.7,16.4,16.3,68.1,16,16.4,69.3,15.5,16.5,なし,なし,なし,なし,なし,なし,なし,なし,なし,なし,なし,なし,なし,なし,なし,なし,なし,なし,なし,なし,なし,なし,なし,なし,なし,なし,なし,なし,なし,なし,なし,なし,なし,なし,なし,なし,なし,なし,なし,なし,なし,なし,なし,なし,なし,なし,なし,なし,なし,なし,なし,116,差,4,202609130604040608,23106795
20260913,中山,6,9,未勝利,ダ,1800,ホウオウファミリー,牡,岩田望来,田中博康,美,レイデオロ,1,中山ダ1800,1,46278,ホウオウファミリー46277,ホウオウファミリー46274,ホウオウファミリー46275,ホウオウファミリー46270,ホウオウファミリー46271,ホウオウファミリー46263,ホウオウファミリー46264,なし,なし,なし,なし,なし,なし,なし,なし,なし,なし,なし,なし,なし,なし,なし,なし,なし,なし,なし,なし,なし,なし,なし,15,11.7,なし,なし,なし,なし,なし,なし,なし,なし,なし,なし,なし,なし,なし,なし,なし,なし,なし,なし,なし,なし,なし,なし,なし,なし,なし,なし,なし,なし,なし,なし,なし,なし,なし,なし,なし,127,先,5,202609130604040609,23105322
20260913,中山,6,10,未勝利,ダ,1800,ヤマトスイフト,牝,内田博幸,中舘英二,美,タワーオブロンドン,1,中山ダ1800,1,46278,ヤマトスイフト46277,ヤマトスイフト46274,ヤマトスイフト46275,ヤマトスイフト46270,ヤマトスイフト46271,ヤマトスイフト46263,ヤマトスイフト46264,なし,なし,なし,69.9,16.4,16.6,68.9,16.5,16.8,なし,なし,なし,なし,なし,なし,なし,なし,なし,なし,なし,なし,なし,なし,なし,15.3,なし,なし,15.6,87.6,12,52.3,67.1,なし,なし,なし,なし,なし,なし,×,なし,×,なし,なし,なし,なし,なし,なし,なし,なし,なし,なし,なし,なし,なし,なし,なし,なし,なし,なし,なし,80,追,5,202609130604040610,23100560
20260913,中山,6,11,未勝利,ダ,1800,レッドフリーマン,牡,池添謙一,大竹正博,美,ダイワメジャー,1,中山ダ1800,1,46278,レッドフリーマン46277,レッドフリーマン46274,レッドフリーマン46275,レッドフリーマン46270,レッドフリーマン46271,レッドフリーマン46263,レッドフリーマン46264,なし,なし,なし,なし,なし,なし,67.9,15.5,17,なし,なし,なし,54.5,12.5,12.9,14.2,14.9,なし,なし,なし,なし,なし,なし,なし,12.3,なし,なし,12,71.8,なし,なし,なし,なし,なし,なし,なし,なし,False,なし,なし,なし,なし,×,なし,×,×,なし,×,なし,なし,×,なし,×,×,なし,×,なし,なし,なし,なし,97,逃,6,202609130604040611,23105614
20260913,中山,6,12,未勝利,ダ,1800,ロンバルドシチー,牡,長浜鴻緒,奥平雅士,美,ルヴァンスレーヴ,1,中山ダ1800,1,46278,ロンバルドシチー46277,ロンバルドシチー46274,ロンバルドシチー46275,ロンバルドシチー46270,ロンバルドシチー46271,ロンバルドシチー46263,ロンバルドシチー46264,なし,なし,なし,なし,なし,なし,なし,なし,なし,なし,なし,なし,なし,なし,なし,なし,なし,なし,なし,なし,なし,なし,なし,なし,なし,なし,なし,なし,なし,なし,なし,なし,なし,なし,なし,なし,なし,なし,なし,なし,なし,なし,なし,なし,なし,なし,なし,なし,なし,なし,なし,なし,なし,なし,なし,なし,なし,なし,なし,なし,93,差,6,202609130604040612,23105112
20260913,中山,6,13,未勝利,ダ,1800,フィクセルリリア,牝,吉田豊,平岩大典,美,モズアスコット,1,中山ダ1800,1,46278,フィクセルリリア46277,フィクセルリリア46274,フィクセルリリア46275,フィクセルリリア46270,フィクセルリリア46271,フィクセルリリア46263,フィクセルリリア46264,なし,なし,なし,なし,なし,なし,なし,なし,なし,58.4,13.5,14.5,54.1,12,12.7,14.8,14.6,なし,なし,なし,なし,なし,なし,なし,なし,なし,なし,なし,なし,なし,なし,なし,なし,なし,なし,なし,なし,なし,なし,なし,なし,なし,〇,なし,〇,×,なし,×,なし,なし,×,なし,×,×,なし,×,なし,〇,〇,なし,115,先,7,202609130604040613,23103045
20260913,中山,6,14,未勝利,ダ,1800,オウケンサクラコ,牝,丸田恭介,田中勝春,美,レインボーライン,1,中山ダ1800,1,46278,オウケンサクラコ46277,オウケンサクラコ46274,オウケンサクラコ46275,オウケンサクラコ46270,オウケンサクラコ46271,オウケンサクラコ46263,オウケンサクラコ46264,なし,なし,なし,なし,なし,なし,64.8,15.5,15.8,なし,なし,なし,56.7,13,13.8,14.5,15.4,なし,なし,なし,なし,なし,65,なし,なし,なし,なし,なし,なし,なし,なし,なし,なし,なし,なし,なし,なし,なし,なし,なし,なし,なし,×,なし,×,×,なし,×,65,〇,×,なし,×,〇,なし,〇,なし,なし,×,×,104,追,7,202609130604040614,23105601
20260913,中山,6,15,未勝利,ダ,1800,ゴールデンダガー,牡,横山琉人,中舘英二,美,フィエールマン,1,中山ダ1800,1,46278,ゴールデンダガー46277,ゴールデンダガー46274,ゴールデンダガー46275,ゴールデンダガー46270,ゴールデンダガー46271,ゴールデンダガー46263,ゴールデンダガー46264,なし,なし,なし,なし,なし,なし,なし,なし,なし,なし,なし,なし,なし,なし,なし,なし,なし,なし,なし,なし,なし,なし,なし,なし,なし,なし,なし,なし,なし,12,54.3,70.2,なし,なし,なし,なし,なし,なし,×,なし,×,なし,なし,なし,なし,なし,なし,なし,なし,なし,なし,なし,なし,なし,なし,なし,なし,なし,なし,なし,111,差,8,202609130604040615,23105726
20260913,中山,6,16,未勝利,ダ,1800,ディープマウンテン,牝,大野拓弥,深山雅史,美,エイシンフラッシュ,1,中山ダ1800,1,46278,ディープマウンテン46277,ディープマウンテン46274,ディープマウンテン46275,ディープマウンテン46270,ディープマウンテン46271,ディープマウンテン46263,ディープマウンテン46264,なし,なし,なし,なし,なし,なし,なし,なし,なし,なし,なし,なし,なし,なし,なし,なし,なし,なし,なし,なし,なし,なし,なし,なし,なし,なし,なし,なし,なし,なし,なし,なし,なし,なし,なし,なし,なし,なし,なし,なし,なし,なし,なし,なし,なし,なし,なし,なし,なし,なし,なし,なし,なし,なし,なし,なし,なし,なし,なし,なし,99,追,8,202609130604040616,23103475
20260913,中山,7,1,１勝ｸﾗｽ,芝,1600,ラヴスコール,牝,鮫島克駿,加藤征弘,美,ドゥラメンテ,2,中山芝1600,1,46278,ラヴスコール46277,ラヴスコール46274,ラヴスコール46275,ラヴスコール46270,ラヴスコール46271,ラヴスコール46263,ラヴスコール46264,なし,なし,なし,68.6,16.9,17,69.4,16.9,16.5,69.9,17.2,17.2,68.8,16.7,17.1,17.5,17.5,なし,なし,なし,なし,なし,69.4,なし,なし,なし,なし,なし,なし,12.6,53.8,69.9,なし,なし,なし,なし,なし,なし,×,なし,×,なし,×,なし,×,×,なし,×,69.4,×,×,なし,×,×,なし,×,なし,なし,なし,なし,103,先,1,202609130604040701,21105473
20260913,中山,7,2,１勝ｸﾗｽ,芝,1600,スマイルカーブ,牝,菊沢一樹,小手川準,美,キズナ,2,中山芝1600,1,46278,スマイルカーブ46277,スマイルカーブ46274,スマイルカーブ46275,スマイルカーブ46270,スマイルカーブ46271,スマイルカーブ46263,スマイルカーブ46264,66.3,15.6,15.8,69.5,16.8,16.7,なし,なし,なし,なし,なし,なし,なし,なし,なし,なし,なし,なし,なし,なし,なし,なし,なし,なし,なし,14.4,0,11.7,69.6,11.9,53,69,なし,なし,なし,なし,なし,なし,〇,なし,〇,なし,なし,なし,なし,なし,なし,なし,なし,なし,なし,なし,なし,なし,なし,なし,なし,なし,なし,なし,99,追,1,202609130604040702,23107078
20260913,中山,7,3,１勝ｸﾗｽ,芝,1600,ツインピークス,牝,小林美駒,千葉直人,美,ミスターメロディ,2,中山芝1600,1,46278,ツインピークス46277,ツインピークス46274,ツインピークス46275,ツインピークス46270,ツインピークス46271,ツインピークス46263,ツインピークス46264,なし,なし,なし,68.8,15.7,15.6,なし,なし,なし,なし,なし,なし,55.2,12.6,13,13.9,15.7,なし,なし,なし,なし,なし,なし,なし,なし,なし,なし,11.3,69.7,なし,なし,なし,なし,なし,なし,なし,なし,なし,なし,なし,なし,なし,×,なし,×,×,なし,×,なし,なし,×,なし,×,×,なし,×,なし,なし,なし,なし,106,差,2,202609130604040703,22104179
20260913,中山,7,4,１勝ｸﾗｽ,芝,1600,ノーブルライナー,牡,丹内祐次,中川公成,美,マツリダゴッホ,2,中山芝1600,1,46278,ノーブルライナー46277,ノーブルライナー46274,ノーブルライナー46275,ノーブルライナー46270,ノーブルライナー46271,ノーブルライナー46263,ノーブルライナー46264,69.5,16.9,17,なし,なし,なし,なし,なし,なし,なし,なし,なし,なし,なし,なし,なし,なし,なし,なし,なし,なし,なし,なし,なし,11.2,12.2,70.1,なし,なし,11.5,52.1,66.8,なし,なし,なし,なし,なし,なし,〇,なし,〇,なし,なし,なし,なし,なし,なし,なし,なし,なし,なし,なし,なし,なし,なし,なし,なし,なし,なし,なし,0,差,2,202609130604040704,22104275
20260913,中山,7,5,１勝ｸﾗｽ,芝,1600,ダノンアスコルティ,牝,岩田望来,森一誠,美,キタサンブラック,2,中山芝1600,1,46278,ダノンアスコルティ46277,ダノンアスコルティ46274,ダノンアスコルティ46275,ダノンアスコルティ46270,ダノンアスコルティ46271,ダノンアスコルティ46263,ダノンアスコルティ46264,64.3,14.9,15.4,55.9,13,13.3,64.4,14.7,15.4,58,12.8,13.7,54,12.1,12.7,13.8,15.4,なし,なし,なし,なし,なし,64.7,なし,なし,なし,なし,なし,なし,なし,なし,なし,なし,なし,なし,なし,なし,True,なし,なし,なし,なし,×,なし,×,×,なし,×,64.7,〇,×,なし,×,×,なし,×,なし,なし,〇,なし,109,逃,3,202609130604040705,23106830
20260913,中山,7,6,１勝ｸﾗｽ,芝,1600,ミスターマーボー,牡,原優介,青木孝文,美,シュヴァルグラン,2,中山芝1600,1,46278,ミスターマーボー46277,ミスターマーボー46274,ミスターマーボー46275,ミスターマーボー46270,ミスターマーボー46271,ミスターマーボー46263,ミスターマーボー46264,67.6,15.9,16.4,65.9,16.5,16,65.3,15.9,15.5,60.2,15.6,14.9,なし,なし,なし,なし,なし,なし,なし,なし,なし,なし,なし,なし,なし,なし,なし,なし,なし,12.1,51.6,66.9,なし,なし,なし,なし,なし,なし,×,なし,×,なし,なし,なし,なし,なし,なし,なし,なし,なし,なし,なし,なし,なし,なし,なし,なし,なし,なし,なし,119,差,3,202609130604040706,23100831
20260913,中山,7,7,１勝ｸﾗｽ,芝,1600,ダイヤテソーロ,牝,木幡巧也,牧光二,美,ダノンバラード,2,中山芝1600,1,46278,ダイヤテソーロ46277,ダイヤテソーロ46274,ダイヤテソーロ46275,ダイヤテソーロ46270,ダイヤテソーロ46271,ダイヤテソーロ46263,ダイヤテソーロ46264,なし,なし,なし,なし,なし,なし,なし,なし,なし,なし,なし,なし,64.7,16.8,15.3,15.2,17.4,なし,なし,なし,なし,なし,なし,なし,なし,なし,なし,15.2,81.1,12.2,52.3,66.8,なし,なし,なし,なし,なし,なし,×,なし,×,なし,×,なし,×,×,なし,×,なし,なし,×,なし,×,×,なし,×,なし,なし,なし,なし,110,先,4,202609130604040707,23106747
20260913,中山,7,8,１勝ｸﾗｽ,芝,1600,ベアサナエチャン,牝,松山弘平,杉浦宏昭,美,レイデオロ,2,中山芝1600,1,46278,ベアサナエチャン46277,ベアサナエチャン46274,ベアサナエチャン46275,ベアサナエチャン46270,ベアサナエチャン46271,ベアサナエチャン46263,ベアサナエチャン46264,なし,なし,なし,なし,なし,なし,なし,なし,なし,なし,なし,なし,なし,なし,なし,なし,なし,なし,なし,なし,なし,なし,なし,なし,なし,なし,なし,なし,なし,11.8,54.2,69.7,なし,なし,なし,なし,なし,なし,〇,なし,〇,なし,なし,なし,なし,なし,なし,なし,なし,なし,なし,なし,なし,なし,なし,なし,なし,なし,なし,なし,110,差,4,202609130604040708,23106829
20260913,中山,7,9,１勝ｸﾗｽ,芝,1600,ファンクション,牝,武豊,斎藤誠,美,アルアイン,2,中山芝1600,1,46278,ファンクション46277,ファンクション46274,ファンクション46275,ファンクション46270,ファンクション46271,ファンクション46263,ファンクション46264,なし,なし,なし,なし,なし,なし,69.2,16.8,17.1,63.7,15,16,なし,なし,なし,なし,なし,なし,なし,なし,なし,なし,67.6,なし,なし,なし,なし,なし,なし,11.8,53.2,68.7,なし,なし,なし,なし,なし,False,〇,なし,〇,なし,なし,なし,なし,なし,なし,なし,67.6,×,なし,なし,なし,なし,なし,なし,なし,なし,なし,なし,118,先,5,202609130604040709,23103648
20260913,中山,7,10,１勝ｸﾗｽ,芝,1600,シャオママル,牡,丸田恭介,加藤士津,美,アルアイン,2,中山芝1600,1,46278,シャオママル46277,シャオママル46274,シャオママル46275,シャオママル46270,シャオママル46271,シャオママル46263,シャオママル46264,なし,なし,なし,なし,なし,なし,なし,なし,なし,57,12.5,14.2,53.4,12.6,12.9,13.6,14.3,なし,なし,なし,なし,なし,なし,なし,なし,なし,なし,なし,なし,なし,なし,なし,なし,なし,なし,なし,なし,True,なし,なし,なし,なし,×,なし,×,×,なし,×,なし,なし,×,なし,×,×,なし,×,なし,なし,〇,なし,98,差,5,202609130604040710,23100776
20260913,中山,7,11,１勝ｸﾗｽ,芝,1600,ナハトナナレオン,牝,横山武史,矢嶋大樹,美,モーリス,2,中山芝1600,1,46278,ナハトナナレオン46277,ナハトナナレオン46274,ナハトナナレオン46275,ナハトナナレオン46270,ナハトナナレオン46271,ナハトナナレオン46263,ナハトナナレオン46264,なし,なし,なし,なし,なし,なし,66.7,15.8,16.2,56.8,13.2,14,なし,なし,なし,なし,なし,なし,なし,なし,なし,なし,なし,なし,12.4,なし,なし,なし,なし,11.6,51.7,66.4,なし,なし,なし,なし,なし,なし,〇,なし,〇,なし,なし,なし,なし,なし,なし,なし,なし,なし,なし,なし,なし,なし,なし,なし,なし,なし,なし,なし,119,先,6,202609130604040711,23102619
20260913,中山,7,12,１勝ｸﾗｽ,芝,1600,スペードギニー,セ,石神深道,大和田成,美,リオンディーズ,2,中山芝1600,1,46278,スペードギニー46277,スペードギニー46274,スペードギニー46275,スペードギニー46270,スペードギニー46271,スペードギニー46263,スペードギニー46264,なし,なし,なし,なし,なし,なし,67.7,15.6,16.1,55.5,13,13.2,54.9,13,13.4,13.8,14.7,なし,なし,なし,なし,なし,66.7,なし,なし,なし,なし,なし,なし,なし,なし,なし,なし,なし,なし,なし,なし,なし,なし,なし,なし,なし,×,なし,×,×,なし,×,66.7,×,×,なし,×,〇,なし,〇,なし,なし,×,×,94,追,6,202609130604040712,22105191
20260913,中山,7,13,１勝ｸﾗｽ,芝,1600,ソレエスピアージャ,牝,ミシェル,西田雄一,美,キタサンブラック,2,中山芝1600,1,46278,ソレエスピアージャ46277,ソレエスピアージャ46274,ソレエスピアージャ46275,ソレエスピアージャ46270,ソレエスピアージャ46271,ソレエスピアージャ46263,ソレエスピアージャ46264,64.7,15.5,15.7,59.8,14.4,14.7,57.3,14.3,13.5,なし,なし,なし,なし,なし,なし,なし,なし,なし,なし,なし,なし,なし,なし,なし,なし,なし,なし,なし,なし,11.5,52.6,67.9,なし,なし,なし,なし,なし,なし,〇,なし,〇,なし,なし,なし,なし,なし,なし,なし,なし,なし,なし,なし,なし,なし,なし,なし,なし,なし,なし,なし,0,先,7,202609130604040713,22105216
20260913,中山,7,14,１勝ｸﾗｽ,芝,1600,クリノゴッホ,セ,石田拓郎,新開幸一,美,マツリダゴッホ,2,中山芝1600,1,46278,クリノゴッホ46277,クリノゴッホ46274,クリノゴッホ46275,クリノゴッホ46270,クリノゴッホ46271,クリノゴッホ46263,クリノゴッホ46264,65.5,16,16,57.5,13.3,14.5,68.1,15.8,16.7,60.6,15,14.9,なし,なし,なし,なし,なし,なし,なし,なし,なし,なし,67.9,なし,なし,なし,なし,なし,なし,11.6,52.9,68.3,なし,なし,なし,なし,なし,なし,〇,なし,〇,なし,なし,なし,なし,なし,なし,なし,67.9,×,なし,なし,なし,なし,なし,なし,なし,なし,なし,なし,93,追,7,202609130604040714,20103885
20260913,中山,7,15,１勝ｸﾗｽ,芝,1600,タイセイアストロ,牡,杉原誠人,森一誠,美,ミッキーアイル,2,中山芝1600,1,46278,タイセイアストロ46277,タイセイアストロ46274,タイセイアストロ46275,タイセイアストロ46270,タイセイアストロ46271,タイセイアストロ46263,タイセイアストロ46264,68.4,15.8,16.2,66.4,15.1,16,60.5,14,14,なし,なし,なし,53.1,12.3,12.8,13.4,14.6,なし,なし,なし,なし,なし,65,なし,なし,なし,なし,なし,なし,なし,なし,なし,なし,なし,なし,なし,なし,False,なし,なし,なし,なし,×,なし,×,×,なし,×,65,〇,×,なし,×,×,なし,×,なし,なし,なし,なし,127,差,8,202609130604040715,23103917
20260913,中山,7,16,１勝ｸﾗｽ,芝,1600,スワローシチー,牡,田辺裕信,相沢郁,美,ミッキースワロー,2,中山芝1600,1,46278,スワローシチー46277,スワローシチー46274,スワローシチー46275,スワローシチー46270,スワローシチー46271,スワローシチー46263,スワローシチー46264,65,15.7,16.1,55,12.5,13.4,64.2,14.7,15.7,55,12.9,13.1,なし,なし,なし,なし,なし,なし,なし,なし,なし,なし,63.7,なし,なし,なし,なし,なし,なし,11.9,52.6,68.1,なし,なし,なし,なし,なし,なし,〇,なし,〇,なし,なし,なし,なし,なし,なし,なし,63.7,〇,なし,なし,なし,なし,なし,なし,なし,なし,なし,なし,108,追,8,202609130604040716,22106150
20260913,中山,8,1,１勝ｸﾗｽ,ダ,1200,ホウオウルクソール,牡,今村聖奈,栗田徹,美,ヘニーヒューズ,1,中山ダ1200,1,46278,ホウオウルクソール46277,ホウオウルクソール46274,ホウオウルクソール46275,ホウオウルクソール46270,ホウオウルクソール46271,ホウオウルクソール46263,ホウオウルクソール46264,なし,なし,なし,なし,なし,なし,なし,なし,なし,57.1,13.2,13.7,なし,なし,なし,なし,なし,55.2,13,13.7,13.7,14.8,なし,なし,なし,なし,なし,なし,なし,なし,なし,なし,なし,なし,なし,なし,なし,なし,なし,なし,なし,なし,なし,×,×,なし,×,×,なし,なし,なし,×,×,なし,なし,なし,なし,なし,なし,なし,114,先,1,202609130604040801,23104174
20260913,中山,8,2,１勝ｸﾗｽ,ダ,1200,テンハートビート,牝,ミシェル,西田雄一,美,リオンディーズ,1,中山ダ1200,1,46278,テンハートビート46277,テンハートビート46274,テンハートビート46275,テンハートビート46270,テンハートビート46271,テンハートビート46263,テンハートビート46264,67.3,15.4,16.2,なし,なし,なし,67,16.1,15.9,59,14.1,14.8,なし,なし,なし,なし,なし,なし,なし,なし,なし,なし,67.9,なし,12.2,なし,なし,なし,なし,11.5,52.3,67.6,なし,なし,なし,なし,なし,なし,〇,なし,〇,なし,なし,なし,なし,なし,なし,なし,67.9,×,なし,なし,なし,なし,なし,なし,なし,なし,なし,なし,91,先,1,202609130604040802,23104170
20260913,中山,8,3,１勝ｸﾗｽ,ダ,1200,クラシオン,牡,菊沢一樹,菊沢隆徳,美,モーニン,1,中山ダ1200,1,46278,クラシオン46277,クラシオン46274,クラシオン46275,クラシオン46270,クラシオン46271,クラシオン46263,クラシオン46264,なし,なし,なし,64.5,15.3,16,66.6,16.1,16,58.6,13.2,14.2,55.6,12.8,13.1,13.7,16,なし,なし,なし,なし,なし,なし,なし,なし,なし,なし,なし,なし,なし,なし,なし,なし,なし,なし,なし,なし,なし,なし,なし,なし,なし,×,なし,×,×,なし,×,なし,なし,×,なし,×,×,なし,×,なし,なし,なし,なし,104,先,2,202609130604040803,23104780
20260913,中山,8,4,１勝ｸﾗｽ,ダ,1200,イラーナ,牝,石神深道,林徹,美,Palace Malice,1,中山ダ1200,1,46278,イラーナ46277,イラーナ46274,イラーナ46275,イラーナ46270,イラーナ46271,イラーナ46263,イラーナ46264,66.2,16.4,16,55.2,12.6,13.2,なし,なし,なし,55.1,12.1,13.5,54.6,12.2,13.5,14.4,14.5,なし,なし,なし,なし,なし,67.3,なし,なし,なし,なし,なし,なし,なし,なし,なし,なし,なし,なし,なし,なし,なし,なし,なし,なし,なし,×,なし,×,×,なし,×,67.3,×,×,なし,×,×,なし,×,なし,なし,なし,なし,96,先,2,202609130604040804,21107166
20260913,中山,8,5,１勝ｸﾗｽ,ダ,1200,ペロ,牡,丸山元気,浅利英明,美,シルバーステート,1,中山ダ1200,1,46278,ペロ46277,ペロ46274,ペロ46275,ペロ46270,ペロ46271,ペロ46263,ペロ46264,なし,なし,なし,なし,なし,なし,66.1,15.2,15.3,66.3,16.4,16.5,65.1,14.8,15.6,17,17.7,なし,なし,なし,なし,なし,69.2,13.6,13,なし,なし,13,74.5,なし,なし,なし,87.8,12.6,51.7,67.4,87.8,なし,なし,×,×,なし,×,なし,×,×,なし,×,69.2,×,×,なし,×,×,なし,×,なし,なし,なし,なし,95,差,3,202609130604040805,21103283
20260913,中山,8,6,１勝ｸﾗｽ,ダ,1200,リラキトス,牡,小林美駒,高木登,美,サンダースノー,1,中山ダ1200,1,46278,リラキトス46277,リラキトス46274,リラキトス46275,リラキトス46270,リラキトス46271,リラキトス46263,リラキトス46264,なし,なし,なし,56,11.9,13.7,なし,なし,なし,57.8,11.8,14.7,54.1,12.4,12.8,13.6,15.3,なし,なし,なし,なし,なし,69.2,なし,なし,なし,なし,なし,なし,なし,なし,なし,なし,なし,なし,なし,なし,なし,なし,なし,なし,なし,×,なし,×,×,なし,×,69.2,×,×,なし,×,×,なし,×,なし,なし,なし,なし,0,逃,3,202609130604040806,22103032
20260913,中山,8,7,１勝ｸﾗｽ,ダ,1200,レイフロレット,牝,柴田大知,和田雄二,美,レイデオロ,1,中山ダ1200,1,46278,レイフロレット46277,レイフロレット46274,レイフロレット46275,レイフロレット46270,レイフロレット46271,レイフロレット46263,レイフロレット46264,69.3,16.7,17.3,70,16.2,16.5,67.8,15.6,16.1,66,15.6,15.5,なし,なし,なし,なし,なし,なし,なし,なし,なし,なし,67,なし,なし,なし,なし,なし,なし,12,51.5,66.7,なし,なし,なし,なし,なし,なし,×,なし,×,なし,なし,なし,なし,なし,なし,なし,67,×,なし,なし,なし,なし,なし,なし,なし,なし,なし,なし,85,先,4,202609130604040807,21105875
20260913,中山,8,8,１勝ｸﾗｽ,ダ,1200,ブルーユンチェリー,牝,武藤雅,水野貴広,美,フィエールマン,1,中山ダ1200,1,46278,ブルーユンチェリー46277,ブルーユンチェリー46274,ブルーユンチェリー46275,ブルーユンチェリー46270,ブルーユンチェリー46271,ブルーユンチェリー46263,ブルーユンチェリー46264,なし,なし,なし,なし,なし,なし,なし,なし,なし,なし,なし,なし,69.2,16.6,17.1,17,18.5,なし,なし,なし,なし,なし,69.4,なし,なし,なし,なし,15.5,0,11.7,53,67.6,なし,なし,なし,なし,なし,なし,〇,なし,〇,0,×,なし,×,×,なし,×,69.4,×,×,なし,×,×,なし,×,なし,なし,なし,なし,89,追,4,202609130604040808,22103011
20260913,中山,8,9,１勝ｸﾗｽ,ダ,1200,ニシノヴィヴィ,牝,原優介,矢野英一,美,レッドファルクス,1,中山ダ1200,1,46278,ニシノヴィヴィ46277,ニシノヴィヴィ46274,ニシノヴィヴィ46275,ニシノヴィヴィ46270,ニシノヴィヴィ46271,ニシノヴィヴィ46263,ニシノヴィヴィ46264,66.2,15,15.7,67.7,15.9,15.7,なし,なし,なし,55.5,12.2,13.3,なし,なし,なし,なし,なし,なし,なし,なし,なし,なし,なし,なし,なし,なし,なし,なし,なし,なし,なし,なし,なし,なし,なし,なし,なし,なし,なし,なし,なし,なし,なし,なし,なし,なし,なし,なし,なし,なし,なし,なし,なし,なし,なし,なし,なし,なし,なし,なし,88,差,5,202609130604040809,21100948
20260913,中山,8,10,１勝ｸﾗｽ,ダ,1200,エルムラント,牡,三浦皇成,鹿戸雄一,美,フィエールマン,1,中山ダ1200,1,46278,エルムラント46277,エルムラント46274,エルムラント46275,エルムラント46270,エルムラント46271,エルムラント46263,エルムラント46264,なし,なし,なし,なし,なし,なし,なし,なし,なし,なし,なし,なし,なし,なし,なし,なし,なし,なし,なし,なし,なし,なし,なし,なし,11.7,なし,なし,12.2,0,12,53.5,67.9,なし,なし,なし,なし,なし,False,×,なし,×,なし,なし,なし,なし,なし,なし,なし,なし,なし,なし,なし,なし,なし,なし,なし,なし,なし,なし,なし,109,先,5,202609130604040810,22104678
20260913,中山,8,11,１勝ｸﾗｽ,ダ,1200,トップマジシャン,牡,内田博幸,石栗龍彦,美,モズアスコット,1,中山ダ1200,1,46278,トップマジシャン46277,トップマジシャン46274,トップマジシャン46275,トップマジシャン46270,トップマジシャン46271,トップマジシャン46263,トップマジシャン46264,なし,なし,なし,なし,なし,なし,66.9,14.4,16.2,なし,なし,なし,なし,なし,なし,なし,なし,なし,なし,なし,なし,なし,66.8,なし,11.5,なし,なし,14,76.7,11.6,52.9,67.8,なし,なし,なし,なし,なし,なし,〇,なし,〇,なし,なし,なし,なし,なし,なし,なし,66.8,×,なし,なし,なし,なし,なし,なし,なし,なし,なし,なし,89,追,6,202609130604040811,23105067
20260913,中山,8,12,１勝ｸﾗｽ,ダ,1200,コヴェナント,牝,野中悠太,佐藤吉勝,美,レッドベルジュール,1,中山ダ1200,1,46278,コヴェナント46277,コヴェナント46274,コヴェナント46275,コヴェナント46270,コヴェナント46271,コヴェナント46263,コヴェナント46264,69.1,16.3,17.3,58.6,14.4,14.7,68.9,16.6,17,58.9,14.5,14,52.8,12.6,12.7,13.7,13.8,なし,なし,なし,なし,なし,なし,なし,なし,なし,なし,なし,なし,なし,なし,なし,なし,なし,なし,なし,なし,なし,なし,なし,なし,なし,×,なし,×,×,なし,×,なし,なし,〇,なし,〇,×,なし,×,なし,なし,なし,なし,84,差,6,202609130604040812,22101383
20260913,中山,8,13,１勝ｸﾗｽ,ダ,1200,ラルフテソーロ,牡,丹内祐次,伊藤圭三,美,スワーヴリチャード,1,中山ダ1200,1,46278,ラルフテソーロ46277,ラルフテソーロ46274,ラルフテソーロ46275,ラルフテソーロ46270,ラルフテソーロ46271,ラルフテソーロ46263,ラルフテソーロ46264,67.3,16.4,16.7,55.9,13.2,13,69.3,16.2,17,56.3,12.4,13.8,52.5,12.1,13.1,13.2,14.1,なし,なし,なし,なし,なし,66.5,なし,なし,なし,なし,なし,なし,なし,なし,なし,なし,なし,なし,なし,なし,なし,なし,なし,なし,なし,×,なし,×,×,なし,×,66.5,×,〇,なし,〇,×,なし,×,なし,なし,なし,なし,107,逃,7,202609130604040813,22102269
20260913,中山,8,14,１勝ｸﾗｽ,ダ,1200,シルフレイ,牝,横山和生,千葉直人,美,フォーウィールドライブ,1,中山ダ1200,1,46278,シルフレイ46277,シルフレイ46274,シルフレイ46275,シルフレイ46270,シルフレイ46271,シルフレイ46263,シルフレイ46264,65.7,14.9,15.6,なし,なし,なし,67,15.2,16,なし,なし,なし,なし,なし,なし,なし,なし,なし,なし,なし,なし,なし,なし,なし,11.5,なし,なし,11.1,70.7,11.4,53.7,69.1,なし,なし,なし,なし,なし,なし,〇,なし,〇,なし,なし,なし,なし,なし,なし,なし,なし,なし,なし,なし,なし,なし,なし,なし,なし,なし,なし,なし,110,先,7,202609130604040814,22100620
20260913,中山,8,15,１勝ｸﾗｽ,ダ,1200,ホウオウプレシャス,牡,水沼元輝,天間昭一,美,イスラボニータ,1,中山ダ1200,1,46278,ホウオウプレシャス46277,ホウオウプレシャス46274,ホウオウプレシャス46275,ホウオウプレシャス46270,ホウオウプレシャス46271,ホウオウプレシャス46263,ホウオウプレシャス46264,なし,なし,なし,61.4,14.5,15.6,なし,なし,なし,57,13.1,14,55,12.4,13.1,14.6,14.9,なし,なし,なし,なし,なし,なし,なし,なし,なし,なし,なし,なし,なし,なし,なし,なし,なし,なし,なし,なし,なし,なし,なし,なし,なし,×,なし,×,×,なし,×,なし,なし,×,なし,×,×,なし,×,なし,なし,なし,なし,100,　,8,202609130604040815,20103939
20260913,中山,8,16,１勝ｸﾗｽ,ダ,1200,グランルチャドール,牡,石橋脩,上原佑紀,美,シルバーステート,1,中山ダ1200,1,46278,グランルチャドール46277,グランルチャドール46274,グランルチャドール46275,グランルチャドール46270,グランルチャドール46271,グランルチャドール46263,グランルチャドール46264,63.2,15.6,15.2,55.8,13.1,13.4,なし,なし,なし,なし,なし,なし,なし,なし,なし,なし,なし,なし,なし,なし,なし,なし,65.3,なし,なし,なし,なし,なし,なし,なし,なし,なし,なし,なし,なし,なし,なし,なし,なし,なし,なし,なし,なし,なし,なし,なし,なし,なし,65.3,〇,なし,なし,なし,なし,なし,なし,なし,なし,なし,なし,112,　,8,202609130604040816,21102192
20260913,中山,9,1,習志野特･2勝,芝,1800,イベントホライゾン,牡,松山弘平,池江泰寿,栗,ハービンジャー,2,中山芝1800,2,46278,イベントホライゾン46277,イベントホライゾン46274,イベントホライゾン46275,イベントホライゾン46270,イベントホライゾン46271,イベントホライゾン46263,イベントホライゾン46264,66.2,15.5,15.9,56.4,12.6,12.9,66.6,15.2,15.3,57.4,12.8,13.3,なし,なし,なし,なし,なし,なし,なし,なし,なし,なし,なし,なし,なし,なし,なし,なし,なし,なし,なし,なし,なし,なし,なし,なし,なし,なし,なし,なし,なし,なし,なし,なし,なし,なし,なし,なし,なし,なし,なし,なし,なし,なし,なし,なし,なし,なし,なし,なし,107,先,1,202609130604040901,23107287
20260913,中山,9,2,習志野特･2勝,芝,1800,ブルーマエストロ,牡,川田将雅,黒岩陽一,美,サートゥルナーリア,2,中山芝1800,1,46278,ブルーマエストロ46277,ブルーマエストロ46274,ブルーマエストロ46275,ブルーマエストロ46270,ブルーマエストロ46271,ブルーマエストロ46263,ブルーマエストロ46264,64.8,15,15.7,53.7,12.5,13.1,66,15.4,15.4,54.4,12.2,13,なし,なし,なし,なし,なし,なし,なし,なし,なし,なし,64.4,なし,なし,なし,なし,なし,なし,11.1,52.3,67.3,なし,なし,なし,なし,なし,なし,〇,なし,〇,なし,なし,なし,なし,なし,なし,なし,64.4,〇,なし,なし,なし,なし,なし,なし,なし,なし,なし,なし,130,先,2,202609130604040902,22105189
20260913,中山,9,3,習志野特･2勝,芝,1800,トレサフィール,セ,横山武史,稲垣幸雄,美,サトノダイヤモンド,2,中山芝1800,1,46278,トレサフィール46277,トレサフィール46274,トレサフィール46275,トレサフィール46270,トレサフィール46271,トレサフィール46263,トレサフィール46264,なし,なし,なし,なし,なし,なし,なし,なし,なし,なし,なし,なし,なし,なし,なし,なし,なし,なし,なし,なし,なし,なし,なし,なし,なし,なし,なし,なし,なし,11.6,52.9,68.4,なし,なし,なし,なし,なし,False,〇,なし,〇,なし,なし,なし,なし,なし,なし,なし,なし,なし,なし,なし,なし,なし,なし,なし,なし,なし,なし,なし,110,逃,3,202609130604040903,22102174
20260913,中山,9,4,習志野特･2勝,芝,1800,グランカンタンテ,牝,三浦皇成,鹿戸雄一,美,リアルスティール,2,中山芝1800,1,46278,グランカンタンテ46277,グランカンタンテ46274,グランカンタンテ46275,グランカンタンテ46270,グランカンタンテ46271,グランカンタンテ46263,グランカンタンテ46264,なし,なし,なし,58.6,13.6,14.1,なし,なし,なし,54.1,12.8,12.6,なし,なし,なし,なし,なし,なし,なし,なし,なし,なし,なし,なし,なし,なし,なし,なし,なし,12,52.2,67.7,なし,なし,なし,なし,なし,True,×,なし,×,なし,なし,なし,なし,なし,なし,なし,なし,なし,なし,なし,なし,なし,なし,なし,なし,なし,〇,なし,111,先,4,202609130604040904,21105600
20260913,中山,9,5,習志野特･2勝,芝,1800,スナークピカソ,牡,丹内祐次,高橋一哉,栗,アジアエクスプレス,2,中山芝1800,2,46278,スナークピカソ46277,スナークピカソ46274,スナークピカソ46275,スナークピカソ46270,スナークピカソ46271,スナークピカソ46263,スナークピカソ46264,66.6,16,15.7,60,14.6,14.8,64.4,15.6,16.1,55.9,13.6,13.5,55.6,14.2,12.9,13.6,14.9,なし,なし,なし,なし,なし,なし,なし,なし,なし,なし,なし,なし,なし,なし,なし,なし,なし,なし,なし,なし,なし,なし,なし,なし,なし,×,なし,×,×,なし,×,なし,なし,×,なし,×,〇,なし,〇,なし,なし,×,×,107,先,5,202609130604040905,22104171
20260913,中山,9,6,習志野特･2勝,芝,1800,ヤマニンガラッシア,牡,大野拓弥,辻哲英,美,ディープインパクト,2,中山芝1800,1,46278,ヤマニンガラッシア46277,ヤマニンガラッシア46274,ヤマニンガラッシア46275,ヤマニンガラッシア46270,ヤマニンガラッシア46271,ヤマニンガラッシア46263,ヤマニンガラッシア46264,なし,なし,なし,なし,なし,なし,なし,なし,なし,なし,なし,なし,なし,なし,なし,なし,なし,なし,なし,なし,なし,なし,なし,なし,13,なし,なし,12.4,75,12,52.9,67.8,なし,なし,なし,なし,なし,なし,×,なし,×,なし,なし,なし,なし,なし,なし,なし,なし,なし,なし,なし,なし,なし,なし,なし,なし,なし,なし,なし,105,逃,6,202609130604040906,17101772
20260913,中山,9,7,習志野特･2勝,芝,1800,グロスビーク,牡,津村明秀,田中博康,美,シスキン,2,中山芝1800,1,46278,グロスビーク46277,グロスビーク46274,グロスビーク46275,グロスビーク46270,グロスビーク46271,グロスビーク46263,グロスビーク46264,なし,なし,なし,なし,なし,なし,なし,なし,なし,なし,なし,なし,なし,なし,なし,なし,なし,なし,なし,なし,なし,なし,なし,13.7,12,12.3,0,12.1,67.5,11.2,51.8,66.8,なし,なし,なし,なし,なし,なし,〇,なし,〇,75.4,なし,なし,なし,なし,なし,なし,なし,なし,なし,なし,なし,なし,なし,なし,なし,なし,なし,なし,118,逃,6,202609130604040907,22104608
20260913,中山,9,8,習志野特･2勝,芝,1800,ホークマン,牡,柴田大知,粕谷昌央,美,ホークビル,2,中山芝1800,1,46278,ホークマン46277,ホークマン46274,ホークマン46275,ホークマン46270,ホークマン46271,ホークマン46263,ホークマン46264,なし,なし,なし,58.1,13.6,14.1,なし,なし,なし,57.5,13.6,14.2,54.4,12.4,13.4,13.7,14.9,なし,なし,なし,なし,なし,なし,なし,なし,なし,なし,なし,なし,なし,なし,なし,なし,なし,なし,なし,なし,なし,なし,なし,なし,なし,×,なし,×,×,なし,×,なし,なし,×,なし,×,×,なし,×,なし,なし,なし,なし,84,追,7,202609130604040908,21100008
20260913,中山,9,9,習志野特･2勝,芝,1800,レッセパッセ,牝,菊沢一樹,柄崎将寿,美,ダノンバラード,2,中山芝1800,1,46278,レッセパッセ46277,レッセパッセ46274,レッセパッセ46275,レッセパッセ46270,レッセパッセ46271,レッセパッセ46263,レッセパッセ46264,なし,なし,なし,なし,なし,なし,なし,なし,なし,なし,なし,なし,なし,なし,なし,なし,なし,なし,なし,なし,なし,なし,65.3,なし,なし,なし,なし,なし,なし,なし,なし,なし,なし,なし,なし,なし,なし,なし,なし,なし,なし,なし,なし,なし,なし,なし,なし,なし,65.3,〇,なし,なし,なし,なし,なし,なし,なし,なし,なし,なし,86,追,7,202609130604040909,21106826
20260913,中山,9,10,習志野特･2勝,芝,1800,ワンモアスマイル,セ,岩田康誠,藤岡健一,栗,ブリックスアンドモルタル,2,中山芝1800,2,46278,ワンモアスマイル46277,ワンモアスマイル46274,ワンモアスマイル46275,ワンモアスマイル46270,ワンモアスマイル46271,ワンモアスマイル46263,ワンモアスマイル46264,なし,なし,なし,68,16.6,16.4,なし,なし,なし,58.4,13.8,14.9,なし,なし,なし,なし,なし,なし,なし,なし,なし,なし,なし,なし,なし,なし,なし,なし,なし,11.6,53,68.3,なし,なし,なし,なし,なし,False,〇,なし,〇,なし,なし,なし,なし,なし,なし,なし,なし,なし,なし,なし,なし,なし,なし,なし,なし,なし,なし,なし,93,先,8,202609130604040910,22105590
20260913,中山,9,11,習志野特･2勝,芝,1800,マイネルアレス,牡,岩田望来,相沢郁,美,スクリーンヒーロー,2,中山芝1800,1,46278,マイネルアレス46277,マイネルアレス46274,マイネルアレス46275,マイネルアレス46270,マイネルアレス46271,マイネルアレス46263,マイネルアレス46264,なし,なし,なし,なし,なし,なし,65.2,15.4,16,64.9,16,15.9,なし,なし,なし,なし,なし,なし,なし,なし,なし,なし,なし,なし,なし,なし,なし,なし,なし,11.7,53.1,68.7,なし,なし,なし,なし,なし,なし,〇,なし,〇,なし,なし,なし,なし,なし,なし,なし,なし,なし,なし,なし,なし,なし,なし,なし,なし,なし,なし,なし,109,先,8,202609130604040911,22106817
20260913,中山,10,1,初風Ｓ･3勝,ダ,1200,パルデンス,牡,小林凌大,森一誠,美,ディープブリランテ,1,中山ダ1200,1,46278,パルデンス46277,パルデンス46274,パルデンス46275,パルデンス46270,パルデンス46271,パルデンス46263,パルデンス46264,なし,なし,なし,66.4,15.1,16.2,63.8,14.8,15.6,55.5,13.2,13.2,64.6,15,15.9,16.5,17.2,なし,なし,なし,なし,なし,66.4,なし,なし,なし,なし,なし,なし,なし,なし,なし,88.2,11.5,52.9,68.7,88.2,False,なし,〇,〇,なし,×,なし,×,×,なし,×,66.4,×,×,なし,×,×,なし,×,なし,なし,なし,なし,91,追,1,202609130604041001,18104775
20260913,中山,10,2,初風Ｓ･3勝,ダ,1200,ドンレパルス,牡,三浦皇成,高木登,美,ディスクリートキャット,1,中山ダ1200,1,46278,ドンレパルス46277,ドンレパルス46274,ドンレパルス46275,ドンレパルス46270,ドンレパルス46271,ドンレパルス46263,ドンレパルス46264,なし,なし,なし,56.1,11.9,13.4,なし,なし,なし,56.1,12.3,13.3,54,12.8,12.9,13.3,15,なし,なし,なし,なし,なし,なし,なし,なし,なし,なし,なし,なし,なし,なし,なし,なし,なし,なし,なし,なし,なし,なし,なし,なし,なし,×,なし,×,×,なし,×,なし,なし,×,なし,×,×,なし,×,なし,なし,なし,なし,103,先,2,202609130604041002,19100553
20260913,中山,10,3,初風Ｓ･3勝,ダ,1200,コパノヴィンセント,牡,柴田大知,上原博之,美,コパノリッキー,1,中山ダ1200,1,46278,コパノヴィンセント46277,コパノヴィンセント46274,コパノヴィンセント46275,コパノヴィンセント46270,コパノヴィンセント46271,コパノヴィンセント46263,コパノヴィンセント46264,66.9,15.9,16.7,59.4,14.7,14.3,なし,なし,なし,56.1,14,13.5,なし,なし,なし,なし,なし,なし,なし,なし,なし,なし,67,なし,なし,なし,なし,なし,なし,12.6,54.3,69.4,なし,なし,なし,なし,なし,なし,×,なし,×,なし,なし,なし,なし,なし,なし,なし,67,×,なし,なし,なし,なし,なし,なし,なし,なし,なし,なし,100,先,3,202609130604041003,22107047
20260913,中山,10,4,初風Ｓ･3勝,ダ,1200,スプランドゥール,牡,石神深道,和田雄二,美,シルバーステート,1,中山ダ1200,1,46278,スプランドゥール46277,スプランドゥール46274,スプランドゥール46275,スプランドゥール46270,スプランドゥール46271,スプランドゥール46263,スプランドゥール46264,なし,なし,なし,なし,なし,なし,なし,なし,なし,なし,なし,なし,なし,なし,なし,なし,なし,なし,なし,なし,なし,なし,なし,なし,なし,なし,なし,なし,なし,11.1,50.6,66.5,なし,なし,なし,なし,なし,なし,〇,なし,〇,なし,なし,なし,なし,なし,なし,なし,なし,なし,なし,なし,なし,なし,なし,なし,なし,なし,なし,なし,93,追,4,202609130604041004,21100623
20260913,中山,10,5,初風Ｓ･3勝,ダ,1200,アデランテ,セ,吉田豊,菊川正達,美,ミッキーグローリー,1,中山ダ1200,1,46278,アデランテ46277,アデランテ46274,アデランテ46275,アデランテ46270,アデランテ46271,アデランテ46263,アデランテ46264,64.3,15.8,15.5,58.7,14,14.4,64.8,15.7,16,59,14.7,14.2,53.8,12,13.2,13.7,14.9,なし,なし,なし,なし,なし,65.1,なし,なし,なし,なし,なし,なし,なし,なし,なし,なし,なし,なし,なし,なし,なし,なし,なし,なし,なし,〇,なし,〇,×,なし,×,65.1,〇,×,なし,×,×,なし,×,なし,〇,〇,なし,106,逃,5,202609130604041005,21103525
20260913,中山,10,6,初風Ｓ･3勝,ダ,1200,ポッドソル,牡,丸山元気,手塚貴徳,美,オルフェーヴル,1,中山ダ1200,1,46278,ポッドソル46277,ポッドソル46274,ポッドソル46275,ポッドソル46270,ポッドソル46271,ポッドソル46263,ポッドソル46264,なし,なし,なし,55.2,12.4,12.8,66.3,15.7,16.1,56.4,12.6,14.1,53.9,12.8,13,13.6,14.5,なし,なし,なし,なし,なし,なし,14.1,なし,なし,なし,なし,なし,なし,なし,なし,なし,なし,なし,なし,なし,なし,なし,なし,なし,なし,×,なし,×,×,なし,×,なし,なし,×,なし,×,×,なし,×,なし,なし,なし,なし,92,逃,6,202609130604041006,22105537
20260913,中山,10,7,初風Ｓ･3勝,ダ,1200,メイショウコバト,牝,石橋脩,和田勇介,美,ダノンレジェンド,1,中山ダ1200,1,46278,メイショウコバト46277,メイショウコバト46274,メイショウコバト46275,メイショウコバト46270,メイショウコバト46271,メイショウコバト46263,メイショウコバト46264,なし,なし,なし,なし,なし,なし,なし,なし,なし,なし,なし,なし,なし,なし,なし,なし,なし,なし,なし,なし,なし,なし,なし,なし,13.6,なし,なし,11.7,69.5,11.8,50.6,65.7,なし,なし,なし,なし,なし,なし,〇,なし,〇,0,なし,なし,なし,なし,なし,なし,なし,なし,なし,なし,なし,なし,なし,なし,なし,なし,なし,なし,93,先,7,202609130604041007,20106908
20260913,中山,10,8,初風Ｓ･3勝,ダ,1200,ワンダラー,牡,丹内祐次,黒岩陽一,美,マクフィ,1,中山ダ1200,1,46278,ワンダラー46277,ワンダラー46274,ワンダラー46275,ワンダラー46270,ワンダラー46271,ワンダラー46263,ワンダラー46264,65.3,15,15.3,55.2,12.8,13.5,66.5,15.4,16.6,55,12.7,13.4,なし,なし,なし,なし,なし,なし,なし,なし,なし,なし,64.9,なし,なし,なし,なし,なし,なし,12.5,53,67.4,なし,なし,なし,なし,なし,なし,×,なし,×,なし,なし,なし,なし,なし,なし,なし,64.9,〇,なし,なし,なし,なし,なし,なし,なし,なし,なし,なし,102,先,7,202609130604041008,22100071
20260913,中山,10,9,初風Ｓ･3勝,ダ,1200,アシャカトベ,牡,横山武史,小笠倫弘,美,ミスターメロディ,1,中山ダ1200,1,46278,アシャカトベ46277,アシャカトベ46274,アシャカトベ46275,アシャカトベ46270,アシャカトベ46271,アシャカトベ46263,アシャカトベ46264,なし,なし,なし,58.5,14.7,14.6,なし,なし,なし,61.2,15,15,なし,なし,なし,なし,なし,なし,なし,なし,なし,なし,なし,なし,なし,なし,なし,なし,なし,12,51.3,66.5,なし,なし,なし,なし,なし,なし,×,なし,×,なし,なし,なし,なし,なし,なし,なし,なし,なし,なし,なし,なし,なし,なし,なし,なし,なし,なし,なし,127,追,8,202609130604041009,22107163
20260913,中山,10,10,初風Ｓ･3勝,ダ,1200,イリフィ,牝,川田将雅,高野友和,栗,Too Darn Hot,1,中山ダ1200,2,46278,イリフィ46277,イリフィ46274,イリフィ46275,イリフィ46270,イリフィ46271,イリフィ46263,イリフィ46264,68.6,16.3,16.3,57.3,13,13.7,なし,なし,なし,55.8,12.8,12.9,54.9,12.5,12.7,14,15.7,なし,なし,なし,なし,なし,なし,なし,なし,なし,なし,なし,なし,なし,なし,なし,なし,なし,なし,なし,なし,False,なし,なし,なし,なし,×,なし,×,×,なし,×,なし,なし,×,なし,×,×,なし,×,なし,なし,なし,なし,120,差,8,202609130604041010,22110077
20260913,中山,11,1,セントラG2,芝,2200,ウェイクフィールド,牡,横山和生,嘉藤貴行,美,キズナ,2,中山芝2200,1,46278,ウェイクフィールド46277,ウェイクフィールド46274,ウェイクフィールド46275,ウェイクフィールド46270,ウェイクフィールド46271,ウェイクフィールド46263,ウェイクフィールド46264,64.1,15.4,15.8,55.6,13,13.7,63.2,14.3,15.8,なし,なし,なし,なし,なし,なし,なし,なし,なし,なし,なし,なし,なし,63.5,なし,なし,なし,なし,12.1,72,11.4,51.5,67,なし,なし,なし,なし,なし,なし,〇,なし,〇,0,なし,なし,なし,なし,なし,なし,63.5,〇,なし,なし,なし,なし,なし,なし,なし,なし,なし,なし,88,逃,1,202609130604041101,23103500
20260913,中山,11,2,セントラG2,芝,2200,アウダーシア,牡,津村明秀,手塚貴久,美,キズナ,2,中山芝2200,1,46278,アウダーシア46277,アウダーシア46274,アウダーシア46275,アウダーシア46270,アウダーシア46271,アウダーシア46263,アウダーシア46264,なし,なし,なし,なし,なし,なし,68.2,16.7,16.1,56,12.9,13.6,なし,なし,なし,なし,なし,なし,なし,なし,なし,なし,67.8,なし,なし,なし,なし,なし,なし,11.7,51.8,68.1,なし,なし,なし,なし,なし,なし,〇,なし,〇,なし,なし,なし,なし,なし,なし,なし,67.8,×,なし,なし,なし,なし,なし,なし,なし,なし,なし,なし,114,追,1,202609130604041102,23107321
20260913,中山,11,3,セントラG2,芝,2200,バドリナート,牡,丸山元気,松永幹夫,栗,コントレイル,2,中山芝2200,2,46278,バドリナート46277,バドリナート46274,バドリナート46275,バドリナート46270,バドリナート46271,バドリナート46263,バドリナート46264,66.1,15.6,15.9,なし,なし,なし,66.6,15.8,16.2,なし,なし,なし,なし,なし,なし,なし,なし,なし,なし,なし,なし,なし,なし,なし,14.8,なし,なし,14.3,74.8,12.3,54.8,69.2,なし,なし,なし,なし,なし,なし,×,なし,×,なし,なし,なし,なし,なし,なし,なし,なし,なし,なし,なし,なし,なし,なし,なし,なし,なし,なし,なし,103,追,2,202609130604041103,23107278
20260913,中山,11,4,セントラG2,芝,2200,リッツパーティー,牡,丹内祐次,岩戸孝樹,美,ミッキーロケット,2,中山芝2200,1,46278,リッツパーティー46277,リッツパーティー46274,リッツパーティー46275,リッツパーティー46270,リッツパーティー46271,リッツパーティー46263,リッツパーティー46264,68.5,16.1,15.9,57,12.1,14.1,67,16.6,16.4,54.5,11.6,13.3,なし,なし,なし,なし,なし,なし,なし,なし,なし,なし,なし,なし,なし,なし,なし,なし,なし,11.3,52.7,67.2,なし,なし,なし,なし,なし,なし,〇,なし,〇,なし,なし,なし,なし,なし,なし,なし,なし,なし,なし,なし,なし,なし,なし,なし,なし,なし,なし,なし,116,先,2,202609130604041104,23104224
20260913,中山,11,5,セントラG2,芝,2200,アスクエジンバラ,牡,岩田康誠,福永祐一,栗,リオンディーズ,2,中山芝2200,2,46278,アスクエジンバラ46277,アスクエジンバラ46274,アスクエジンバラ46275,アスクエジンバラ46270,アスクエジンバラ46271,アスクエジンバラ46263,アスクエジンバラ46264,なし,なし,なし,60.1,14.1,14.4,なし,なし,なし,55.2,12.9,13.2,なし,なし,なし,なし,なし,なし,なし,なし,なし,なし,なし,なし,なし,なし,なし,なし,なし,11.4,55.1,71.5,なし,なし,なし,なし,なし,なし,〇,なし,〇,なし,なし,なし,なし,なし,なし,なし,なし,なし,なし,なし,なし,なし,なし,なし,なし,なし,なし,なし,111,先,3,202609130604041105,23106400
20260913,中山,11,6,セントラG2,芝,2200,サヴォアフェール,牡,松山弘平,杉山晴紀,栗,エピファネイア,2,中山芝2200,2,46278,サヴォアフェール46277,サヴォアフェール46274,サヴォアフェール46275,サヴォアフェール46270,サヴォアフェール46271,サヴォアフェール46263,サヴォアフェール46264,65.9,15.2,16.1,56.4,13,14.2,66.2,15.9,14.9,57.7,13.7,13.9,54.5,13.1,12.9,13.7,14.8,なし,なし,なし,なし,なし,なし,なし,なし,なし,なし,なし,なし,なし,なし,なし,なし,なし,なし,なし,なし,False,なし,なし,なし,なし,×,なし,×,×,なし,×,なし,なし,×,なし,×,〇,なし,〇,なし,なし,×,×,113,差,3,202609130604041106,23105645
20260913,中山,11,7,セントラG2,芝,2200,ジャスティンシカゴ,牡,原優介,宮田敬介,美,スワーヴリチャード,2,中山芝2200,1,46278,ジャスティンシカゴ46277,ジャスティンシカゴ46274,ジャスティンシカゴ46275,ジャスティンシカゴ46270,ジャスティンシカゴ46271,ジャスティンシカゴ46263,ジャスティンシカゴ46264,66,15.3,15.4,55.6,12.6,14,62.7,13.9,14.7,なし,なし,なし,なし,なし,なし,なし,なし,なし,なし,なし,なし,なし,なし,なし,なし,なし,なし,11.3,66.8,11.5,51.6,65.4,なし,なし,なし,なし,なし,なし,〇,なし,〇,なし,なし,なし,なし,なし,なし,なし,なし,なし,なし,なし,なし,なし,なし,なし,なし,なし,なし,なし,112,逃,4,202609130604041107,23106924
20260913,中山,11,8,セントラG2,芝,2200,ゴーイントゥスカイ,牡,武豊,上原佑紀,美,コントレイル,2,中山芝2200,1,46278,ゴーイントゥスカイ46277,ゴーイントゥスカイ46274,ゴーイントゥスカイ46275,ゴーイントゥスカイ46270,ゴーイントゥスカイ46271,ゴーイントゥスカイ46263,ゴーイントゥスカイ46264,67,15.8,16.1,59.4,14,14.8,なし,なし,なし,55.5,13,13.3,63.1,14.9,15.7,15.9,16.6,なし,なし,なし,なし,なし,63.6,なし,なし,なし,なし,なし,なし,なし,なし,なし,82.9,12.5,52.2,67.3,82.9,なし,なし,×,×,なし,×,なし,×,×,なし,×,63.6,〇,×,なし,×,×,なし,×,なし,なし,なし,なし,126,追,4,202609130604041108,23105378
20260913,中山,11,9,セントラG2,芝,2200,サノノグレーター,牡,田辺裕信,尾形和幸,美,グレーターロンドン,2,中山芝2200,1,46278,サノノグレーター46277,サノノグレーター46274,サノノグレーター46275,サノノグレーター46270,サノノグレーター46271,サノノグレーター46263,サノノグレーター46264,65.8,15.1,16.5,58.3,14.2,14,68,16,16.7,68.2,16.3,16.2,53.6,12.4,12.9,13.5,14.8,なし,なし,なし,なし,なし,65.6,なし,なし,15.6,0,13,72.1,なし,なし,なし,なし,なし,なし,なし,なし,なし,なし,なし,なし,なし,×,なし,×,×,なし,×,65.6,〇,×,なし,×,×,なし,×,なし,なし,なし,なし,124,差,5,202609130604041109,23100724
20260913,中山,11,10,セントラG2,芝,2200,バステール,牡,川田将雅,斉藤崇史,栗,キタサンブラック,2,中山芝2200,2,46278,バステール46277,バステール46274,バステール46275,バステール46270,バステール46271,バステール46263,バステール46264,なし,なし,なし,なし,なし,なし,なし,なし,なし,なし,なし,なし,なし,なし,なし,なし,なし,なし,なし,なし,なし,なし,なし,なし,なし,なし,なし,なし,なし,12,53.8,68.5,なし,なし,なし,なし,なし,False,×,なし,×,なし,なし,なし,なし,なし,なし,なし,なし,なし,なし,なし,なし,なし,なし,なし,なし,なし,なし,なし,123,マ,5,202609130604041110,23107247
20260913,中山,11,11,セントラG2,芝,2200,ミリオンクラウン,牡,横山典弘,和田雄二,美,リーチザクラウン,2,中山芝2200,1,46278,ミリオンクラウン46277,ミリオンクラウン46274,ミリオンクラウン46275,ミリオンクラウン46270,ミリオンクラウン46271,ミリオンクラウン46263,ミリオンクラウン46264,68.4,16.8,16.8,68.5,17.1,16.8,66.6,16.2,16.3,なし,なし,なし,なし,なし,なし,なし,なし,なし,なし,なし,なし,なし,69.1,なし,なし,なし,なし,13.4,72.8,11.3,53.2,69.2,なし,なし,なし,なし,なし,なし,〇,なし,〇,なし,なし,なし,なし,なし,なし,なし,69.1,×,なし,なし,なし,なし,なし,なし,なし,なし,なし,なし,107,差,6,202609130604041111,23100840
20260913,中山,11,12,セントラG2,芝,2200,ラージアンサンブル,牡,岩田望来,武井亮,美,ベンバトル,2,中山芝2200,1,46278,ラージアンサンブル46277,ラージアンサンブル46274,ラージアンサンブル46275,ラージアンサンブル46270,ラージアンサンブル46271,ラージアンサンブル46263,ラージアンサンブル46264,64.1,15.3,15.5,55.2,12.7,13.5,64.4,16.2,15.8,54.1,12.3,13,なし,なし,なし,なし,なし,なし,なし,なし,なし,なし,64.8,なし,なし,なし,なし,なし,なし,11.4,52.1,66.3,なし,なし,なし,なし,なし,なし,〇,なし,〇,なし,なし,なし,なし,なし,なし,なし,64.8,〇,なし,なし,なし,なし,なし,なし,なし,なし,なし,なし,100,差,6,202609130604041112,23105560
20260913,中山,11,13,セントラG2,芝,2200,フウセン,牡,鮫島克駿,杉山晴紀,栗,コントレイル,2,中山芝2200,2,46278,フウセン46277,フウセン46274,フウセン46275,フウセン46270,フウセン46271,フウセン46263,フウセン46264,69.4,16.7,17.6,56.8,13.6,14.1,69.5,16.7,16.4,58.9,13.7,14.9,なし,なし,なし,なし,なし,なし,なし,なし,なし,なし,なし,なし,なし,なし,なし,なし,なし,12.3,52.7,0,なし,なし,なし,なし,なし,False,×,なし,×,なし,なし,なし,なし,なし,なし,なし,なし,なし,なし,なし,なし,なし,なし,なし,なし,なし,なし,なし,110,先,7,202609130604041113,23104552
20260913,中山,11,14,セントラG2,芝,2200,ティラーノ,牡,石橋脩,小手川準,美,ゴールドシップ,2,中山芝2200,1,46278,ティラーノ46277,ティラーノ46274,ティラーノ46275,ティラーノ46270,ティラーノ46271,ティラーノ46263,ティラーノ46264,67.3,16.1,16,57,12.8,13.3,67.9,15.1,17,なし,なし,なし,なし,なし,なし,なし,なし,なし,なし,なし,なし,なし,なし,14,なし,14.4,0,11.9,68.9,11.4,51.9,67.6,なし,なし,なし,なし,なし,なし,〇,なし,〇,なし,なし,なし,なし,なし,なし,なし,なし,なし,なし,なし,なし,なし,なし,なし,なし,なし,なし,なし,73,追,7,202609130604041114,23101855
20260913,中山,11,15,セントラG2,芝,2200,エリプティクカーブ,牡,横山武史,古賀大生,美,レイデオロ,2,中山芝2200,1,46278,エリプティクカーブ46277,エリプティクカーブ46274,エリプティクカーブ46275,エリプティクカーブ46270,エリプティクカーブ46271,エリプティクカーブ46263,エリプティクカーブ46264,なし,なし,なし,56.3,13.5,13.7,なし,なし,なし,なし,なし,なし,なし,なし,なし,なし,なし,なし,なし,なし,なし,なし,なし,なし,なし,15.2,0,12.8,70.2,11.4,52.7,67.3,なし,なし,なし,なし,なし,なし,〇,なし,〇,0,なし,なし,なし,なし,なし,なし,なし,なし,なし,なし,なし,なし,なし,なし,なし,なし,なし,なし,106,差,8,202609130604041115,23103908
20260913,中山,11,16,セントラG2,芝,2200,ラディアントスター,牡,池添謙一,林徹,美,サトノアラジン,2,中山芝2200,1,46278,ラディアントスター46277,ラディアントスター46274,ラディアントスター46275,ラディアントスター46270,ラディアントスター46271,ラディアントスター46263,ラディアントスター46264,68.1,16,17,56.7,12.7,13.6,60.5,13.8,15.1,なし,なし,なし,なし,なし,なし,なし,なし,なし,なし,なし,なし,なし,なし,なし,なし,なし,なし,11.5,69.2,11,50.9,65.9,なし,なし,なし,なし,なし,なし,〇,なし,〇,なし,なし,なし,なし,なし,なし,なし,なし,なし,なし,なし,なし,なし,なし,なし,なし,なし,なし,なし,116,差,8,202609130604041116,23107250
20260913,中山,12,1,２勝ｸﾗｽ,ダ,1800,コスモコンフェルマ,牡,柴田大知,鈴木慎太,美,ホッコータルマエ,1,中山ダ1800,1,46278,コスモコンフェルマ46277,コスモコンフェルマ46274,コスモコンフェルマ46275,コスモコンフェルマ46270,コスモコンフェルマ46271,コスモコンフェルマ46263,コスモコンフェルマ46264,なし,なし,なし,なし,なし,なし,なし,なし,なし,67.6,15.7,16.5,なし,なし,なし,なし,なし,なし,なし,なし,なし,なし,なし,なし,なし,なし,なし,なし,なし,13,53.1,67.4,なし,なし,なし,なし,なし,なし,×,なし,×,なし,なし,なし,なし,なし,なし,なし,なし,なし,なし,なし,なし,なし,なし,なし,なし,なし,なし,なし,106,先,1,202609130604041201,22100526
20260913,中山,12,2,２勝ｸﾗｽ,ダ,1800,ハイラント,セ,内田博幸,伊藤大士,美,バゴ,1,中山ダ1800,1,46278,ハイラント46277,ハイラント46274,ハイラント46275,ハイラント46270,ハイラント46271,ハイラント46263,ハイラント46264,64.7,16.6,15.9,56.4,14,14,62.7,14.7,15.9,なし,なし,なし,なし,なし,なし,なし,なし,なし,なし,なし,なし,なし,64.8,なし,なし,なし,なし,12.1,71.2,11.7,51.3,65.5,なし,なし,なし,なし,なし,なし,〇,なし,〇,なし,なし,なし,なし,なし,なし,なし,64.8,〇,なし,なし,なし,なし,なし,なし,なし,なし,なし,なし,97,マ,2,202609130604041202,21103033
20260913,中山,12,3,２勝ｸﾗｽ,ダ,1800,ニシノケンタマン,牡,野中悠太,深山雅史,美,アポロケンタッキー,1,中山ダ1800,1,46278,ニシノケンタマン46277,ニシノケンタマン46274,ニシノケンタマン46275,ニシノケンタマン46270,ニシノケンタマン46271,ニシノケンタマン46263,ニシノケンタマン46264,なし,なし,なし,なし,なし,なし,なし,なし,なし,なし,なし,なし,なし,なし,なし,なし,なし,なし,なし,なし,なし,なし,なし,なし,なし,なし,なし,なし,なし,12.2,55.5,71.1,なし,なし,なし,なし,なし,なし,×,なし,×,なし,なし,なし,なし,なし,なし,なし,なし,なし,なし,なし,なし,なし,なし,なし,なし,なし,なし,なし,105,先,3,202609130604041203,22106427
20260913,中山,12,4,２勝ｸﾗｽ,ダ,1800,ジェイエルモーダル,牡,田辺裕信,松尾卓哉,美,デクラレーションオブウォー,1,中山ダ1800,1,46278,ジェイエルモーダル46277,ジェイエルモーダル46274,ジェイエルモーダル46275,ジェイエルモーダル46270,ジェイエルモーダル46271,ジェイエルモーダル46263,ジェイエルモーダル46264,65.6,15.1,15.5,56.1,13.9,13.9,64.9,15,15.3,56,13.2,13.7,52.7,12.4,12.8,13.2,14.3,なし,なし,なし,なし,なし,65.5,なし,なし,なし,なし,なし,なし,なし,なし,なし,なし,なし,なし,なし,なし,なし,なし,なし,なし,なし,×,なし,×,×,なし,×,65.5,〇,〇,なし,〇,×,なし,×,なし,なし,なし,なし,116,マ,4,202609130604041204,23106313
20260913,中山,12,5,２勝ｸﾗｽ,ダ,1800,メイショウリリー,牝,横山琉人,高橋義忠,栗,ゴールドシップ,1,中山ダ1800,2,46278,メイショウリリー46277,メイショウリリー46274,メイショウリリー46275,メイショウリリー46270,メイショウリリー46271,メイショウリリー46263,メイショウリリー46264,69.9,16.4,16.5,59,14.8,14.1,なし,なし,なし,59.7,14,14.4,56.4,12.9,13.3,15,15.2,なし,なし,なし,なし,なし,なし,なし,なし,なし,なし,なし,なし,なし,なし,なし,なし,なし,なし,なし,なし,なし,なし,なし,なし,なし,×,なし,×,×,なし,×,なし,なし,×,なし,×,×,なし,×,なし,なし,なし,なし,99,追,4,202609130604041205,21103209
20260913,中山,12,6,２勝ｸﾗｽ,ダ,1800,バードウォッチャー,牡,岩田康誠,中舘英二,美,ブラックタイド,1,中山ダ1800,1,46278,バードウォッチャー46277,バードウォッチャー46274,バードウォッチャー46275,バードウォッチャー46270,バードウォッチャー46271,バードウォッチャー46263,バードウォッチャー46264,なし,なし,なし,なし,なし,なし,なし,なし,なし,なし,なし,なし,なし,なし,なし,なし,なし,なし,なし,なし,なし,なし,なし,なし,11.8,なし,なし,12.1,74.4,12,55,69.9,なし,なし,なし,なし,なし,なし,×,なし,×,なし,なし,なし,なし,なし,なし,なし,なし,なし,なし,なし,なし,なし,なし,なし,なし,なし,なし,なし,99,先,5,202609130604041206,21105375
20260913,中山,12,7,２勝ｸﾗｽ,ダ,1800,ラストレガシー,牡,岩田望来,手塚貴久,美,ドゥラメンテ,1,中山ダ1800,1,46278,ラストレガシー46277,ラストレガシー46274,ラストレガシー46275,ラストレガシー46270,ラストレガシー46271,ラストレガシー46263,ラストレガシー46264,なし,なし,なし,57.4,13.9,14,66.6,16.6,16.1,56.2,13.5,13.6,なし,なし,なし,なし,なし,なし,なし,なし,なし,なし,なし,16.2,なし,なし,なし,なし,なし,11.9,54.1,69.2,なし,なし,なし,なし,なし,なし,〇,なし,〇,なし,なし,なし,なし,なし,なし,なし,なし,なし,なし,なし,なし,なし,なし,なし,なし,なし,なし,なし,122,差,5,202609130604041207,22105556
20260913,中山,12,8,２勝ｸﾗｽ,ダ,1800,カゼノタカトシ,牡,今村聖奈,久保田貴,美,レイデオロ,1,中山ダ1800,1,46278,カゼノタカトシ46277,カゼノタカトシ46274,カゼノタカトシ46275,カゼノタカトシ46270,カゼノタカトシ46271,カゼノタカトシ46263,カゼノタカトシ46264,なし,なし,なし,67.1,16.2,16.5,67.3,15.8,17,なし,なし,なし,なし,なし,なし,なし,なし,なし,なし,なし,なし,なし,なし,なし,なし,なし,なし,11.6,71.6,11.8,52.6,67,なし,なし,なし,なし,なし,なし,〇,なし,〇,なし,なし,なし,なし,なし,なし,なし,なし,なし,なし,なし,なし,なし,なし,なし,なし,なし,なし,なし,110,先,6,202609130604041208,22107226
20260913,中山,12,9,２勝ｸﾗｽ,ダ,1800,ナイトスラッガー,牡,横山武史,小手川準,美,ルーラーシップ,1,中山ダ1800,1,46278,ナイトスラッガー46277,ナイトスラッガー46274,ナイトスラッガー46275,ナイトスラッガー46270,ナイトスラッガー46271,ナイトスラッガー46263,ナイトスラッガー46264,66.6,16,15.9,52.2,12.7,12.9,69.8,17.1,17.6,なし,なし,なし,なし,なし,なし,なし,なし,なし,なし,なし,なし,なし,なし,15.1,なし,15.1,0,11.9,69.5,12.3,53.8,68.9,なし,なし,なし,なし,なし,なし,×,なし,×,なし,なし,なし,なし,なし,なし,なし,なし,なし,なし,なし,なし,なし,なし,なし,なし,なし,なし,なし,121,差,6,202609130604041209,21101603
20260913,中山,12,10,２勝ｸﾗｽ,ダ,1800,ブレゲアン,牡,大野拓弥,中舘英二,美,シルバーステート,1,中山ダ1800,1,46278,ブレゲアン46277,ブレゲアン46274,ブレゲアン46275,ブレゲアン46270,ブレゲアン46271,ブレゲアン46263,ブレゲアン46264,なし,なし,なし,68.1,15.8,16.5,なし,なし,なし,70,16.5,16.8,なし,なし,なし,なし,なし,なし,なし,なし,なし,なし,なし,なし,14.3,なし,なし,15.6,87.4,11.9,52,67.1,なし,なし,なし,なし,なし,なし,〇,なし,〇,なし,なし,なし,なし,なし,なし,なし,なし,なし,なし,なし,なし,なし,なし,なし,なし,なし,なし,なし,98,逃,7,202609130604041210,22106951
20260913,中山,12,11,２勝ｸﾗｽ,ダ,1800,ブレードサクセス,牡,丹内祐次,岩戸孝樹,美,タリスマニック,1,中山ダ1800,1,46278,ブレードサクセス46277,ブレードサクセス46274,ブレードサクセス46275,ブレードサクセス46270,ブレードサクセス46271,ブレードサクセス46263,ブレードサクセス46264,68.3,16.2,16.6,68.4,16.1,16.9,69.5,17.2,16.1,55.6,12.6,13.5,56.1,12.8,14,14.5,14.8,なし,なし,なし,なし,なし,67.1,なし,なし,なし,なし,なし,なし,なし,なし,なし,なし,なし,なし,なし,なし,なし,なし,なし,なし,なし,×,なし,×,×,なし,×,67.1,×,×,なし,×,×,なし,×,なし,なし,なし,なし,111,逃,7,202609130604041211,21103376
20260913,中山,12,12,２勝ｸﾗｽ,ダ,1800,コーリンカルベラ,牡,松山弘平,小野次郎,美,サトノアラジン,1,中山ダ1800,1,46278,コーリンカルベラ46277,コーリンカルベラ46274,コーリンカルベラ46275,コーリンカルベラ46270,コーリンカルベラ46271,コーリンカルベラ46263,コーリンカルベラ46264,なし,なし,なし,60,15.5,14.7,なし,なし,なし,67.3,16.9,16.2,なし,なし,なし,なし,なし,なし,なし,なし,なし,なし,65.2,なし,なし,13.2,0,なし,なし,11.8,52.1,66.2,なし,なし,なし,なし,なし,なし,〇,なし,〇,なし,なし,なし,なし,なし,なし,なし,65.2,〇,なし,なし,なし,なし,なし,なし,なし,なし,なし,なし,97,差,8,202609130604041212,21101195
20260913,中山,12,13,２勝ｸﾗｽ,ダ,1800,サザンウォリアー,牡,長浜鴻緒,加藤和宏,美,マジェスティックウォリアー,1,中山ダ1800,1,46278,サザンウォリアー46277,サザンウォリアー46274,サザンウォリアー46275,サザンウォリアー46270,サザンウォリアー46271,サザンウォリアー46263,サザンウォリアー46264,なし,なし,なし,なし,なし,なし,68.2,17.1,16.8,56.5,13.3,14.1,55.2,13.1,13,14.2,14.9,なし,なし,なし,なし,なし,67.4,なし,12.8,なし,なし,なし,なし,なし,なし,なし,なし,なし,なし,なし,なし,なし,なし,なし,なし,なし,×,なし,×,×,なし,×,67.4,×,×,なし,×,〇,なし,〇,なし,なし,×,×,82,追,8,202609130604041213,23101542
20260913,阪神,1,1,未勝利*,ダ,1400,ウィザードシチー,牡,亀田温心,北出成人,栗,チュウワウィザード,1,阪神ダ1400,2,46278,ウィザードシチー46277,ウィザードシチー46274,ウィザードシチー46275,ウィザードシチー46270,ウィザードシチー46271,ウィザードシチー46263,ウィザードシチー46264,なし,なし,なし,なし,なし,なし,なし,なし,なし,68.4,16.5,16.5,56.7,13.6,13.1,14.3,15.7,なし,なし,なし,なし,なし,68.3,なし,なし,なし,なし,なし,なし,なし,なし,なし,なし,なし,なし,なし,なし,なし,なし,なし,なし,なし,×,なし,×,×,なし,×,68.3,×,×,なし,×,〇,なし,〇,なし,なし,×,×,103,　,1,202609130904040101,24102718
20260913,阪神,1,2,未勝利*,ダ,1400,ダイメイアゲイン,牡,川須栄彦,秋山真一,栗,ダノンキングリー,1,阪神ダ1400,2,46278,ダイメイアゲイン46277,ダイメイアゲイン46274,ダイメイアゲイン46275,ダイメイアゲイン46270,ダイメイアゲイン46271,ダイメイアゲイン46263,ダイメイアゲイン46264,69.3,16.5,16.5,なし,なし,なし,68.5,16.7,16.9,67.7,16.2,16.5,57.9,14.3,14,14.5,15.1,なし,なし,なし,なし,なし,66.1,なし,なし,なし,なし,なし,なし,なし,なし,なし,なし,なし,なし,なし,なし,なし,なし,なし,なし,なし,×,なし,×,×,なし,×,66.1,×,×,なし,×,〇,なし,〇,なし,なし,×,×,91,　,2,202609130904040102,24100510
20260913,阪神,1,3,未勝利*,ダ,1400,カクシンゴールド,牡,柴田裕一,中竹和也,栗,マテラスカイ,1,阪神ダ1400,2,46278,カクシンゴールド46277,カクシンゴールド46274,カクシンゴールド46275,カクシンゴールド46270,カクシンゴールド46271,カクシンゴールド46263,カクシンゴールド46264,なし,なし,なし,なし,なし,なし,なし,なし,なし,なし,なし,なし,55,14.1,13,13.8,14.1,なし,なし,なし,なし,なし,なし,なし,なし,なし,なし,なし,なし,なし,なし,なし,なし,なし,なし,なし,なし,なし,なし,なし,なし,なし,×,なし,×,×,なし,×,なし,なし,×,なし,×,〇,なし,〇,なし,なし,×,×,91,追,3,202609130904040103,24104076
20260913,阪神,1,4,未勝利*,ダ,1400,ウンディーネ,牝,坂井瑠星,井上智史,栗,マインドユアビスケッツ,1,阪神ダ1400,2,46278,ウンディーネ46277,ウンディーネ46274,ウンディーネ46275,ウンディーネ46270,ウンディーネ46271,ウンディーネ46263,ウンディーネ46264,なし,なし,なし,56.7,12.9,13.4,なし,なし,なし,57.7,13.8,13.4,54.6,13.3,12.6,13.7,15,なし,なし,なし,なし,なし,なし,15.4,なし,なし,なし,なし,なし,なし,なし,なし,なし,なし,なし,なし,なし,なし,なし,なし,なし,なし,×,なし,×,×,なし,×,なし,なし,×,なし,×,〇,なし,〇,なし,なし,×,×,113,先,4,202609130904040104,24103349
20260913,阪神,1,5,未勝利*,ダ,1400,ヘスティア,牝,角田大和,高橋亮,栗,パイロ,1,阪神ダ1400,2,46278,ヘスティア46277,ヘスティア46274,ヘスティア46275,ヘスティア46270,ヘスティア46271,ヘスティア46263,ヘスティア46264,なし,なし,なし,なし,なし,なし,なし,なし,なし,60.8,14.5,13.9,54.1,13.3,12.7,13.6,14.5,なし,なし,なし,なし,なし,なし,なし,14,なし,なし,なし,なし,なし,なし,なし,なし,なし,なし,なし,なし,なし,なし,なし,なし,なし,×,なし,×,×,なし,×,なし,なし,×,なし,×,〇,なし,〇,なし,なし,×,×,99,先,5,202609130904040105,24103535
20260913,阪神,1,6,未勝利*,ダ,1400,スイトーヨ,牝,永島まな,角田晃一,栗,アレスバローズ,1,阪神ダ1400,2,46278,スイトーヨ46277,スイトーヨ46274,スイトーヨ46275,スイトーヨ46270,スイトーヨ46271,スイトーヨ46263,スイトーヨ46264,66.5,15.8,16.4,61.3,15.3,14.9,68.7,15.9,16.3,60.6,14.8,15.7,56.1,13.4,13.6,14.2,14.9,なし,なし,なし,なし,なし,65.5,なし,なし,なし,なし,なし,なし,なし,なし,なし,なし,なし,なし,なし,なし,なし,なし,なし,なし,なし,×,なし,×,×,なし,×,65.5,〇,×,なし,×,〇,なし,〇,なし,なし,×,×,106,逃,6,202609130904040106,24108118
20260913,阪神,1,7,未勝利*,ダ,1400,シュライアハフト,牡,佐々木大,小栗実,栗,シャンハイボビー,1,阪神ダ1400,2,46278,シュライアハフト46277,シュライアハフト46274,シュライアハフト46275,シュライアハフト46270,シュライアハフト46271,シュライアハフト46263,シュライアハフト46264,なし,なし,なし,56.9,12.9,13.8,なし,なし,なし,61.9,14.2,15.4,なし,なし,なし,なし,なし,なし,なし,なし,なし,なし,なし,16.3,なし,なし,なし,なし,なし,12.7,53.7,68.6,なし,なし,なし,なし,なし,なし,×,なし,×,0,なし,なし,なし,なし,なし,なし,なし,なし,なし,なし,なし,なし,なし,なし,なし,なし,なし,なし,97,先,6,202609130904040107,24105438
20260913,阪神,1,8,未勝利*,ダ,1400,ルミナスシェリー,牝,河原田菜,柴田卓,栗,サリオス,1,阪神ダ1400,2,46278,ルミナスシェリー46277,ルミナスシェリー46274,ルミナスシェリー46275,ルミナスシェリー46270,ルミナスシェリー46271,ルミナスシェリー46263,ルミナスシェリー46264,67.7,14.9,16.8,なし,なし,なし,なし,なし,なし,なし,なし,なし,なし,なし,なし,なし,なし,なし,なし,なし,なし,なし,なし,なし,11.5,なし,なし,なし,なし,なし,なし,なし,なし,なし,なし,なし,なし,なし,なし,なし,なし,なし,なし,なし,なし,なし,なし,なし,なし,なし,なし,なし,なし,なし,なし,なし,なし,なし,なし,なし,100,　,7,202609130904040108,24101476
20260913,阪神,1,9,未勝利*,ダ,1400,ラブシンフォニー,牝,幸英明,藤野健太,栗,インカンテーション,1,阪神ダ1400,2,46278,ラブシンフォニー46277,ラブシンフォニー46274,ラブシンフォニー46275,ラブシンフォニー46270,ラブシンフォニー46271,ラブシンフォニー46263,ラブシンフォニー46264,55.6,13.4,12.6,なし,なし,なし,なし,なし,なし,なし,なし,なし,なし,なし,なし,なし,なし,なし,なし,なし,なし,なし,なし,なし,なし,なし,なし,なし,なし,なし,なし,なし,なし,なし,なし,なし,なし,なし,なし,なし,なし,なし,なし,なし,なし,なし,なし,なし,なし,なし,なし,なし,なし,なし,なし,なし,なし,なし,なし,なし,97,差,7,202609130904040109,24107177
20260913,阪神,1,10,未勝利*,ダ,1400,ダイシンレジウス,牡,吉村誠之,梅田智之,栗,ニューイヤーズデイ,1,阪神ダ1400,2,46278,ダイシンレジウス46277,ダイシンレジウス46274,ダイシンレジウス46275,ダイシンレジウス46270,ダイシンレジウス46271,ダイシンレジウス46263,ダイシンレジウス46264,なし,なし,なし,68.7,15.6,15.8,66.2,14.9,15.2,64.7,14.4,15.6,55,13,12.7,13.7,15.6,なし,なし,なし,なし,なし,なし,なし,なし,なし,なし,なし,なし,なし,なし,なし,なし,なし,なし,なし,なし,なし,なし,なし,なし,なし,×,なし,×,×,なし,×,なし,なし,×,なし,×,〇,なし,〇,なし,なし,×,×,98,　,8,202609130904040110,24102999
20260913,阪神,1,11,未勝利*,ダ,1400,スティルラブハー,牡,西村淳也,杉山佳明,栗,ミッキーアイル,1,阪神ダ1400,2,46278,スティルラブハー46277,スティルラブハー46274,スティルラブハー46275,スティルラブハー46270,スティルラブハー46271,スティルラブハー46263,スティルラブハー46264,なし,なし,なし,64.5,15.3,16.3,なし,なし,なし,なし,なし,なし,57.3,13.4,14.2,15.1,14.6,なし,なし,なし,なし,なし,なし,15.6,なし,15.3,0,11.3,73.9,なし,なし,なし,なし,なし,なし,なし,なし,なし,なし,なし,なし,0,×,なし,×,×,なし,×,なし,なし,×,なし,×,〇,なし,〇,なし,なし,×,×,104,　,8,202609130904040111,24106517
20260913,阪神,2,1,未勝利*,芝,1600,コスモクラウン,牡,松若風馬,北出成人,栗,ロードカナロア,2,阪神芝1600,2,46278,コスモクラウン46277,コスモクラウン46274,コスモクラウン46275,コスモクラウン46270,コスモクラウン46271,コスモクラウン46263,コスモクラウン46264,68.5,17.3,16.9,なし,なし,なし,69.4,16.9,16.9,66.8,15.9,15.6,54.7,12.8,12.7,14.2,15,なし,なし,なし,なし,なし,67,なし,なし,なし,なし,なし,なし,なし,なし,なし,なし,なし,なし,なし,なし,なし,なし,なし,なし,なし,×,なし,×,×,なし,×,67,×,×,なし,×,×,なし,×,なし,なし,なし,なし,108,　,1,202609130904040201,24104927
20260913,阪神,2,2,未勝利*,芝,1600,レイクイーン,牝,戸崎圭太,中村直也,栗,グレーターロンドン,2,阪神芝1600,2,46278,レイクイーン46277,レイクイーン46274,レイクイーン46275,レイクイーン46270,レイクイーン46271,レイクイーン46263,レイクイーン46264,なし,なし,なし,なし,なし,なし,なし,なし,なし,59.7,13.4,14.5,66.9,15.9,16.5,16.5,18,54.9,13.5,12.7,13.7,15,65.6,なし,なし,なし,なし,なし,なし,なし,なし,なし,なし,なし,なし,なし,なし,なし,なし,なし,なし,なし,×,×,×,×,×,×,65.6,〇,×,×,×,×,なし,×,なし,なし,なし,なし,100,　,2,202609130904040202,24105648
20260913,阪神,2,3,未勝利*,芝,1600,ゴルディアス,牡,小崎綾也,小崎憲,栗,ゴールドシップ,2,阪神芝1600,2,46278,ゴルディアス46277,ゴルディアス46274,ゴルディアス46275,ゴルディアス46270,ゴルディアス46271,ゴルディアス46263,ゴルディアス46264,なし,なし,なし,なし,なし,なし,なし,なし,なし,66.8,15.4,16.7,55.5,13.7,13.4,13.9,14.5,なし,なし,なし,なし,なし,なし,なし,なし,なし,なし,なし,なし,なし,なし,なし,なし,なし,なし,なし,なし,なし,なし,なし,なし,なし,×,なし,×,×,なし,×,なし,なし,×,なし,×,〇,なし,〇,なし,なし,×,×,86,差,3,202609130904040203,24101754
20260913,阪神,2,4,未勝利*,芝,1600,ブレイクガール,牝,ルメール,武幸四郎,栗,キズナ,2,阪神芝1600,2,46278,ブレイクガール46277,ブレイクガール46274,ブレイクガール46275,ブレイクガール46270,ブレイクガール46271,ブレイクガール46263,ブレイクガール46264,68.9,16.5,16.3,59.2,14.2,13.7,67,15.9,16.1,59.5,14,14,なし,なし,なし,なし,なし,なし,なし,なし,なし,なし,64.6,なし,なし,なし,なし,なし,なし,なし,なし,なし,なし,なし,なし,なし,なし,False,なし,なし,なし,なし,なし,なし,なし,なし,なし,なし,64.6,〇,なし,なし,なし,なし,なし,なし,なし,なし,なし,なし,119,先,4,202609130904040204,24106674
20260913,阪神,2,5,未勝利*,芝,1600,エアロクリスタ,牡,西村淳也,池添学,栗,カラヴァッジオ,2,阪神芝1600,2,46278,エアロクリスタ46277,エアロクリスタ46274,エアロクリスタ46275,エアロクリスタ46270,エアロクリスタ46271,エアロクリスタ46263,エアロクリスタ46264,なし,なし,なし,59.8,13.9,14,67.5,16,16.3,60.8,13.7,14.9,なし,なし,なし,なし,なし,なし,なし,なし,なし,なし,なし,なし,なし,なし,なし,なし,なし,11.9,54.2,70,なし,なし,なし,なし,なし,False,〇,なし,〇,なし,なし,なし,なし,なし,なし,なし,なし,なし,なし,なし,なし,なし,なし,なし,なし,なし,なし,なし,114,　,5,202609130904040205,24103815
20260913,阪神,2,6,未勝利*,芝,1600,ベアヒロシデス,牡,荻野琢真,杉浦宏昭,美,デクラレーションオブウォー,2,阪神芝1600,1,46278,ベアヒロシデス46277,ベアヒロシデス46274,ベアヒロシデス46275,ベアヒロシデス46270,ベアヒロシデス46271,ベアヒロシデス46263,ベアヒロシデス46264,なし,なし,なし,なし,なし,なし,なし,なし,なし,なし,なし,なし,なし,なし,なし,なし,なし,なし,なし,なし,なし,なし,なし,なし,なし,なし,なし,15.9,90.3,12.6,53.6,68.8,なし,なし,なし,なし,なし,なし,×,なし,×,なし,なし,なし,なし,なし,なし,なし,なし,なし,なし,なし,なし,なし,なし,なし,なし,なし,なし,なし,102,　,6,202609130904040206,24104466
20260913,阪神,2,7,未勝利*,芝,1600,コトテーラー,牝,田山旺佑,緒方努,栗,フィレンツェファイア,2,阪神芝1600,2,46278,コトテーラー46277,コトテーラー46274,コトテーラー46275,コトテーラー46270,コトテーラー46271,コトテーラー46263,コトテーラー46264,なし,なし,なし,65.4,15.8,15.7,66,15.2,16.2,64.3,15.9,15.8,58.7,14.2,14.3,14.2,16,なし,なし,なし,なし,なし,66.4,なし,なし,なし,なし,なし,なし,なし,なし,なし,なし,なし,なし,なし,なし,なし,なし,なし,なし,なし,×,なし,×,×,なし,×,66.4,×,×,なし,×,〇,なし,〇,なし,なし,×,×,106,　,7,202609130904040207,24104829
20260913,阪神,3,1,未勝利,ダ,1800,インヴァイト,牝,斎藤新,杉山晴紀,栗,キズナ,1,阪神ダ1800,2,46278,インヴァイト46277,インヴァイト46274,インヴァイト46275,インヴァイト46270,インヴァイト46271,インヴァイト46263,インヴァイト46264,なし,なし,なし,58.1,13.8,14.8,68.7,15.7,16.5,なし,なし,なし,なし,なし,なし,なし,なし,なし,なし,なし,なし,なし,なし,なし,なし,なし,なし,なし,なし,なし,なし,なし,なし,なし,なし,なし,なし,False,なし,なし,なし,なし,なし,なし,なし,なし,なし,なし,なし,なし,なし,なし,なし,なし,なし,なし,なし,なし,なし,なし,90,　,1,202609130904040301,23101748
20260913,阪神,3,2,未勝利,ダ,1800,メイショウゲッコウ,牡,西塚洸二,笹田和秀,栗,ミッキーアイル,1,阪神ダ1800,2,46278,メイショウゲッコウ46277,メイショウゲッコウ46274,メイショウゲッコウ46275,メイショウゲッコウ46270,メイショウゲッコウ46271,メイショウゲッコウ46263,メイショウゲッコウ46264,なし,なし,なし,なし,なし,なし,なし,なし,なし,なし,なし,なし,55.6,12.8,13.2,14.1,15.5,なし,なし,なし,なし,なし,なし,なし,なし,14.1,0,13.5,77.1,なし,なし,なし,なし,なし,なし,なし,なし,なし,なし,なし,なし,0,×,なし,×,×,なし,×,なし,なし,×,なし,×,×,なし,×,なし,なし,なし,なし,98,追,1,202609130904040302,23101940
20260913,阪神,3,3,未勝利,ダ,1800,デルマタカチホ,牡,永島まな,田中克典,栗,シスキン,1,阪神ダ1800,2,46278,デルマタカチホ46277,デルマタカチホ46274,デルマタカチホ46275,デルマタカチホ46270,デルマタカチホ46271,デルマタカチホ46263,デルマタカチホ46264,なし,なし,なし,67.6,16.6,16.8,なし,なし,なし,なし,なし,なし,なし,なし,なし,なし,なし,70,17.4,17.1,17,18.5,65.4,なし,なし,なし,なし,なし,なし,なし,なし,なし,なし,なし,なし,なし,なし,なし,なし,なし,なし,なし,なし,×,×,なし,×,×,65.4,〇,なし,×,×,なし,なし,なし,なし,なし,なし,なし,104,追,2,202609130904040303,23103385
20260913,阪神,3,4,未勝利,ダ,1800,イクオクコウネン,セ,幸英明,斉藤崇史,栗,スワーヴリチャード,1,阪神ダ1800,2,46278,イクオクコウネン46277,イクオクコウネン46274,イクオクコウネン46275,イクオクコウネン46270,イクオクコウネン46271,イクオクコウネン46263,イクオクコウネン46264,なし,なし,なし,なし,なし,なし,69.8,15.3,16.9,なし,なし,なし,なし,なし,なし,なし,なし,なし,なし,なし,なし,なし,68.7,なし,なし,なし,なし,なし,なし,なし,なし,なし,なし,なし,なし,なし,なし,False,なし,なし,なし,なし,なし,なし,なし,なし,なし,なし,68.7,×,なし,なし,なし,なし,なし,なし,なし,なし,なし,なし,115,差,2,202609130904040304,23105458
20260913,阪神,3,5,未勝利,ダ,1800,クロレ,牝,坂井瑠星,福永祐一,栗,Quality Road,1,阪神ダ1800,2,46278,クロレ46277,クロレ46274,クロレ46275,クロレ46270,クロレ46271,クロレ46263,クロレ46264,なし,なし,なし,なし,なし,なし,なし,なし,なし,なし,なし,なし,56.6,13.8,13.9,14.5,14.4,なし,なし,なし,なし,なし,なし,なし,なし,なし,なし,なし,なし,なし,なし,なし,なし,なし,なし,なし,なし,なし,なし,なし,なし,なし,×,なし,×,×,なし,×,なし,なし,×,なし,×,〇,なし,〇,なし,なし,×,×,112,差,3,202609130904040305,23110041
20260913,阪神,3,6,未勝利,ダ,1800,ラッキーモア,牡,長岡禎仁,尾関知人,美,Lucky Vega,1,阪神ダ1800,1,46278,ラッキーモア46277,ラッキーモア46274,ラッキーモア46275,ラッキーモア46270,ラッキーモア46271,ラッキーモア46263,ラッキーモア46264,なし,なし,なし,なし,なし,なし,なし,なし,なし,65.1,15.6,15.7,なし,なし,なし,なし,なし,なし,なし,なし,なし,なし,なし,なし,なし,なし,なし,なし,なし,11.8,52.8,68.6,なし,なし,なし,なし,なし,なし,〇,なし,〇,なし,なし,なし,なし,なし,なし,なし,なし,なし,なし,なし,なし,なし,なし,なし,なし,なし,なし,なし,107,追,3,202609130904040306,23110017
20260913,阪神,3,7,未勝利,ダ,1800,タガノランパート,牡,田口貫太,奥村豊,栗,タワーオブロンドン,1,阪神ダ1800,2,46278,タガノランパート46277,タガノランパート46274,タガノランパート46275,タガノランパート46270,タガノランパート46271,タガノランパート46263,タガノランパート46264,なし,なし,なし,なし,なし,なし,65.1,15.5,15.5,63.7,15,15.6,66.5,15.9,16,16.7,17.9,なし,なし,なし,なし,なし,なし,なし,なし,なし,なし,なし,なし,なし,なし,なし,なし,なし,なし,なし,なし,False,なし,なし,なし,なし,×,なし,×,×,なし,×,なし,なし,×,なし,×,×,なし,×,なし,なし,なし,なし,123,差,4,202609130904040307,23104330
20260913,阪神,3,8,未勝利,ダ,1800,サトノシャッツ,牡,松本大輝,池江泰寿,栗,サトノダイヤモンド,1,阪神ダ1800,2,46278,サトノシャッツ46277,サトノシャッツ46274,サトノシャッツ46275,サトノシャッツ46270,サトノシャッツ46271,サトノシャッツ46263,サトノシャッツ46264,67.4,15.6,15.7,57.3,12.6,13.8,なし,なし,なし,なし,なし,なし,なし,なし,なし,なし,なし,なし,なし,なし,なし,なし,67.7,なし,なし,なし,なし,なし,なし,なし,なし,なし,なし,なし,なし,なし,なし,なし,なし,なし,なし,なし,なし,なし,なし,なし,なし,なし,67.7,×,なし,なし,なし,なし,なし,なし,なし,なし,なし,なし,99,　,4,202609130904040308,23105276
20260913,阪神,3,9,未勝利,ダ,1800,ブルーザー,牡,田山旺佑,池添学,栗,モーリス,1,阪神ダ1800,2,46278,ブルーザー46277,ブルーザー46274,ブルーザー46275,ブルーザー46270,ブルーザー46271,ブルーザー46263,ブルーザー46264,なし,なし,なし,なし,なし,なし,66.5,16.1,16,57.6,13.9,13.7,54.7,13.6,13,13.6,14.5,なし,なし,なし,なし,なし,なし,なし,なし,なし,なし,なし,なし,なし,なし,なし,なし,なし,なし,なし,なし,False,なし,なし,なし,なし,×,なし,×,×,なし,×,なし,なし,×,なし,×,〇,なし,〇,なし,なし,×,×,110,先,5,202609130904040309,23106218
20260913,阪神,3,10,未勝利,ダ,1800,ダンツアラーム,牝,高倉稜,本田優,栗,リアルスティール,1,阪神ダ1800,2,46278,ダンツアラーム46277,ダンツアラーム46274,ダンツアラーム46275,ダンツアラーム46270,ダンツアラーム46271,ダンツアラーム46263,ダンツアラーム46264,なし,なし,なし,なし,なし,なし,なし,なし,なし,なし,なし,なし,なし,なし,なし,なし,なし,なし,なし,なし,なし,なし,なし,なし,なし,なし,なし,なし,なし,なし,なし,なし,なし,なし,なし,なし,なし,なし,なし,なし,なし,なし,なし,なし,なし,なし,なし,なし,なし,なし,なし,なし,なし,なし,なし,なし,なし,なし,なし,なし,102,追,5,202609130904040310,23104027
20260913,阪神,3,11,未勝利,ダ,1800,ラミエルノムスコ,牡,吉村誠之,千田輝彦,栗,シルバーステート,1,阪神ダ1800,2,46278,ラミエルノムスコ46277,ラミエルノムスコ46274,ラミエルノムスコ46275,ラミエルノムスコ46270,ラミエルノムスコ46271,ラミエルノムスコ46263,ラミエルノムスコ46264,なし,なし,なし,なし,なし,なし,なし,なし,なし,なし,なし,なし,なし,なし,なし,なし,なし,なし,なし,なし,なし,なし,なし,なし,なし,なし,なし,なし,なし,なし,なし,なし,なし,なし,なし,なし,なし,なし,なし,なし,なし,なし,なし,なし,なし,なし,なし,なし,なし,なし,なし,なし,なし,なし,なし,なし,なし,なし,なし,なし,118,追,6,202609130904040311,23103248
20260913,阪神,3,12,未勝利,ダ,1800,リードアクター,牡,森田誠也,本田優,栗,ゴールドアクター,1,阪神ダ1800,2,46278,リードアクター46277,リードアクター46274,リードアクター46275,リードアクター46270,リードアクター46271,リードアクター46263,リードアクター46264,なし,なし,なし,68.8,16.8,16.9,なし,なし,なし,なし,なし,なし,なし,なし,なし,なし,なし,69.2,15.1,15.9,17.8,20.4,なし,なし,なし,なし,なし,なし,なし,なし,なし,なし,なし,なし,なし,なし,なし,なし,なし,なし,なし,なし,なし,×,×,なし,×,×,なし,なし,なし,×,×,なし,なし,なし,なし,なし,なし,なし,98,先,6,202609130904040312,23105148
20260913,阪神,3,13,未勝利,ダ,1800,カワキタベレッタ,牝,中井裕二,角田晃一,栗,マインドユアビスケッツ,1,阪神ダ1800,2,46278,カワキタベレッタ46277,カワキタベレッタ46274,カワキタベレッタ46275,カワキタベレッタ46270,カワキタベレッタ46271,カワキタベレッタ46263,カワキタベレッタ46264,66.5,14.9,15.7,59.7,14,14.5,なし,なし,なし,なし,なし,なし,なし,なし,なし,なし,なし,なし,なし,なし,なし,なし,65.7,なし,なし,なし,なし,なし,なし,なし,なし,なし,なし,なし,なし,なし,なし,なし,なし,なし,なし,なし,なし,なし,なし,なし,なし,なし,65.7,〇,なし,なし,なし,なし,なし,なし,なし,なし,なし,なし,101,差,7,202609130904040313,23104048
20260913,阪神,3,14,未勝利,ダ,1800,スマイルガーデン,牝,西村淳也,西村真幸,栗,ナダル,1,阪神ダ1800,2,46278,スマイルガーデン46277,スマイルガーデン46274,スマイルガーデン46275,スマイルガーデン46270,スマイルガーデン46271,スマイルガーデン46263,スマイルガーデン46264,なし,なし,なし,なし,なし,なし,なし,なし,なし,なし,なし,なし,60.5,13.3,15.3,15.6,16.3,なし,なし,なし,なし,なし,なし,なし,なし,なし,なし,なし,なし,なし,なし,なし,なし,なし,なし,なし,なし,なし,なし,なし,なし,なし,×,なし,×,×,なし,×,なし,なし,×,なし,×,×,なし,×,なし,なし,なし,なし,103,差,7,202609130904040314,23107077
20260913,阪神,3,15,未勝利,ダ,1800,ロードファイター,牡,松若風馬,東田明士,栗,ホッコータルマエ,1,阪神ダ1800,2,46278,ロードファイター46277,ロードファイター46274,ロードファイター46275,ロードファイター46270,ロードファイター46271,ロードファイター46263,ロードファイター46264,67.6,15.8,16.3,63.8,15.5,15.3,なし,なし,なし,なし,なし,なし,なし,なし,なし,なし,なし,なし,なし,なし,なし,なし,なし,なし,なし,なし,なし,なし,なし,なし,なし,なし,なし,なし,なし,なし,なし,なし,なし,なし,なし,なし,なし,なし,なし,なし,なし,なし,なし,なし,なし,なし,なし,なし,なし,なし,なし,なし,なし,なし,104,差,8,202609130904040315,23100430
20260913,阪神,3,16,未勝利,ダ,1800,グレートアゲイン,牡,鮫島良太,牧浦充徳,栗,バンドワゴン,1,阪神ダ1800,2,46278,グレートアゲイン46277,グレートアゲイン46274,グレートアゲイン46275,グレートアゲイン46270,グレートアゲイン46271,グレートアゲイン46263,グレートアゲイン46264,なし,なし,なし,なし,なし,なし,なし,なし,なし,64.7,15,15.8,58.1,13.8,14.2,14.6,15.5,なし,なし,なし,なし,なし,なし,なし,なし,なし,なし,なし,なし,なし,なし,なし,なし,なし,なし,なし,なし,False,なし,なし,なし,なし,×,なし,×,×,なし,×,なし,なし,×,なし,×,〇,なし,〇,なし,なし,×,×,112,追,8,202609130904040316,23100567
20260913,阪神,4,1,未勝利,芝,2200,レイワノキセキ,牡,高倉稜,本田優,栗,シルバーステート,2,阪神芝2200,2,46278,レイワノキセキ46277,レイワノキセキ46274,レイワノキセキ46275,レイワノキセキ46270,レイワノキセキ46271,レイワノキセキ46263,レイワノキセキ46264,67.5,16.4,16.6,66.5,15.8,16.1,なし,なし,なし,なし,なし,なし,なし,なし,なし,なし,なし,なし,なし,なし,なし,なし,なし,なし,なし,なし,なし,なし,なし,なし,なし,なし,なし,なし,なし,なし,なし,なし,なし,なし,なし,なし,なし,なし,なし,なし,なし,なし,なし,なし,なし,なし,なし,なし,なし,なし,なし,なし,なし,なし,106,先,1,202609130904040401,23102718
20260913,阪神,4,2,未勝利,芝,2200,テイエムプレミラン,牡,森田誠也,宮地貴稔,栗,ダノンプレミアム,2,阪神芝2200,2,46278,テイエムプレミラン46277,テイエムプレミラン46274,テイエムプレミラン46275,テイエムプレミラン46270,テイエムプレミラン46271,テイエムプレミラン46263,テイエムプレミラン46264,なし,なし,なし,なし,なし,なし,なし,なし,なし,なし,なし,なし,55.8,13.7,13.4,13.8,14.9,なし,なし,なし,なし,なし,63.1,なし,なし,なし,なし,なし,なし,なし,なし,なし,なし,なし,なし,なし,なし,なし,なし,なし,なし,なし,×,なし,×,×,なし,×,63.1,〇,×,なし,×,〇,なし,〇,なし,なし,×,×,108,差,1,202609130904040402,23104905
20260913,阪神,4,3,未勝利,芝,2200,ワンダーシャッフル,牡,河原田菜,渡辺薫彦,栗,アニマルキングダム,2,阪神芝2200,2,46278,ワンダーシャッフル46277,ワンダーシャッフル46274,ワンダーシャッフル46275,ワンダーシャッフル46270,ワンダーシャッフル46271,ワンダーシャッフル46263,ワンダーシャッフル46264,66.1,15.4,14.7,56.5,13.5,13.5,69.4,15.6,15.9,54.7,13.3,13.3,56.5,13.4,13.3,14.4,15.4,なし,なし,なし,なし,なし,なし,なし,なし,なし,なし,なし,なし,なし,なし,なし,なし,なし,なし,なし,なし,なし,なし,なし,なし,なし,×,なし,×,×,なし,×,なし,なし,×,なし,×,〇,なし,〇,なし,なし,×,×,100,差,2,202609130904040403,23101640
20260913,阪神,4,4,未勝利,芝,2200,シャリキモン,牡,角田大和,吉田直弘,栗,ミッキーロケット,2,阪神芝2200,2,46278,シャリキモン46277,シャリキモン46274,シャリキモン46275,シャリキモン46270,シャリキモン46271,シャリキモン46263,シャリキモン46264,62,13,13.8,なし,なし,なし,なし,なし,なし,なし,なし,なし,55,13.1,13.4,14.1,14.4,なし,なし,なし,なし,なし,なし,なし,なし,なし,なし,14.2,89.7,なし,なし,なし,なし,なし,なし,なし,なし,なし,なし,なし,なし,なし,×,なし,×,×,なし,×,なし,なし,×,なし,×,〇,なし,〇,なし,なし,×,×,98,マ,2,202609130904040404,23103743
20260913,阪神,4,5,未勝利,芝,2200,オーマイラッキーン,牝,永島まな,高橋康之,栗,マテラスカイ,2,阪神芝2200,2,46278,オーマイラッキーン46277,オーマイラッキーン46274,オーマイラッキーン46275,オーマイラッキーン46270,オーマイラッキーン46271,オーマイラッキーン46263,オーマイラッキーン46264,68.6,16.2,15.9,65.1,16,15.7,なし,なし,なし,なし,なし,なし,なし,なし,なし,なし,なし,なし,なし,なし,なし,なし,69.9,なし,なし,なし,なし,なし,なし,なし,なし,なし,なし,なし,なし,なし,なし,なし,なし,なし,なし,なし,なし,なし,なし,なし,なし,なし,69.9,×,なし,なし,なし,なし,なし,なし,なし,なし,なし,なし,117,先,3,202609130904040405,23102060
20260913,阪神,4,6,未勝利,芝,2200,ヴィスメンティス,牡,吉村誠之,池江泰寿,栗,オルフェーヴル,2,阪神芝2200,2,46278,ヴィスメンティス46277,ヴィスメンティス46274,ヴィスメンティス46275,ヴィスメンティス46270,ヴィスメンティス46271,ヴィスメンティス46263,ヴィスメンティス46264,なし,なし,なし,なし,なし,なし,なし,なし,なし,なし,なし,なし,なし,なし,なし,なし,なし,なし,なし,なし,なし,なし,なし,なし,なし,なし,なし,なし,なし,なし,なし,なし,なし,なし,なし,なし,なし,なし,なし,なし,なし,なし,なし,なし,なし,なし,なし,なし,なし,なし,なし,なし,なし,なし,なし,なし,なし,なし,なし,なし,108,先,3,202609130904040406,23103758
20260913,阪神,4,7,未勝利,芝,2200,ヴァンドゥーヴル,牡,Ｍ．デム,石坂公一,栗,オルフェーヴル,2,阪神芝2200,2,46278,ヴァンドゥーヴル46277,ヴァンドゥーヴル46274,ヴァンドゥーヴル46275,ヴァンドゥーヴル46270,ヴァンドゥーヴル46271,ヴァンドゥーヴル46263,ヴァンドゥーヴル46264,67.4,15.9,16.8,60.6,14.3,14.7,67,15.7,16.4,56.5,13.2,13.1,55.8,12.9,13,14.2,15.7,なし,なし,なし,なし,なし,67.8,なし,なし,なし,なし,なし,なし,なし,なし,なし,なし,なし,なし,なし,なし,なし,なし,なし,なし,なし,×,なし,×,×,なし,×,67.8,×,×,なし,×,×,なし,×,なし,なし,なし,なし,103,追,4,202609130904040407,23105232
20260913,阪神,4,8,未勝利,芝,2200,ダノンオブアイデア,牡,北村友一,藤原英昭,栗,エピファネイア,2,阪神芝2200,2,46278,ダノンオブアイデア46277,ダノンオブアイデア46274,ダノンオブアイデア46275,ダノンオブアイデア46270,ダノンオブアイデア46271,ダノンオブアイデア46263,ダノンオブアイデア46264,なし,なし,なし,なし,なし,なし,なし,なし,なし,なし,なし,なし,なし,なし,なし,なし,なし,なし,なし,なし,なし,なし,なし,なし,なし,なし,なし,なし,なし,12.5,53.3,67.6,なし,なし,なし,なし,なし,なし,×,なし,×,なし,なし,なし,なし,なし,なし,なし,なし,なし,なし,なし,なし,なし,なし,なし,なし,なし,なし,なし,103,差,4,202609130904040408,23103398
20260913,阪神,4,9,未勝利,芝,2200,リボンインザスカイ,牝,斎藤新,安田翔伍,栗,サートゥルナーリア,2,阪神芝2200,2,46278,リボンインザスカイ46277,リボンインザスカイ46274,リボンインザスカイ46275,リボンインザスカイ46270,リボンインザスカイ46271,リボンインザスカイ46263,リボンインザスカイ46264,なし,なし,なし,なし,なし,なし,なし,なし,なし,55.4,13.3,13.1,なし,なし,なし,なし,なし,なし,なし,なし,なし,なし,66,なし,なし,なし,なし,なし,なし,11.7,52.4,67.3,なし,なし,なし,なし,なし,False,〇,なし,〇,なし,なし,なし,なし,なし,なし,なし,66,×,なし,なし,なし,なし,なし,なし,なし,なし,なし,なし,112,追,5,202609130904040409,23104882
20260913,阪神,4,10,未勝利,芝,2200,ノブレスラブリエ,牝,松若風馬,西園翔太,栗,ウインブライト,2,阪神芝2200,2,46278,ノブレスラブリエ46277,ノブレスラブリエ46274,ノブレスラブリエ46275,ノブレスラブリエ46270,ノブレスラブリエ46271,ノブレスラブリエ46263,ノブレスラブリエ46264,67.7,16.8,16.9,なし,なし,なし,67.7,16.7,17,60,15,14.6,55.8,13.5,13.1,14.5,14.7,なし,なし,なし,なし,なし,67.8,なし,なし,なし,なし,なし,なし,なし,なし,なし,なし,なし,なし,なし,なし,なし,なし,なし,なし,なし,×,なし,×,×,なし,×,67.8,×,×,なし,×,〇,なし,〇,なし,なし,×,×,117,差,5,202609130904040410,23106455
20260913,阪神,4,11,未勝利,芝,2200,ロールスワン,牡,中井裕二,中内田充,栗,ダノンプレミアム,2,阪神芝2200,2,46278,ロールスワン46277,ロールスワン46274,ロールスワン46275,ロールスワン46270,ロールスワン46271,ロールスワン46263,ロールスワン46264,なし,なし,なし,55.5,12.7,12.5,68.3,17.3,15.8,なし,なし,なし,なし,なし,なし,なし,なし,なし,なし,なし,なし,なし,なし,なし,なし,なし,なし,なし,なし,なし,なし,なし,なし,なし,なし,なし,なし,False,なし,なし,なし,なし,なし,なし,なし,なし,なし,なし,なし,なし,なし,なし,なし,なし,なし,なし,なし,なし,なし,なし,107,追,6,202609130904040411,23105805
20260913,阪神,4,12,未勝利,芝,2200,オープンザパンドラ,牡,田口貫太,小椋研介,栗,エピファネイア,2,阪神芝2200,2,46278,オープンザパンドラ46277,オープンザパンドラ46274,オープンザパンドラ46275,オープンザパンドラ46270,オープンザパンドラ46271,オープンザパンドラ46263,オープンザパンドラ46264,なし,なし,なし,67.5,15.7,16.1,なし,なし,なし,67.3,15.6,16.1,なし,なし,なし,なし,なし,なし,なし,なし,なし,なし,69,なし,なし,なし,なし,なし,なし,12.1,54.7,0,なし,なし,なし,なし,なし,なし,×,なし,×,なし,なし,なし,なし,なし,なし,なし,69,×,なし,なし,なし,なし,なし,なし,なし,なし,なし,なし,110,差,6,202609130904040412,23105573
20260913,阪神,4,13,未勝利,芝,2200,ジュンヴァッテッド,牡,柴田裕一,浜田多実,栗,ワールドエース,2,阪神芝2200,2,46278,ジュンヴァッテッド46277,ジュンヴァッテッド46274,ジュンヴァッテッド46275,ジュンヴァッテッド46270,ジュンヴァッテッド46271,ジュンヴァッテッド46263,ジュンヴァッテッド46264,なし,なし,なし,なし,なし,なし,なし,なし,なし,なし,なし,なし,61.2,15.3,14.9,15.2,15.8,なし,なし,なし,なし,なし,70,なし,なし,なし,なし,なし,なし,なし,なし,なし,なし,なし,なし,なし,なし,なし,なし,なし,なし,なし,×,なし,×,×,なし,×,70,×,×,なし,×,×,なし,×,なし,なし,なし,なし,97,追,7,202609130904040413,23106998
20260913,阪神,4,14,未勝利,芝,2200,ワンダーデリエール,牝,田山旺佑,小崎憲,栗,ダノンプレミアム,2,阪神芝2200,2,46278,ワンダーデリエール46277,ワンダーデリエール46274,ワンダーデリエール46275,ワンダーデリエール46270,ワンダーデリエール46271,ワンダーデリエール46263,ワンダーデリエール46264,なし,なし,なし,なし,なし,なし,なし,なし,なし,67.4,15.8,16.7,58,13.7,14.5,14.7,15.1,なし,なし,なし,なし,なし,なし,なし,なし,なし,なし,なし,なし,なし,なし,なし,なし,なし,なし,なし,なし,なし,なし,なし,なし,なし,×,なし,×,×,なし,×,なし,なし,×,なし,×,〇,なし,〇,なし,なし,×,×,108,逃,7,202609130904040414,23100446
20260913,阪神,4,15,未勝利,芝,2200,クールドリオン,牡,西村淳也,庄野靖志,栗,スワーヴリチャード,2,阪神芝2200,2,46278,クールドリオン46277,クールドリオン46274,クールドリオン46275,クールドリオン46270,クールドリオン46271,クールドリオン46263,クールドリオン46264,なし,なし,なし,なし,なし,なし,67,16,15.7,68.1,17.1,16.2,55.8,13.7,13.1,13.9,15.1,なし,なし,なし,なし,なし,65.8,なし,なし,なし,なし,なし,なし,なし,なし,なし,なし,なし,なし,なし,なし,なし,なし,なし,なし,なし,×,なし,×,×,なし,×,65.8,〇,×,なし,×,〇,なし,〇,なし,なし,×,×,115,先,7,202609130904040415,23100281
20260913,阪神,4,16,未勝利,芝,2200,ルーチェブリラーレ,牝,ルメール,福永祐一,栗,コントレイル,2,阪神芝2200,2,46278,ルーチェブリラーレ46277,ルーチェブリラーレ46274,ルーチェブリラーレ46275,ルーチェブリラーレ46270,ルーチェブリラーレ46271,ルーチェブリラーレ46263,ルーチェブリラーレ46264,66.7,16,16.4,57,13.1,13.4,66.4,16.3,16.6,56,12.6,13.7,54.2,12.6,12.7,13.9,15,なし,なし,なし,なし,なし,なし,なし,なし,なし,なし,なし,なし,なし,なし,なし,なし,なし,なし,なし,なし,なし,なし,なし,なし,なし,×,なし,×,×,なし,×,なし,なし,×,なし,×,×,なし,×,なし,なし,なし,なし,119,　,8,202609130904040416,23107297
20260913,阪神,4,17,未勝利,芝,2200,フローマジック,牝,菱田裕二,辻野泰之,栗,リアルスティール,2,阪神芝2200,2,46278,フローマジック46277,フローマジック46274,フローマジック46275,フローマジック46270,フローマジック46271,フローマジック46263,フローマジック46264,なし,なし,なし,なし,なし,なし,64.4,15.5,15.7,55.6,12.9,13,なし,なし,なし,なし,なし,なし,なし,なし,なし,なし,63,なし,なし,なし,なし,なし,なし,11.9,52.6,0,なし,なし,なし,なし,なし,False,〇,なし,〇,なし,なし,なし,なし,なし,なし,なし,63,〇,なし,なし,なし,なし,なし,なし,なし,なし,なし,なし,108,先,8,202609130904040417,23105252
20260913,阪神,4,18,未勝利,芝,2200,ベルトナリテ,牝,幸英明,辻野泰之,栗,サトノダイヤモンド,2,阪神芝2200,2,46278,ベルトナリテ46277,ベルトナリテ46274,ベルトナリテ46275,ベルトナリテ46270,ベルトナリテ46271,ベルトナリテ46263,ベルトナリテ46264,62.4,14.9,15.3,58.3,13.8,14.2,63.8,15.3,15.7,59.4,14.1,14.3,55.1,13.4,12.9,13.8,15,なし,なし,なし,なし,なし,64.8,なし,なし,なし,なし,なし,なし,なし,なし,なし,なし,なし,なし,なし,なし,False,なし,なし,なし,なし,×,なし,×,×,なし,×,64.8,〇,×,なし,×,〇,なし,〇,なし,なし,×,×,99,差,8,202609130904040418,23103549
20260913,阪神,5,1,新馬,芝,2000,マガスティール,牡,亀田温心,高柳大輔,栗,リアルスティール,2,阪神芝2000,2,46278,マガスティール46277,マガスティール46274,マガスティール46275,マガスティール46270,マガスティール46271,マガスティール46263,マガスティール46264,68.2,15.8,16,60.7,13,14.9,67.5,15.9,16,60,15.4,13.8,53.7,12.8,12.8,13.5,14.6,なし,なし,なし,なし,なし,66.9,なし,なし,なし,なし,なし,なし,なし,なし,なし,なし,なし,なし,なし,なし,なし,なし,なし,なし,なし,×,なし,×,×,なし,×,66.9,×,×,なし,×,×,なし,×,なし,なし,なし,なし,0,　,1,202609130904040501,24104227
20260913,阪神,5,2,新馬,芝,2000,アーデルプレミア,牡,北村友一,宮本博,栗,ワールドプレミア,2,阪神芝2000,2,46278,アーデルプレミア46277,アーデルプレミア46274,アーデルプレミア46275,アーデルプレミア46270,アーデルプレミア46271,アーデルプレミア46263,アーデルプレミア46264,なし,なし,なし,62.2,15,14.8,65,15.5,15.7,57.4,14.1,13.9,55.3,13.1,12.6,13.8,15.8,なし,なし,なし,なし,なし,なし,なし,なし,なし,なし,なし,なし,なし,なし,なし,なし,なし,なし,なし,なし,なし,なし,なし,なし,なし,×,なし,×,×,なし,×,なし,なし,×,なし,×,〇,なし,〇,なし,なし,×,×,0,　,2,202609130904040502,24106971
20260913,阪神,5,3,新馬,芝,2000,キリマンジェロタフ,牡,坂井瑠星,橋口慎介,栗,サートゥルナーリア,2,阪神芝2000,2,46278,キリマンジェロタフ46277,キリマンジェロタフ46274,キリマンジェロタフ46275,キリマンジェロタフ46270,キリマンジェロタフ46271,キリマンジェロタフ46263,キリマンジェロタフ46264,なし,なし,なし,0,14.1,13.9,なし,なし,なし,55.8,12.9,12.9,55.7,12.8,12.8,14.3,15.8,なし,なし,なし,なし,なし,67.8,なし,なし,なし,なし,なし,なし,なし,なし,なし,なし,なし,なし,なし,なし,なし,なし,なし,なし,なし,×,なし,×,×,なし,×,67.8,×,×,なし,×,×,なし,×,なし,なし,なし,なし,0,　,3,202609130904040503,24102489
20260913,阪神,5,4,新馬,芝,2000,タガノフリアン,牡,角田大和,角田晃一,栗,アニマルキングダム,2,阪神芝2000,2,46278,タガノフリアン46277,タガノフリアン46274,タガノフリアン46275,タガノフリアン46270,タガノフリアン46271,タガノフリアン46263,タガノフリアン46264,67.5,16.3,16.7,なし,なし,なし,なし,なし,なし,60,14.5,14.6,なし,なし,なし,なし,なし,なし,なし,なし,なし,なし,なし,なし,14.7,16.4,87,14.9,84.4,12.1,54.2,69.1,なし,なし,なし,なし,なし,なし,×,なし,×,なし,なし,なし,なし,なし,なし,なし,なし,なし,なし,なし,なし,なし,なし,なし,なし,なし,なし,なし,0,　,4,202609130904040504,24103382
20260913,阪神,5,5,新馬,芝,2000,ミスティビーコン,牡,佐々木大,橋田宜長,栗,ダノンキングリー,2,阪神芝2000,2,46278,ミスティビーコン46277,ミスティビーコン46274,ミスティビーコン46275,ミスティビーコン46270,ミスティビーコン46271,ミスティビーコン46263,ミスティビーコン46264,66.8,15.5,16.3,60.5,14.5,14.5,なし,なし,なし,なし,なし,なし,なし,なし,なし,なし,なし,なし,なし,なし,なし,なし,なし,なし,なし,なし,なし,なし,なし,12.3,54.7,69.6,なし,なし,なし,なし,なし,なし,×,なし,×,なし,なし,なし,なし,なし,なし,なし,なし,なし,なし,なし,なし,なし,なし,なし,なし,なし,なし,なし,0,　,5,202609130904040505,24104900
20260913,阪神,5,6,新馬,芝,2000,マイネルグリモア,牡,国分恭介,吉田直弘,栗,ゴールドシップ,2,阪神芝2000,2,46278,マイネルグリモア46277,マイネルグリモア46274,マイネルグリモア46275,マイネルグリモア46270,マイネルグリモア46271,マイネルグリモア46263,マイネルグリモア46264,なし,なし,なし,なし,なし,なし,66.9,16.6,16.9,なし,なし,なし,なし,なし,なし,なし,なし,なし,なし,なし,なし,なし,なし,11.8,なし,15.4,0,なし,なし,なし,なし,なし,なし,なし,なし,なし,なし,なし,なし,なし,なし,0,なし,なし,なし,なし,なし,なし,なし,なし,なし,なし,なし,なし,なし,なし,なし,なし,なし,なし,0,　,6,202609130904040506,24103609
20260913,阪神,6,1,未勝利,ダ,1800,ハナコトバ,牝,河原田菜,寺島良,栗,ラブリーデイ,1,阪神ダ1800,2,46278,ハナコトバ46277,ハナコトバ46274,ハナコトバ46275,ハナコトバ46270,ハナコトバ46271,ハナコトバ46263,ハナコトバ46264,64.6,14.7,15.1,56.4,13.9,13.5,66.3,15.8,16.2,58.7,13.5,13.8,なし,なし,なし,なし,なし,なし,なし,なし,なし,なし,なし,なし,なし,なし,なし,なし,なし,11.9,53.4,69.2,なし,なし,なし,なし,なし,False,〇,なし,〇,なし,なし,なし,なし,なし,なし,なし,なし,なし,なし,なし,なし,なし,なし,なし,なし,なし,なし,なし,96,先,1,202609130904040601,23102984
20260913,阪神,6,2,未勝利,ダ,1800,ニシノエビガタメ,牡,Ｍ．デム,吉村圭司,栗,シルバーステート,1,阪神ダ1800,2,46278,ニシノエビガタメ46277,ニシノエビガタメ46274,ニシノエビガタメ46275,ニシノエビガタメ46270,ニシノエビガタメ46271,ニシノエビガタメ46263,ニシノエビガタメ46264,67.2,15.7,16.1,65.4,15.5,15.2,67.1,15.6,15.6,なし,なし,なし,なし,なし,なし,なし,なし,なし,なし,なし,なし,なし,67.7,なし,なし,なし,なし,なし,なし,なし,なし,なし,なし,なし,なし,なし,なし,なし,なし,なし,なし,なし,なし,なし,なし,なし,なし,なし,67.7,×,なし,なし,なし,なし,なし,なし,なし,なし,なし,なし,111,追,2,202609130904040602,23106271
20260913,阪神,6,3,未勝利,ダ,1800,ミッキーロビン,牡,小崎綾也,大久保龍,栗,ジャスタウェイ,1,阪神ダ1800,2,46278,ミッキーロビン46277,ミッキーロビン46274,ミッキーロビン46275,ミッキーロビン46270,ミッキーロビン46271,ミッキーロビン46263,ミッキーロビン46264,なし,なし,なし,なし,なし,なし,67.6,16,16.5,65.3,15.5,16,53.5,13,12.7,13.4,14.4,なし,なし,なし,なし,なし,なし,なし,なし,なし,なし,なし,なし,なし,なし,なし,なし,なし,なし,なし,なし,なし,なし,なし,なし,なし,×,なし,×,×,なし,×,なし,なし,×,なし,×,〇,なし,〇,なし,なし,×,×,100,差,2,202609130904040603,23105221
20260913,阪神,6,4,未勝利,ダ,1800,メイショウハーブス,牡,藤懸貴志,高橋義忠,栗,リアルスティール,1,阪神ダ1800,2,46278,メイショウハーブス46277,メイショウハーブス46274,メイショウハーブス46275,メイショウハーブス46270,メイショウハーブス46271,メイショウハーブス46263,メイショウハーブス46264,なし,なし,なし,なし,なし,なし,70,16.1,16.3,69.4,15.6,15.6,なし,なし,なし,なし,なし,55.1,13.9,12.6,13.6,15,なし,なし,なし,なし,なし,なし,なし,なし,なし,なし,なし,なし,なし,なし,なし,なし,なし,なし,なし,なし,なし,×,×,なし,×,×,なし,なし,なし,×,×,なし,なし,なし,なし,なし,なし,なし,105,差,3,202609130904040604,23104940
20260913,阪神,6,5,未勝利,ダ,1800,タガノアルテミス,牝,佐々木大,西園翔太,栗,サンダースノー,1,阪神ダ1800,2,46278,タガノアルテミス46277,タガノアルテミス46274,タガノアルテミス46275,タガノアルテミス46270,タガノアルテミス46271,タガノアルテミス46263,タガノアルテミス46264,なし,なし,なし,なし,なし,なし,なし,なし,なし,なし,なし,なし,なし,なし,なし,なし,なし,なし,なし,なし,なし,なし,なし,なし,なし,なし,なし,なし,なし,11.8,54.6,0,なし,なし,なし,なし,なし,なし,〇,なし,〇,なし,なし,なし,なし,なし,なし,なし,なし,なし,なし,なし,なし,なし,なし,なし,なし,なし,なし,なし,111,差,3,202609130904040605,23104329
20260913,阪神,6,6,未勝利,ダ,1800,スターチューン,牝,田山旺佑,奥村豊,栗,クリソベリル,1,阪神ダ1800,2,46278,スターチューン46277,スターチューン46274,スターチューン46275,スターチューン46270,スターチューン46271,スターチューン46263,スターチューン46264,66.7,16.2,16.2,なし,なし,なし,なし,なし,なし,なし,なし,なし,なし,なし,なし,なし,なし,なし,なし,なし,なし,なし,なし,なし,14,なし,なし,なし,なし,なし,なし,なし,なし,なし,なし,なし,なし,False,なし,なし,なし,なし,なし,なし,なし,なし,なし,なし,なし,なし,なし,なし,なし,なし,なし,なし,なし,なし,なし,なし,99,先,4,202609130904040606,23106848
20260913,阪神,6,7,未勝利,ダ,1800,ビッグヒーロー,牡,ルメール,福永祐一,栗,コントレイル,1,阪神ダ1800,2,46278,ビッグヒーロー46277,ビッグヒーロー46274,ビッグヒーロー46275,ビッグヒーロー46270,ビッグヒーロー46271,ビッグヒーロー46263,ビッグヒーロー46264,なし,なし,なし,なし,なし,なし,なし,なし,なし,なし,なし,なし,なし,なし,なし,なし,なし,なし,なし,なし,なし,なし,なし,なし,なし,なし,なし,なし,なし,なし,なし,なし,なし,なし,なし,なし,なし,なし,なし,なし,なし,なし,なし,なし,なし,なし,なし,なし,なし,なし,なし,なし,なし,なし,なし,なし,なし,なし,なし,なし,130,差,4,202609130904040607,23106188
20260913,阪神,6,8,未勝利,ダ,1800,ハーブドーレ,牝,城戸義政,荒川義之,栗,カリフォルニアクローム,1,阪神ダ1800,2,46278,ハーブドーレ46277,ハーブドーレ46274,ハーブドーレ46275,ハーブドーレ46270,ハーブドーレ46271,ハーブドーレ46263,ハーブドーレ46264,なし,なし,なし,なし,なし,なし,69,15.3,16.4,なし,なし,なし,56.8,13.8,13.9,14,15.1,なし,なし,なし,なし,なし,67.7,なし,なし,なし,なし,なし,なし,なし,なし,なし,なし,なし,なし,なし,なし,なし,なし,なし,なし,なし,×,なし,×,×,なし,×,67.7,×,×,なし,×,〇,なし,〇,なし,なし,×,×,87,　,5,202609130904040608,23100309
20260913,阪神,6,9,未勝利,ダ,1800,ゴールデンドラゴン,牡,松若風馬,宮本博,栗,フィエールマン,1,阪神ダ1800,2,46278,ゴールデンドラゴン46277,ゴールデンドラゴン46274,ゴールデンドラゴン46275,ゴールデンドラゴン46270,ゴールデンドラゴン46271,ゴールデンドラゴン46263,ゴールデンドラゴン46264,なし,なし,なし,なし,なし,なし,なし,なし,なし,66.7,16.5,16.2,57.9,13.8,14,14.5,15.6,なし,なし,なし,なし,なし,なし,なし,なし,なし,なし,なし,なし,なし,なし,なし,なし,なし,なし,なし,なし,なし,なし,なし,なし,なし,×,なし,×,×,なし,×,なし,なし,×,なし,×,〇,なし,〇,なし,なし,×,×,118,先,5,202609130904040609,23104872
20260913,阪神,6,10,未勝利,ダ,1800,サトノディヴァイン,牡,菱田裕二,橋口慎介,栗,サトノダイヤモンド,1,阪神ダ1800,2,46278,サトノディヴァイン46277,サトノディヴァイン46274,サトノディヴァイン46275,サトノディヴァイン46270,サトノディヴァイン46271,サトノディヴァイン46263,サトノディヴァイン46264,なし,なし,なし,なし,なし,なし,なし,なし,なし,56.6,13.7,13.6,なし,なし,なし,なし,なし,57.7,13.2,13.2,14.6,16.7,68.5,なし,なし,なし,なし,なし,なし,なし,なし,なし,なし,なし,なし,なし,なし,なし,なし,なし,なし,なし,なし,×,×,なし,×,×,68.5,×,なし,×,×,なし,なし,なし,なし,なし,なし,なし,104,追,6,202609130904040610,23105010
20260913,阪神,6,11,未勝利,ダ,1800,プレデンシア,牝,田口貫太,中尾秀正,栗,ルヴァンスレーヴ,1,阪神ダ1800,2,46278,プレデンシア46277,プレデンシア46274,プレデンシア46275,プレデンシア46270,プレデンシア46271,プレデンシア46263,プレデンシア46264,なし,なし,なし,70,17.1,16.5,68.6,16.9,16.9,66.7,16.3,16.7,54.9,12.7,12.9,14.6,14.7,なし,なし,なし,なし,なし,68.7,なし,なし,なし,なし,なし,なし,なし,なし,なし,なし,なし,なし,なし,なし,なし,なし,なし,なし,なし,×,なし,×,×,なし,×,68.7,×,×,なし,×,×,なし,×,なし,なし,なし,なし,119,追,6,202609130904040611,23100376
20260913,阪神,6,12,未勝利,ダ,1800,ワンダーアンレール,牝,森田誠也,笹田和秀,栗,イスラボニータ,1,阪神ダ1800,2,46278,ワンダーアンレール46277,ワンダーアンレール46274,ワンダーアンレール46275,ワンダーアンレール46270,ワンダーアンレール46271,ワンダーアンレール46263,ワンダーアンレール46264,なし,なし,なし,なし,なし,なし,なし,なし,なし,なし,なし,なし,55.4,14.5,13.2,13.5,14.2,なし,なし,なし,なし,なし,なし,なし,14.5,17,0,12.9,77.6,なし,なし,なし,なし,なし,なし,なし,なし,なし,なし,なし,なし,なし,×,なし,×,×,なし,×,なし,なし,×,なし,×,〇,なし,〇,なし,なし,×,×,0,　,7,202609130904040612,23100444
20260913,阪神,6,13,未勝利,ダ,1800,ナムラヴンダー,牡,幸英明,河嶋宏樹,栗,キセキ,1,阪神ダ1800,2,46278,ナムラヴンダー46277,ナムラヴンダー46274,ナムラヴンダー46275,ナムラヴンダー46270,ナムラヴンダー46271,ナムラヴンダー46263,ナムラヴンダー46264,なし,なし,なし,なし,なし,なし,なし,なし,なし,なし,なし,なし,60.4,15,14.9,15.1,15.4,なし,なし,なし,なし,なし,なし,なし,なし,なし,なし,なし,なし,なし,なし,なし,なし,なし,なし,なし,なし,なし,なし,なし,なし,なし,×,なし,×,×,なし,×,なし,なし,×,なし,×,×,なし,×,なし,なし,なし,なし,111,先,7,202609130904040613,23106243
20260913,阪神,6,14,未勝利,ダ,1800,ペプチドアロン,牡,吉村誠之,小椋研介,栗,ルヴァンスレーヴ,1,阪神ダ1800,2,46278,ペプチドアロン46277,ペプチドアロン46274,ペプチドアロン46275,ペプチドアロン46270,ペプチドアロン46271,ペプチドアロン46263,ペプチドアロン46264,なし,なし,なし,69.1,16.6,16.5,なし,なし,なし,なし,なし,なし,なし,なし,なし,なし,なし,なし,なし,なし,なし,なし,69.4,なし,なし,なし,なし,なし,なし,なし,なし,なし,なし,なし,なし,なし,なし,なし,なし,なし,なし,なし,なし,なし,なし,なし,なし,なし,69.4,×,なし,なし,なし,なし,なし,なし,なし,なし,なし,なし,109,追,8,202609130904040614,23102022
20260913,阪神,6,15,未勝利,ダ,1800,レッドバベル,牡,永島まな,池江泰寿,栗,コントレイル,1,阪神ダ1800,2,46278,レッドバベル46277,レッドバベル46274,レッドバベル46275,レッドバベル46270,レッドバベル46271,レッドバベル46263,レッドバベル46264,66.1,15.3,15.3,57.4,12.6,12.4,64.4,16,15.8,57.6,13.4,13.3,54.9,12.5,12.7,14.8,14.9,なし,なし,なし,なし,なし,なし,なし,なし,なし,なし,なし,なし,なし,なし,なし,なし,なし,なし,なし,なし,なし,なし,なし,なし,0,×,なし,×,×,なし,×,なし,なし,×,なし,×,×,なし,×,なし,なし,なし,なし,99,　,8,202609130904040615,23106615
20260913,阪神,7,1,１勝ｸﾗｽ,ダ,1400,シャープインサイト,牡,菱田裕二,東田明士,栗,サンダースノー,1,阪神ダ1400,2,46278,シャープインサイト46277,シャープインサイト46274,シャープインサイト46275,シャープインサイト46270,シャープインサイト46271,シャープインサイト46263,シャープインサイト46264,66.6,16.3,16.1,56,13.4,13.4,67.7,15.9,16.1,53.5,13.5,12.7,57,13.6,13.5,14.3,15.6,なし,なし,なし,なし,なし,68.9,なし,なし,なし,なし,なし,なし,なし,なし,なし,なし,なし,なし,なし,なし,なし,なし,なし,なし,なし,×,なし,×,×,なし,×,68.9,×,×,なし,×,〇,なし,〇,なし,なし,×,×,87,先,1,202609130904040701,23106289
20260913,阪神,7,2,１勝ｸﾗｽ,ダ,1400,プレダトゥール,牡,亀田温心,北出成人,栗,ディーマジェスティ,1,阪神ダ1400,2,46278,プレダトゥール46277,プレダトゥール46274,プレダトゥール46275,プレダトゥール46270,プレダトゥール46271,プレダトゥール46263,プレダトゥール46264,68.5,16,16.5,58,13.9,14.2,65.6,15.2,15.7,なし,なし,なし,55.8,13.2,13.1,13.9,15.6,なし,なし,なし,なし,なし,67.3,なし,なし,なし,なし,13.9,76.5,なし,なし,なし,なし,なし,なし,なし,なし,なし,なし,なし,なし,なし,×,なし,×,×,なし,×,67.3,×,×,なし,×,〇,なし,〇,なし,なし,×,×,105,差,1,202609130904040702,23103171
20260913,阪神,7,3,１勝ｸﾗｽ,ダ,1400,ベストレーサー,牝,小崎綾也,小崎憲,栗,シルバーステート,1,阪神ダ1400,2,46278,ベストレーサー46277,ベストレーサー46274,ベストレーサー46275,ベストレーサー46270,ベストレーサー46271,ベストレーサー46263,ベストレーサー46264,65.2,16.1,15.8,53.6,13.4,12.5,63.4,15.7,15.2,66.2,15.5,15.8,54.9,13.4,12.7,13.7,15.1,なし,なし,なし,なし,なし,なし,なし,なし,なし,なし,なし,なし,なし,なし,なし,なし,なし,なし,なし,なし,なし,なし,なし,なし,なし,×,なし,×,×,なし,×,なし,なし,×,なし,×,〇,なし,〇,なし,なし,×,×,88,差,2,202609130904040703,22106757
20260913,阪神,7,4,１勝ｸﾗｽ,ダ,1400,ロイヤルテール,牡,藤懸貴志,畑端省吾,栗,レイデオロ,1,阪神ダ1400,2,46278,ロイヤルテール46277,ロイヤルテール46274,ロイヤルテール46275,ロイヤルテール46270,ロイヤルテール46271,ロイヤルテール46263,ロイヤルテール46264,なし,なし,なし,65.2,15.2,15.8,なし,なし,なし,なし,なし,なし,なし,なし,なし,なし,なし,なし,なし,なし,なし,なし,なし,なし,なし,なし,なし,なし,なし,なし,なし,なし,なし,なし,なし,なし,なし,なし,なし,なし,なし,なし,なし,なし,なし,なし,なし,なし,なし,なし,なし,なし,なし,なし,なし,なし,なし,なし,なし,なし,87,差,2,202609130904040704,22100027
20260913,阪神,7,5,１勝ｸﾗｽ,ダ,1400,ゲタリア,牡,西村淳也,杉山晴紀,栗,クリソベリル,1,阪神ダ1400,2,46278,ゲタリア46277,ゲタリア46274,ゲタリア46275,ゲタリア46270,ゲタリア46271,ゲタリア46263,ゲタリア46264,なし,なし,なし,67.9,16.1,16.2,67.2,16,15.9,なし,なし,なし,なし,なし,なし,なし,なし,なし,なし,なし,なし,なし,67.9,なし,なし,なし,なし,12.7,71.2,12.2,53.1,68.1,なし,なし,なし,なし,なし,False,×,なし,×,なし,なし,なし,なし,なし,なし,なし,67.9,×,なし,なし,なし,なし,なし,なし,なし,なし,なし,なし,115,先,3,202609130904040705,23105342
20260913,阪神,7,6,１勝ｸﾗｽ,ダ,1400,ジューンアゲイン,牡,田山旺佑,長谷川浩,栗,リオンディーズ,1,阪神ダ1400,2,46278,ジューンアゲイン46277,ジューンアゲイン46274,ジューンアゲイン46275,ジューンアゲイン46270,ジューンアゲイン46271,ジューンアゲイン46263,ジューンアゲイン46264,なし,なし,なし,なし,なし,なし,なし,なし,なし,なし,なし,なし,なし,なし,なし,なし,なし,なし,なし,なし,なし,なし,なし,なし,11.4,14.4,74.3,なし,なし,12.1,53.8,69.9,なし,なし,なし,なし,なし,なし,×,なし,×,85.5,なし,なし,なし,なし,なし,なし,なし,なし,なし,なし,なし,なし,なし,なし,なし,なし,なし,なし,114,先,3,202609130904040706,23101003
20260913,阪神,7,7,１勝ｸﾗｽ,ダ,1400,ハードシングス,牡,松若風馬,小崎憲,栗,ゴールドドリーム,1,阪神ダ1400,2,46278,ハードシングス46277,ハードシングス46274,ハードシングス46275,ハードシングス46270,ハードシングス46271,ハードシングス46263,ハードシングス46264,65.2,15,15.9,56.8,14,13.7,64.6,16,15.8,57.8,13.9,13.8,55.6,12.9,13.3,14.4,15,なし,なし,なし,なし,なし,なし,なし,なし,なし,なし,なし,なし,なし,なし,なし,なし,なし,なし,なし,なし,なし,なし,なし,なし,なし,×,なし,×,×,なし,×,なし,なし,×,なし,×,×,なし,×,なし,なし,なし,なし,94,追,4,202609130904040707,23103151
20260913,阪神,7,8,１勝ｸﾗｽ,ダ,1400,ロードヴェルテクス,牡,松本大輝,奥村豊,栗,ドレフォン,1,阪神ダ1400,2,46278,ロードヴェルテクス46277,ロードヴェルテクス46274,ロードヴェルテクス46275,ロードヴェルテクス46270,ロードヴェルテクス46271,ロードヴェルテクス46263,ロードヴェルテクス46264,なし,なし,なし,なし,なし,なし,なし,なし,なし,なし,なし,なし,63.9,15.7,15.5,16.6,16.1,なし,なし,なし,なし,なし,67.1,なし,なし,なし,なし,なし,なし,なし,なし,なし,なし,なし,なし,なし,なし,False,なし,なし,なし,なし,×,なし,×,×,なし,×,67.1,×,×,なし,×,×,なし,×,なし,なし,なし,なし,81,差,4,202609130904040708,23105813
20260913,阪神,7,9,１勝ｸﾗｽ,ダ,1400,ワンウェイトゥヘル,牡,長岡禎仁,中村直也,栗,タワーオブロンドン,1,阪神ダ1400,2,46278,ワンウェイトゥヘル46277,ワンウェイトゥヘル46274,ワンウェイトゥヘル46275,ワンウェイトゥヘル46270,ワンウェイトゥヘル46271,ワンウェイトゥヘル46263,ワンウェイトゥヘル46264,67.1,14.9,16.6,65,12.9,17,なし,なし,なし,なし,なし,なし,54.7,12.8,12.7,13.7,15.5,なし,なし,なし,なし,なし,68.2,なし,なし,なし,なし,なし,なし,なし,なし,なし,なし,なし,なし,なし,なし,なし,なし,なし,なし,なし,×,なし,×,×,なし,×,68.2,×,×,なし,×,×,なし,×,なし,なし,なし,なし,101,逃,5,202609130904040709,22102701
20260913,阪神,7,10,１勝ｸﾗｽ,ダ,1400,フレイムスター,牡,吉村誠之,清水久詞,栗,ドレフォン,1,阪神ダ1400,2,46278,フレイムスター46277,フレイムスター46274,フレイムスター46275,フレイムスター46270,フレイムスター46271,フレイムスター46263,フレイムスター46264,なし,なし,なし,なし,なし,なし,66.3,16.2,16.1,67.9,16.2,16.5,57,13.5,14.6,14.7,14.2,なし,なし,なし,なし,なし,なし,なし,なし,なし,なし,なし,なし,なし,なし,なし,なし,なし,なし,なし,なし,なし,なし,なし,なし,なし,×,なし,×,×,なし,×,なし,なし,×,なし,×,〇,なし,〇,なし,なし,×,×,101,逃,5,202609130904040710,23101577
20260913,阪神,7,11,１勝ｸﾗｽ,ダ,1400,グランディマージュ,牡,田口貫太,鈴木孝志,栗,ドリームバレンチノ,1,阪神ダ1400,2,46278,グランディマージュ46277,グランディマージュ46274,グランディマージュ46275,グランディマージュ46270,グランディマージュ46271,グランディマージュ46263,グランディマージュ46264,68.7,15.8,16.2,58.4,13.9,13.9,69.6,16.2,16.5,58.3,13.5,14.2,なし,なし,なし,なし,なし,なし,なし,なし,なし,なし,66,なし,なし,なし,なし,なし,なし,12.5,53.8,69,なし,なし,なし,なし,なし,なし,×,なし,×,なし,なし,なし,なし,なし,なし,なし,66,×,なし,なし,なし,なし,なし,なし,なし,なし,なし,なし,96,差,6,202609130904040711,23101716
20260913,阪神,7,12,１勝ｸﾗｽ,ダ,1400,ケイエイト,牡,和田陽希,羽月友彦,栗,ルーラーシップ,1,阪神ダ1400,2,46278,ケイエイト46277,ケイエイト46274,ケイエイト46275,ケイエイト46270,ケイエイト46271,ケイエイト46263,ケイエイト46264,66.5,15.6,16,56.5,14.1,13.5,なし,なし,なし,なし,なし,なし,68.1,16.2,16.5,17.2,18.2,なし,なし,なし,なし,なし,65.3,なし,なし,なし,なし,なし,なし,なし,なし,なし,82.2,13.1,53.5,68,82.2,なし,なし,×,×,なし,×,なし,×,×,なし,×,65.3,〇,×,なし,×,×,なし,×,なし,なし,なし,なし,89,追,6,202609130904040712,20103673
20260913,阪神,7,13,１勝ｸﾗｽ,ダ,1400,ヴォンドゥ,牝,森田誠也,小栗実,栗,ルヴァンスレーヴ,1,阪神ダ1400,2,46278,ヴォンドゥ46277,ヴォンドゥ46274,ヴォンドゥ46275,ヴォンドゥ46270,ヴォンドゥ46271,ヴォンドゥ46263,ヴォンドゥ46264,なし,なし,なし,なし,なし,なし,なし,なし,なし,67.5,16,16.3,なし,なし,なし,なし,なし,なし,なし,なし,なし,なし,なし,なし,なし,15.4,0,なし,なし,12.5,55.8,0,なし,なし,なし,なし,なし,なし,×,なし,×,なし,なし,なし,なし,なし,なし,なし,なし,なし,なし,なし,なし,なし,なし,なし,なし,なし,なし,なし,110,追,7,202609130904040713,23101810
20260913,阪神,7,14,１勝ｸﾗｽ,ダ,1400,コンテナライン,牝,河原田菜,牧浦充徳,栗,ドゥラメンテ,1,阪神ダ1400,2,46278,コンテナライン46277,コンテナライン46274,コンテナライン46275,コンテナライン46270,コンテナライン46271,コンテナライン46263,コンテナライン46264,なし,なし,なし,なし,なし,なし,なし,なし,なし,なし,なし,なし,59.6,14.8,14.4,14.8,15.6,なし,なし,なし,なし,なし,なし,なし,なし,なし,なし,なし,なし,なし,なし,なし,なし,なし,なし,なし,なし,False,なし,なし,なし,なし,×,なし,×,×,なし,×,なし,なし,×,なし,×,〇,なし,〇,なし,なし,×,×,82,追,7,202609130904040714,22105954
20260913,阪神,7,15,１勝ｸﾗｽ,ダ,1400,バルミラクル,牡,鮫島良太,河嶋宏樹,栗,マクフィ,1,阪神ダ1400,2,46278,バルミラクル46277,バルミラクル46274,バルミラクル46275,バルミラクル46270,バルミラクル46271,バルミラクル46263,バルミラクル46264,なし,なし,なし,なし,なし,なし,なし,なし,なし,57.2,13.8,13.5,55.8,13.5,13.3,14.1,14.9,なし,なし,なし,なし,なし,なし,なし,なし,なし,なし,なし,なし,なし,なし,なし,なし,なし,なし,なし,なし,なし,なし,なし,なし,なし,×,なし,×,×,なし,×,なし,なし,×,なし,×,〇,なし,〇,なし,なし,×,×,96,先,8,202609130904040715,22106177
20260913,阪神,7,16,１勝ｸﾗｽ,ダ,1400,ウォーターパラディ,牡,国分恭介,岡田稲男,栗,ウォータービルド,1,阪神ダ1400,2,46278,ウォーターパラディ46277,ウォーターパラディ46274,ウォーターパラディ46275,ウォーターパラディ46270,ウォーターパラディ46271,ウォーターパラディ46263,ウォーターパラディ46264,なし,なし,なし,なし,なし,なし,66.4,15.8,16.1,61.8,15.1,14.8,63.6,15.7,15.7,15.4,16.8,56.9,13.2,13.3,14.7,15.7,62.8,なし,なし,なし,なし,なし,なし,なし,なし,なし,なし,なし,なし,なし,なし,なし,なし,なし,なし,なし,×,×,×,×,×,×,62.8,〇,×,×,×,×,なし,×,なし,なし,なし,なし,109,先,8,202609130904040716,22103229
20260913,阪神,8,1,１勝ｸﾗｽ,ダ,1800,ガイストライヒ,牡,西村淳也,高柳大輔,栗,マクフィ,1,阪神ダ1800,2,46278,ガイストライヒ46277,ガイストライヒ46274,ガイストライヒ46275,ガイストライヒ46270,ガイストライヒ46271,ガイストライヒ46263,ガイストライヒ46264,68.8,16.7,15.8,60.3,13.2,14.3,66.9,15.9,15.9,60.3,15.2,14.7,53.6,12.9,12.8,13.4,14.5,なし,なし,なし,なし,なし,65.6,なし,なし,なし,なし,なし,なし,なし,なし,なし,なし,なし,なし,なし,なし,なし,なし,なし,なし,なし,×,なし,×,×,なし,×,65.6,〇,×,なし,×,×,なし,×,なし,なし,なし,なし,101,先,1,202609130904040801,23106948
20260913,阪神,8,2,１勝ｸﾗｽ,ダ,1800,ココロヅヨサ,牡,浜中俊,田中克典,栗,コントレイル,1,阪神ダ1800,2,46278,ココロヅヨサ46277,ココロヅヨサ46274,ココロヅヨサ46275,ココロヅヨサ46270,ココロヅヨサ46271,ココロヅヨサ46263,ココロヅヨサ46264,69.4,17.4,16.9,66.3,17,16.7,68.4,16.1,17,なし,なし,なし,なし,なし,なし,なし,なし,なし,なし,なし,なし,なし,なし,なし,なし,なし,なし,なし,なし,12.4,54.9,70.6,なし,なし,なし,なし,なし,なし,×,なし,×,なし,なし,なし,なし,なし,なし,なし,なし,なし,なし,なし,なし,なし,なし,なし,なし,なし,なし,なし,116,差,2,202609130904040802,23105041
20260913,阪神,8,3,１勝ｸﾗｽ,ダ,1800,アスクガンバーレ,牡,ルメール,福永祐一,栗,サートゥルナーリア,1,阪神ダ1800,2,46278,アスクガンバーレ46277,アスクガンバーレ46274,アスクガンバーレ46275,アスクガンバーレ46270,アスクガンバーレ46271,アスクガンバーレ46263,アスクガンバーレ46264,なし,なし,なし,なし,なし,なし,66.7,15.8,16.1,57.3,13.1,13,56.3,13.7,13.1,13.9,15.6,なし,なし,なし,なし,なし,66.2,なし,なし,なし,なし,なし,なし,なし,なし,なし,なし,なし,なし,なし,なし,なし,なし,なし,なし,なし,×,なし,×,×,なし,×,66.2,×,×,なし,×,〇,なし,〇,なし,なし,×,×,109,追,3,202609130904040803,22102300
20260913,阪神,8,4,１勝ｸﾗｽ,ダ,1800,レッドホット,セ,佐々木大,河嶋宏樹,栗,キズナ,1,阪神ダ1800,2,46278,レッドホット46277,レッドホット46274,レッドホット46275,レッドホット46270,レッドホット46271,レッドホット46263,レッドホット46264,なし,なし,なし,65.6,16.4,16.2,なし,なし,なし,なし,なし,なし,58.8,14.3,14.9,14.5,15.1,なし,なし,なし,なし,なし,なし,なし,なし,なし,なし,なし,なし,なし,なし,なし,0,11.5,54.2,0,0,なし,なし,〇,〇,なし,×,なし,×,×,なし,×,なし,なし,×,なし,×,〇,なし,〇,なし,なし,×,×,99,追,4,202609130904040804,23104395
20260913,阪神,8,5,１勝ｸﾗｽ,ダ,1800,メイショウソウテン,牡,田口貫太,鈴木孝志,栗,ブリックスアンドモルタル,1,阪神ダ1800,2,46278,メイショウソウテン46277,メイショウソウテン46274,メイショウソウテン46275,メイショウソウテン46270,メイショウソウテン46271,メイショウソウテン46263,メイショウソウテン46264,なし,なし,なし,なし,なし,なし,なし,なし,なし,62,14.2,14.9,なし,なし,なし,なし,なし,なし,なし,なし,なし,なし,69.8,なし,なし,なし,なし,なし,なし,12.8,54,68.9,なし,なし,なし,なし,なし,なし,×,なし,×,なし,なし,なし,なし,なし,なし,なし,69.8,×,なし,なし,なし,なし,なし,なし,なし,なし,なし,なし,115,逃,5,202609130904040805,23103180
20260913,阪神,8,6,１勝ｸﾗｽ,ダ,1800,グランドスウェル,セ,西塚洸二,畠山吉宏,美,サトノダイヤモンド,1,阪神ダ1800,1,46278,グランドスウェル46277,グランドスウェル46274,グランドスウェル46275,グランドスウェル46270,グランドスウェル46271,グランドスウェル46263,グランドスウェル46264,68.8,16.6,16.6,68,16.5,16.5,68.6,16.7,16.7,67,14.5,16.2,なし,なし,なし,なし,なし,なし,なし,なし,なし,なし,なし,なし,なし,なし,なし,なし,なし,12,52.3,69,なし,なし,なし,なし,なし,なし,×,なし,×,なし,なし,なし,なし,なし,なし,なし,なし,なし,なし,なし,なし,なし,なし,なし,なし,なし,なし,なし,101,先,5,202609130904040806,23102833
20260913,阪神,8,7,１勝ｸﾗｽ,ダ,1800,マーベリックシチー,牡,国分恭介,岡田稲男,栗,パイロ,1,阪神ダ1800,2,46278,マーベリックシチー46277,マーベリックシチー46274,マーベリックシチー46275,マーベリックシチー46270,マーベリックシチー46271,マーベリックシチー46263,マーベリックシチー46264,66.2,16.3,15.9,59.8,14.4,13.9,なし,なし,なし,なし,なし,なし,なし,なし,なし,なし,なし,なし,なし,なし,なし,なし,なし,なし,なし,なし,なし,12.8,75.7,12.8,52.1,67.2,なし,なし,なし,なし,なし,なし,×,なし,×,なし,なし,なし,なし,なし,なし,なし,なし,なし,なし,なし,なし,なし,なし,なし,なし,なし,なし,なし,87,差,6,202609130904040807,21100387
20260913,阪神,8,8,１勝ｸﾗｽ,ダ,1800,アビラーシャ,牡,中井裕二,武幸四郎,栗,アドマイヤマーズ,1,阪神ダ1800,2,46278,アビラーシャ46277,アビラーシャ46274,アビラーシャ46275,アビラーシャ46270,アビラーシャ46271,アビラーシャ46263,アビラーシャ46264,なし,なし,なし,なし,なし,なし,なし,なし,なし,なし,なし,なし,なし,なし,なし,なし,なし,なし,なし,なし,なし,なし,なし,14.4,なし,なし,なし,13.1,75.5,12.1,54.2,69.5,なし,なし,なし,なし,なし,False,×,なし,×,なし,なし,なし,なし,なし,なし,なし,なし,なし,なし,なし,なし,なし,なし,なし,なし,なし,なし,なし,114,先,6,202609130904040808,23107017
20260913,阪神,8,9,１勝ｸﾗｽ,ダ,1800,メイショウクモイ,牡,田山旺佑,飯田祐史,栗,フリオーソ,1,阪神ダ1800,2,46278,メイショウクモイ46277,メイショウクモイ46274,メイショウクモイ46275,メイショウクモイ46270,メイショウクモイ46271,メイショウクモイ46263,メイショウクモイ46264,なし,なし,なし,なし,なし,なし,なし,なし,なし,なし,なし,なし,なし,なし,なし,なし,なし,なし,なし,なし,なし,なし,なし,なし,なし,17.4,89.1,12.4,74,13,53.4,68.2,なし,なし,なし,なし,なし,なし,×,なし,×,なし,なし,なし,なし,なし,なし,なし,なし,なし,なし,なし,なし,なし,なし,なし,なし,なし,なし,なし,104,先,7,202609130904040809,20106922
20260913,阪神,8,10,１勝ｸﾗｽ,ダ,1800,ラッキーベイ,牡,松若風馬,今野貞一,栗,モーリス,1,阪神ダ1800,2,46278,ラッキーベイ46277,ラッキーベイ46274,ラッキーベイ46275,ラッキーベイ46270,ラッキーベイ46271,ラッキーベイ46263,ラッキーベイ46264,なし,なし,なし,58.1,13.3,13.5,なし,なし,なし,58.4,13.2,14.1,なし,なし,なし,なし,なし,なし,なし,なし,なし,なし,なし,なし,なし,なし,なし,なし,なし,なし,なし,なし,なし,なし,なし,なし,なし,なし,なし,なし,なし,なし,なし,なし,なし,なし,なし,なし,なし,なし,なし,なし,なし,なし,なし,なし,なし,なし,なし,なし,90,追,7,202609130904040810,22105209
20260913,阪神,8,11,１勝ｸﾗｽ,ダ,1800,サンライズオスカー,牡,藤懸貴志,石坂公一,栗,インカンテーション,1,阪神ダ1800,2,46278,サンライズオスカー46277,サンライズオスカー46274,サンライズオスカー46275,サンライズオスカー46270,サンライズオスカー46271,サンライズオスカー46263,サンライズオスカー46264,なし,なし,なし,66.7,15.6,15.8,67.9,15.6,15.9,57.4,13.1,13.6,56.3,13,13.1,14.3,15.9,なし,なし,なし,なし,なし,66.8,なし,なし,なし,なし,なし,なし,なし,なし,なし,なし,なし,なし,なし,なし,なし,なし,なし,なし,なし,×,なし,×,×,なし,×,66.8,×,×,なし,×,〇,なし,〇,なし,なし,×,×,111,追,8,202609130904040811,23106129
20260913,阪神,8,12,１勝ｸﾗｽ,ダ,1800,ブルーストレイル,牡,城戸義政,荒川義之,栗,スマートファルコン,1,阪神ダ1800,2,46278,ブルーストレイル46277,ブルーストレイル46274,ブルーストレイル46275,ブルーストレイル46270,ブルーストレイル46271,ブルーストレイル46263,ブルーストレイル46264,66.3,16.2,16.3,なし,なし,なし,66.3,15.7,16.7,なし,なし,なし,55.7,13.9,13,13.6,15.2,なし,なし,なし,なし,なし,68.9,なし,なし,なし,なし,なし,なし,なし,なし,なし,なし,なし,なし,なし,なし,なし,なし,なし,なし,なし,×,なし,×,×,なし,×,68.9,×,×,なし,×,〇,なし,〇,なし,なし,×,×,88,差,8,202609130904040812,21106078
20260913,阪神,9,1,能勢特別･2勝,芝,2000,ヨシヒロ,牡,小崎綾也,松永康利,美,ルヴァンスレーヴ,2,阪神芝2000,1,46278,ヨシヒロ46277,ヨシヒロ46274,ヨシヒロ46275,ヨシヒロ46270,ヨシヒロ46271,ヨシヒロ46263,ヨシヒロ46264,65.7,16,16,57.4,12.5,13.3,66.6,17.3,16.2,58.1,12.9,14.2,56.1,13,13.9,14.2,15,なし,なし,なし,なし,なし,なし,なし,なし,なし,なし,なし,なし,なし,なし,なし,なし,なし,なし,なし,なし,なし,なし,なし,なし,なし,×,なし,×,×,なし,×,なし,なし,×,なし,×,〇,なし,〇,なし,なし,×,×,89,追,1,202609130904040901,22103405
20260913,阪神,9,2,能勢特別･2勝,芝,2000,マジョレルブルー,牡,戸崎圭太,友道康夫,栗,コントレイル,2,阪神芝2000,2,46278,マジョレルブルー46277,マジョレルブルー46274,マジョレルブルー46275,マジョレルブルー46270,マジョレルブルー46271,マジョレルブルー46263,マジョレルブルー46264,65.3,16.5,15.8,57.6,14,13.9,68.9,16.4,16.5,57.4,13.9,14.2,54.9,13,13.4,13.8,14.7,なし,なし,なし,なし,なし,68.6,なし,なし,なし,なし,なし,なし,なし,なし,なし,なし,なし,なし,なし,なし,False,なし,なし,なし,なし,×,なし,×,×,なし,×,68.6,×,×,なし,×,〇,なし,〇,なし,なし,×,×,103,先,2,202609130904040902,23103531
20260913,阪神,9,3,能勢特別･2勝,芝,2000,サンライズバブル,牡,吉田隼人,前川恭子,栗,ゴールドシップ,2,阪神芝2000,2,46278,サンライズバブル46277,サンライズバブル46274,サンライズバブル46275,サンライズバブル46270,サンライズバブル46271,サンライズバブル46263,サンライズバブル46264,66.8,16,15.7,58.1,13.8,14.6,なし,なし,なし,なし,なし,なし,なし,なし,なし,なし,なし,なし,なし,なし,なし,なし,なし,なし,なし,なし,なし,11.7,76.3,12.1,53.4,68.8,なし,なし,なし,なし,なし,なし,×,なし,×,なし,なし,なし,なし,なし,なし,なし,なし,なし,なし,なし,なし,なし,なし,なし,なし,なし,なし,なし,100,追,3,202609130904040903,22102604
20260913,阪神,9,4,能勢特別･2勝,芝,2000,ダイヤモンドハンズ,牡,北村友一,坂口智康,栗,サトノダイヤモンド,2,阪神芝2000,2,46278,ダイヤモンドハンズ46277,ダイヤモンドハンズ46274,ダイヤモンドハンズ46275,ダイヤモンドハンズ46270,ダイヤモンドハンズ46271,ダイヤモンドハンズ46263,ダイヤモンドハンズ46264,66.4,15.6,15.6,57,12.8,13,61.7,14.7,14.8,58.6,13.4,13.3,56.1,12.8,13.3,14.6,15.4,なし,なし,なし,なし,なし,66.6,なし,なし,なし,なし,なし,なし,なし,なし,なし,なし,なし,なし,なし,なし,なし,なし,なし,なし,なし,×,なし,×,×,なし,×,66.6,×,×,なし,×,×,なし,×,なし,なし,なし,なし,101,差,4,202609130904040904,20103647
20260913,阪神,9,5,能勢特別･2勝,芝,2000,タンテドヴィーヴル,牡,ルメール,斉藤崇史,栗,ルヴァンスレーヴ,2,阪神芝2000,2,46278,タンテドヴィーヴル46277,タンテドヴィーヴル46274,タンテドヴィーヴル46275,タンテドヴィーヴル46270,タンテドヴィーヴル46271,タンテドヴィーヴル46263,タンテドヴィーヴル46264,69.9,16.3,16.9,66.3,15.4,15.9,68.4,15.8,16.7,なし,なし,なし,なし,なし,なし,なし,なし,なし,なし,なし,なし,なし,67.2,なし,なし,なし,なし,なし,なし,なし,なし,なし,なし,なし,なし,なし,なし,False,なし,なし,なし,なし,なし,なし,なし,なし,なし,なし,67.2,×,なし,なし,なし,なし,なし,なし,なし,なし,なし,なし,121,先,5,202609130904040905,22105171
20260913,阪神,9,6,能勢特別･2勝,芝,2000,ヴァイザーバルコ,セ,古川吉洋,水野貴広,美,ゴールドシップ,2,阪神芝2000,1,46278,ヴァイザーバルコ46277,ヴァイザーバルコ46274,ヴァイザーバルコ46275,ヴァイザーバルコ46270,ヴァイザーバルコ46271,ヴァイザーバルコ46263,ヴァイザーバルコ46264,67,16.2,16.9,68.7,17.1,16.7,なし,なし,なし,なし,なし,なし,55.4,13.2,13.5,13.9,14.8,なし,なし,なし,なし,なし,なし,なし,なし,なし,なし,なし,なし,なし,なし,なし,なし,なし,なし,なし,なし,なし,なし,なし,なし,なし,×,なし,×,×,なし,×,なし,なし,×,なし,×,〇,なし,〇,なし,なし,×,×,104,差,6,202609130904040906,20106694
20260913,阪神,9,7,能勢特別･2勝,芝,2000,シーミハットク,牡,坂井瑠星,寺島良,栗,オルフェーヴル,2,阪神芝2000,2,46278,シーミハットク46277,シーミハットク46274,シーミハットク46275,シーミハットク46270,シーミハットク46271,シーミハットク46263,シーミハットク46264,66.1,15.2,14.9,60.3,14.4,14.5,67.7,15.3,15.7,61,12.7,14.4,なし,なし,なし,なし,なし,なし,なし,なし,なし,なし,66.3,なし,なし,なし,なし,なし,なし,11.8,55,70.8,なし,なし,なし,なし,なし,False,〇,なし,〇,なし,なし,なし,なし,なし,なし,なし,66.3,×,なし,なし,なし,なし,なし,なし,なし,なし,なし,なし,111,先,6,202609130904040907,23103532
20260913,阪神,9,8,能勢特別･2勝,芝,2000,コスモスプモーニ,牡,Ｍ．デム,松山将樹,美,リアルインパクト,2,阪神芝2000,1,46278,コスモスプモーニ46277,コスモスプモーニ46274,コスモスプモーニ46275,コスモスプモーニ46270,コスモスプモーニ46271,コスモスプモーニ46263,コスモスプモーニ46264,なし,なし,なし,なし,なし,なし,なし,なし,なし,なし,なし,なし,なし,なし,なし,なし,なし,なし,なし,なし,なし,なし,なし,なし,なし,なし,なし,なし,なし,12,53.6,68.8,なし,なし,なし,なし,なし,なし,×,なし,×,なし,なし,なし,なし,なし,なし,なし,なし,なし,なし,なし,なし,なし,なし,なし,なし,なし,なし,なし,94,先,7,202609130904040908,20101261
20260913,阪神,9,9,能勢特別･2勝,芝,2000,バセリーナ,牡,斎藤新,松山将樹,美,ウインブライト,2,阪神芝2000,1,46278,バセリーナ46277,バセリーナ46274,バセリーナ46275,バセリーナ46270,バセリーナ46271,バセリーナ46263,バセリーナ46264,なし,なし,なし,なし,なし,なし,なし,なし,なし,なし,なし,なし,なし,なし,なし,なし,なし,なし,なし,なし,なし,なし,なし,なし,なし,なし,なし,なし,なし,11.9,52,67.6,なし,なし,なし,なし,なし,なし,〇,なし,〇,なし,なし,なし,なし,なし,なし,なし,なし,なし,なし,なし,なし,なし,なし,なし,なし,なし,なし,なし,87,差,7,202609130904040909,22106772
20260913,阪神,9,10,能勢特別･2勝,芝,2000,ミッキージャンプ,牡,西村淳也,池江泰寿,栗,サートゥルナーリア,2,阪神芝2000,2,46278,ミッキージャンプ46277,ミッキージャンプ46274,ミッキージャンプ46275,ミッキージャンプ46270,ミッキージャンプ46271,ミッキージャンプ46263,ミッキージャンプ46264,67.2,15.8,16,56.9,13.1,13.1,66.3,15.3,16.4,56.9,13,13.8,55.3,13.2,13.3,14.2,14.6,なし,なし,なし,なし,なし,63.8,なし,なし,なし,なし,なし,なし,なし,なし,なし,なし,なし,なし,なし,なし,なし,なし,なし,なし,なし,×,なし,×,×,なし,×,63.8,〇,×,なし,×,〇,なし,〇,なし,なし,×,×,113,逃,8,202609130904040910,23105274
20260913,阪神,9,11,能勢特別･2勝,芝,2000,サミダレナイツ,牡,酒井学,谷潔,栗,トーホウジャッカル,2,阪神芝2000,2,46278,サミダレナイツ46277,サミダレナイツ46274,サミダレナイツ46275,サミダレナイツ46270,サミダレナイツ46271,サミダレナイツ46263,サミダレナイツ46264,なし,なし,なし,59.6,13,13,なし,なし,なし,なし,なし,なし,54.9,14,12.7,13.3,14.9,なし,なし,なし,なし,なし,なし,14.5,なし,14.8,0,14.5,84.2,なし,なし,なし,なし,なし,なし,なし,なし,なし,なし,なし,なし,なし,×,なし,×,×,なし,×,なし,なし,×,なし,×,〇,なし,〇,なし,なし,×,×,106,差,8,202609130904040911,22101605
20260913,阪神,10,1,仲秋Ｓ･3勝,芝,1600,チェルノボーグ,セ,西塚洸二,藤原英昭,栗,ディープインパクト,2,阪神芝1600,2,46278,チェルノボーグ46277,チェルノボーグ46274,チェルノボーグ46275,チェルノボーグ46270,チェルノボーグ46271,チェルノボーグ46263,チェルノボーグ46264,65.8,16.3,15.9,58.9,13.8,14.3,68.3,16.3,16.7,59.9,13.5,14.4,54.5,12.8,12.8,13.8,15.1,なし,なし,なし,なし,なし,65.2,なし,なし,なし,なし,なし,なし,なし,なし,なし,なし,なし,なし,なし,なし,なし,なし,なし,なし,なし,×,なし,×,×,なし,×,65.2,〇,×,なし,×,×,なし,×,なし,なし,なし,なし,98,先,1,202609130904041001,19104732
20260913,阪神,10,2,仲秋Ｓ･3勝,芝,1600,テラメリタ,牝,ルメール,須貝尚介,栗,ブリックスアンドモルタル,2,阪神芝1600,2,46278,テラメリタ46277,テラメリタ46274,テラメリタ46275,テラメリタ46270,テラメリタ46271,テラメリタ46263,テラメリタ46264,62.8,15,15.4,60.4,14.2,13.6,63.3,15.2,14.6,58.2,13.6,14.2,56.3,12.7,13.3,14.7,15.6,なし,なし,なし,なし,なし,69.1,なし,なし,なし,なし,なし,なし,なし,なし,なし,なし,なし,なし,なし,なし,なし,なし,なし,なし,なし,×,なし,×,×,なし,×,69.1,×,×,なし,×,×,なし,×,なし,なし,なし,なし,120,差,2,202609130904041002,21105127
20260913,阪神,10,3,仲秋Ｓ･3勝,芝,1600,モアリジット,牡,古川奈穂,西村真幸,栗,ロードカナロア,2,阪神芝1600,2,46278,モアリジット46277,モアリジット46274,モアリジット46275,モアリジット46270,モアリジット46271,モアリジット46263,モアリジット46264,なし,なし,なし,なし,なし,なし,なし,なし,なし,なし,なし,なし,なし,なし,なし,なし,なし,なし,なし,なし,なし,なし,なし,15,11.5,15.3,83,15.6,81.3,11.7,52.2,66.6,なし,なし,なし,なし,なし,なし,〇,なし,〇,なし,なし,なし,なし,なし,なし,なし,なし,なし,なし,なし,なし,なし,なし,なし,なし,なし,なし,なし,98,逃,2,202609130904041003,21104832
20260913,阪神,10,4,仲秋Ｓ･3勝,芝,1600,エポックヴィーナス,牝,田山旺佑,新谷功一,栗,ヴィクトワールピサ,2,阪神芝1600,2,46278,エポックヴィーナス46277,エポックヴィーナス46274,エポックヴィーナス46275,エポックヴィーナス46270,エポックヴィーナス46271,エポックヴィーナス46263,エポックヴィーナス46264,なし,なし,なし,59.6,14.5,14.7,なし,なし,なし,58.2,13.9,13.9,なし,なし,なし,なし,なし,56.4,13.6,13.5,13.8,15.5,なし,なし,なし,なし,なし,なし,なし,なし,なし,なし,なし,なし,なし,なし,なし,なし,なし,なし,なし,なし,なし,×,×,なし,×,×,なし,なし,なし,×,×,なし,なし,なし,なし,なし,なし,なし,101,追,3,202609130904041004,21104153
20260913,阪神,10,5,仲秋Ｓ･3勝,芝,1600,モンテシート,牡,北村友一,牧田和弥,栗,ミッキーアイル,2,阪神芝1600,2,46278,モンテシート46277,モンテシート46274,モンテシート46275,モンテシート46270,モンテシート46271,モンテシート46263,モンテシート46264,なし,なし,なし,58.1,13.2,13.1,66.5,16.2,15.3,57.1,14.5,13.4,64.6,15.4,15.3,16.1,17.8,なし,なし,なし,なし,なし,63.1,なし,なし,なし,なし,なし,なし,なし,なし,なし,84.8,11.4,51.3,66.8,84.8,なし,なし,〇,〇,なし,×,なし,×,×,なし,×,63.1,〇,×,なし,×,×,なし,×,True,なし,〇,なし,110,先,3,202609130904041005,22105108
20260913,阪神,10,6,仲秋Ｓ･3勝,芝,1600,ハギノアルデバラン,牡,浜中俊,佐藤悠太,栗,ジャスタウェイ,2,阪神芝1600,2,46278,ハギノアルデバラン46277,ハギノアルデバラン46274,ハギノアルデバラン46275,ハギノアルデバラン46270,ハギノアルデバラン46271,ハギノアルデバラン46263,ハギノアルデバラン46264,なし,なし,なし,なし,なし,なし,63.3,14.9,15.3,54.4,12.3,13.1,なし,なし,なし,なし,なし,なし,なし,なし,なし,なし,61.9,なし,なし,なし,なし,なし,なし,なし,なし,なし,なし,なし,なし,なし,なし,False,なし,なし,なし,なし,なし,なし,なし,なし,なし,なし,61.9,〇,なし,なし,なし,なし,なし,なし,なし,なし,なし,なし,105,追,4,202609130904041006,20100976
20260913,阪神,10,7,仲秋Ｓ･3勝,芝,1600,ドゥカート,牡,菱田裕二,宮田敬介,美,レイデオロ,2,阪神芝1600,1,46278,ドゥカート46277,ドゥカート46274,ドゥカート46275,ドゥカート46270,ドゥカート46271,ドゥカート46263,ドゥカート46264,なし,なし,なし,なし,なし,なし,65.9,15,15.5,なし,なし,なし,なし,なし,なし,なし,なし,なし,なし,なし,なし,なし,なし,なし,なし,なし,なし,11.5,67.9,11.5,51.9,66.2,なし,なし,なし,なし,なし,なし,〇,なし,〇,なし,なし,なし,なし,なし,なし,なし,なし,なし,なし,なし,なし,なし,なし,なし,なし,なし,なし,なし,91,先,4,202609130904041007,22105777
20260913,阪神,10,8,仲秋Ｓ･3勝,芝,1600,インヴォーグ,牝,幸英明,福永祐一,栗,ロードカナロア,2,阪神芝1600,2,46278,インヴォーグ46277,インヴォーグ46274,インヴォーグ46275,インヴォーグ46270,インヴォーグ46271,インヴォーグ46263,インヴォーグ46264,なし,なし,なし,なし,なし,なし,67.8,17.2,15.7,59,13.6,14.6,なし,なし,なし,なし,なし,なし,なし,なし,なし,なし,なし,なし,なし,なし,なし,なし,なし,11.6,51.7,66.3,なし,なし,なし,なし,なし,なし,〇,なし,〇,なし,なし,なし,なし,なし,なし,なし,なし,なし,なし,なし,なし,なし,なし,なし,なし,なし,なし,なし,111,先,5,202609130904041008,22104145
20260913,阪神,10,9,仲秋Ｓ･3勝,芝,1600,サンタンカ,牡,吉村誠之,千田輝彦,栗,モーリス,2,阪神芝1600,2,46278,サンタンカ46277,サンタンカ46274,サンタンカ46275,サンタンカ46270,サンタンカ46271,サンタンカ46263,サンタンカ46264,なし,なし,なし,59.4,14.6,13.9,58.6,14,14.1,なし,なし,なし,なし,なし,なし,なし,なし,なし,なし,なし,なし,なし,なし,なし,なし,なし,なし,なし,なし,12.1,55.2,70.9,なし,なし,なし,なし,なし,なし,×,なし,×,なし,なし,なし,なし,なし,なし,なし,なし,なし,なし,なし,なし,なし,なし,なし,なし,なし,なし,なし,99,差,5,202609130904041009,22101676
20260913,阪神,10,10,仲秋Ｓ･3勝,芝,1600,リチャードバローズ,牡,Ｍ．デム,上村洋行,栗,エピファネイア,2,阪神芝1600,2,46278,リチャードバローズ46277,リチャードバローズ46274,リチャードバローズ46275,リチャードバローズ46270,リチャードバローズ46271,リチャードバローズ46263,リチャードバローズ46264,64.4,15.2,15.3,なし,なし,なし,なし,なし,なし,57.2,13.6,13.6,53.8,13.3,12.5,13.5,14.5,なし,なし,なし,なし,なし,62.7,なし,11.9,なし,なし,なし,なし,なし,なし,なし,なし,なし,なし,なし,なし,False,なし,なし,なし,なし,×,なし,×,×,なし,×,62.7,〇,×,なし,×,〇,なし,〇,なし,なし,×,×,95,追,6,202609130904041010,21103977
20260913,阪神,10,11,仲秋Ｓ･3勝,芝,1600,ヨウシタンレイ,牝,坂井瑠星,藤野健太,栗,サトノアラジン,2,阪神芝1600,2,46278,ヨウシタンレイ46277,ヨウシタンレイ46274,ヨウシタンレイ46275,ヨウシタンレイ46270,ヨウシタンレイ46271,ヨウシタンレイ46263,ヨウシタンレイ46264,なし,なし,なし,55.8,13.5,12.7,なし,なし,なし,59,13.2,14,なし,なし,なし,なし,なし,なし,なし,なし,なし,なし,なし,なし,なし,なし,なし,なし,なし,11.8,53.9,69.6,なし,なし,なし,なし,なし,なし,〇,なし,〇,なし,なし,なし,なし,なし,なし,なし,なし,なし,なし,なし,なし,なし,なし,なし,なし,なし,なし,なし,111,追,6,202609130904041011,20103969
20260913,阪神,10,12,仲秋Ｓ･3勝,芝,1600,スリリングチェイス,セ,小沢大仁,渡辺薫彦,栗,サトノアラジン,2,阪神芝1600,2,46278,スリリングチェイス46277,スリリングチェイス46274,スリリングチェイス46275,スリリングチェイス46270,スリリングチェイス46271,スリリングチェイス46263,スリリングチェイス46264,なし,なし,なし,60.4,14,14.6,なし,なし,なし,55.8,13,13.9,55.1,12.7,12.7,14.4,15.3,なし,なし,なし,なし,なし,なし,なし,なし,なし,なし,なし,なし,なし,なし,なし,なし,なし,なし,なし,なし,なし,なし,なし,なし,なし,×,なし,×,×,なし,×,なし,なし,×,なし,×,×,なし,×,なし,なし,なし,なし,93,先,7,202609130904041012,20103407
20260913,阪神,10,13,仲秋Ｓ･3勝,芝,1600,レッドアトレーヴ,牡,戸崎圭太,手塚貴久,美,ロードカナロア,2,阪神芝1600,1,46278,レッドアトレーヴ46277,レッドアトレーヴ46274,レッドアトレーヴ46275,レッドアトレーヴ46270,レッドアトレーヴ46271,レッドアトレーヴ46263,レッドアトレーヴ46264,なし,なし,なし,55.5,13.3,13.7,68.7,15.8,16.2,55.5,13,13.7,53.5,12.1,12.5,14,14.9,なし,なし,なし,なし,なし,なし,なし,なし,なし,なし,なし,なし,なし,なし,なし,なし,なし,なし,なし,なし,なし,なし,なし,なし,なし,×,なし,×,×,なし,×,なし,なし,×,なし,×,×,なし,×,なし,なし,なし,なし,102,差,7,202609130904041013,21105837
20260913,阪神,10,14,仲秋Ｓ･3勝,芝,1600,サクセスアイ,牝,藤懸貴志,北出成人,栗,ミッキーアイル,2,阪神芝1600,2,46278,サクセスアイ46277,サクセスアイ46274,サクセスアイ46275,サクセスアイ46270,サクセスアイ46271,サクセスアイ46263,サクセスアイ46264,なし,なし,なし,なし,なし,なし,なし,なし,なし,66.7,15.8,15.6,54.7,13.1,12.8,13.7,15.1,なし,なし,なし,なし,なし,68.5,なし,なし,なし,なし,なし,なし,なし,なし,なし,なし,なし,なし,なし,なし,なし,なし,なし,なし,なし,×,なし,×,×,なし,×,68.5,×,×,なし,×,〇,なし,〇,なし,なし,×,×,95,差,8,202609130904041014,20105354
20260913,阪神,10,15,仲秋Ｓ･3勝,芝,1600,コスモアンソロジー,牡,佐々木大,嘉藤貴行,美,ダノンバラード,2,阪神芝1600,1,46278,コスモアンソロジー46277,コスモアンソロジー46274,コスモアンソロジー46275,コスモアンソロジー46270,コスモアンソロジー46271,コスモアンソロジー46263,コスモアンソロジー46264,なし,なし,なし,なし,なし,なし,63.3,15.5,15.5,なし,なし,なし,なし,なし,なし,なし,なし,なし,なし,なし,なし,なし,なし,なし,なし,なし,なし,13.9,73.3,11.7,52.4,66.9,なし,なし,なし,なし,なし,なし,〇,なし,〇,なし,なし,なし,なし,なし,なし,なし,なし,なし,なし,なし,なし,なし,なし,なし,なし,なし,なし,なし,119,先,8,202609130904041015,22106793
20260913,阪神,11,1,ローズＳG2,芝,1800,アンジュドジョワ,牝,北村友一,福永祐一,栗,キタサンブラック,2,阪神芝1800,2,46278,アンジュドジョワ46277,アンジュドジョワ46274,アンジュドジョワ46275,アンジュドジョワ46270,アンジュドジョワ46271,アンジュドジョワ46263,アンジュドジョワ46264,なし,なし,なし,54,12.5,12.9,60.5,14.9,15,なし,なし,なし,なし,なし,なし,なし,なし,なし,なし,なし,なし,なし,なし,なし,なし,なし,なし,なし,なし,11.8,52.3,0,なし,なし,なし,なし,なし,なし,〇,なし,〇,なし,なし,なし,なし,なし,なし,なし,なし,なし,なし,なし,なし,なし,なし,なし,なし,なし,なし,なし,112,追,1,202609130904041101,23103807
20260913,阪神,11,2,ローズＳG2,芝,1800,エンネ,牝,坂井瑠星,吉岡辰弥,栗,キズナ,2,阪神芝1800,2,46278,エンネ46277,エンネ46274,エンネ46275,エンネ46270,エンネ46271,エンネ46263,エンネ46264,なし,なし,なし,なし,なし,なし,なし,なし,なし,なし,なし,なし,57.3,14.2,14,14.3,14.8,なし,なし,なし,なし,なし,65.5,11.6,なし,11.4,66.6,なし,なし,なし,なし,なし,なし,なし,なし,なし,なし,False,なし,なし,なし,なし,×,なし,×,×,なし,×,65.5,〇,×,なし,×,〇,なし,〇,なし,なし,×,×,121,追,2,202609130904041102,23102102
20260913,阪神,11,3,ローズＳG2,芝,1800,スマートプリエール,牝,田山旺佑,大久保龍,栗,エピファネイア,2,阪神芝1800,2,46278,スマートプリエール46277,スマートプリエール46274,スマートプリエール46275,スマートプリエール46270,スマートプリエール46271,スマートプリエール46263,スマートプリエール46264,なし,なし,なし,65.5,15.5,16,67.1,15.9,15.8,64.2,16.5,15.8,53.6,12.6,12.7,13.9,14.4,なし,なし,なし,なし,なし,なし,16.8,なし,なし,なし,なし,なし,なし,なし,なし,なし,なし,なし,なし,なし,なし,なし,なし,なし,なし,×,なし,×,×,なし,×,なし,なし,×,なし,×,×,なし,×,なし,なし,なし,なし,103,先,3,202609130904041103,23107079
20260913,阪神,11,4,ローズＳG2,芝,1800,アンディムジーク,牝,古川吉洋,渡辺薫彦,栗,アドマイヤマーズ,2,阪神芝1800,2,46278,アンディムジーク46277,アンディムジーク46274,アンディムジーク46275,アンディムジーク46270,アンディムジーク46271,アンディムジーク46263,アンディムジーク46264,なし,なし,なし,なし,なし,なし,なし,なし,なし,なし,なし,なし,なし,なし,なし,なし,なし,なし,なし,なし,なし,なし,なし,なし,なし,なし,なし,なし,なし,11.8,53,67.7,なし,なし,なし,なし,なし,なし,〇,なし,〇,なし,なし,なし,なし,なし,なし,なし,なし,なし,なし,なし,なし,なし,なし,なし,なし,なし,なし,なし,106,差,4,202609130904041104,23103797
20260913,阪神,11,5,ローズＳG2,芝,1800,ファストフォワード,牝,小崎綾也,小林真也,栗,ハービンジャー,2,阪神芝1800,2,46278,ファストフォワード46277,ファストフォワード46274,ファストフォワード46275,ファストフォワード46270,ファストフォワード46271,ファストフォワード46263,ファストフォワード46264,66.7,15.5,15.6,66.4,15.7,16.6,65.3,15.9,15.5,64.9,15.1,15.2,なし,なし,なし,なし,なし,なし,なし,なし,なし,なし,64.6,なし,なし,なし,なし,なし,なし,12.1,51.9,65.6,なし,なし,なし,なし,なし,なし,×,なし,×,なし,なし,なし,なし,なし,なし,なし,64.6,〇,なし,なし,なし,なし,なし,なし,なし,なし,なし,なし,99,差,5,202609130904041105,23106362
20260913,阪神,11,6,ローズＳG2,芝,1800,イクシード,牝,ルメール,木村哲也,美,キタサンブラック,2,阪神芝1800,1,46278,イクシード46277,イクシード46274,イクシード46275,イクシード46270,イクシード46271,イクシード46263,イクシード46264,なし,なし,なし,なし,なし,なし,なし,なし,なし,なし,なし,なし,54.6,12.2,13.2,14.4,14.8,なし,なし,なし,なし,なし,なし,15.2,12.2,11.4,68.5,なし,なし,なし,なし,なし,なし,なし,なし,なし,なし,False,なし,なし,なし,なし,×,なし,×,×,なし,×,なし,なし,×,なし,×,×,なし,×,なし,なし,なし,なし,112,追,5,202609130904041106,23107030
20260913,阪神,11,7,ローズＳG2,芝,1800,モンローウォーク,牝,戸崎圭太,上村洋行,栗,キズナ,2,阪神芝1800,2,46278,モンローウォーク46277,モンローウォーク46274,モンローウォーク46275,モンローウォーク46270,モンローウォーク46271,モンローウォーク46263,モンローウォーク46264,なし,なし,なし,なし,なし,なし,69.2,15.2,16.3,59.3,13.4,14.7,53.6,12.7,12.8,13,15.1,なし,なし,なし,なし,なし,63,なし,12,なし,なし,なし,なし,なし,なし,なし,なし,なし,なし,なし,なし,False,なし,なし,なし,なし,×,なし,×,×,なし,×,63,〇,×,なし,×,×,なし,×,なし,なし,なし,なし,117,先,6,202609130904041107,23106859
20260913,阪神,11,8,ローズＳG2,芝,1800,ミリタリータトゥー,牝,西塚洸二,藤岡健一,栗,デクラレーションオブウォー,2,阪神芝1800,2,46278,ミリタリータトゥー46277,ミリタリータトゥー46274,ミリタリータトゥー46275,ミリタリータトゥー46270,ミリタリータトゥー46271,ミリタリータトゥー46263,ミリタリータトゥー46264,68.1,16.6,16.3,なし,なし,なし,67.5,16.8,16.3,57.1,12.9,14.7,なし,なし,なし,なし,なし,なし,なし,なし,なし,なし,なし,なし,なし,なし,なし,なし,なし,11.4,52.2,67,なし,なし,なし,なし,なし,True,〇,なし,〇,なし,なし,なし,なし,なし,なし,なし,なし,なし,なし,なし,なし,なし,なし,なし,なし,なし,〇,なし,110,先,6,202609130904041108,23101180
20260913,阪神,11,9,ローズＳG2,芝,1800,ナムラコスモス,牝,田口貫太,大橋勇樹,栗,ダノンプレミアム,2,阪神芝1800,2,46278,ナムラコスモス46277,ナムラコスモス46274,ナムラコスモス46275,ナムラコスモス46270,ナムラコスモス46271,ナムラコスモス46263,ナムラコスモス46264,なし,なし,なし,63.4,15.3,15.7,なし,なし,なし,55.7,13.5,13.7,なし,なし,なし,なし,なし,なし,なし,なし,なし,なし,なし,なし,なし,なし,なし,なし,なし,11.7,52.5,67.9,なし,なし,なし,なし,なし,なし,〇,なし,〇,なし,なし,なし,なし,なし,なし,なし,なし,なし,なし,なし,なし,なし,なし,なし,なし,なし,なし,なし,104,先,7,202609130904041109,23106227
20260913,阪神,11,10,ローズＳG2,芝,1800,スウィートハピネス,牝,佐々木大,北出成人,栗,リアルインパクト,2,阪神芝1800,2,46278,スウィートハピネス46277,スウィートハピネス46274,スウィートハピネス46275,スウィートハピネス46270,スウィートハピネス46271,スウィートハピネス46263,スウィートハピネス46264,68.5,15.7,16.7,なし,なし,なし,67.3,16.1,15.7,58.3,13.5,14,55.3,13,13.1,13.7,15.5,なし,なし,なし,なし,なし,65.8,なし,12.1,なし,なし,なし,なし,なし,なし,なし,なし,なし,なし,なし,なし,なし,なし,なし,なし,なし,×,なし,×,×,なし,×,65.8,〇,×,なし,×,〇,なし,〇,なし,なし,×,×,118,差,7,202609130904041110,23104475
20260913,阪神,11,11,ローズＳG2,芝,1800,レイクラシック,牝,吉村誠之,新谷功一,栗,キタサンブラック,2,阪神芝1800,2,46278,レイクラシック46277,レイクラシック46274,レイクラシック46275,レイクラシック46270,レイクラシック46271,レイクラシック46263,レイクラシック46264,なし,なし,なし,57.8,12,13.4,64.2,15,14.9,58.2,12.5,13.1,52.8,12.2,12,14,14.6,なし,なし,なし,なし,なし,66.6,14.6,なし,なし,なし,なし,なし,なし,なし,なし,なし,なし,なし,なし,なし,なし,なし,なし,なし,なし,×,なし,×,〇,なし,〇,66.6,×,〇,なし,〇,×,なし,×,なし,なし,〇,なし,110,差,8,202609130904041111,23103906
20260913,阪神,11,12,ローズＳG2,芝,1800,タイセイボーグ,牝,西村淳也,松下武士,栗,インディチャンプ,2,阪神芝1800,2,46278,タイセイボーグ46277,タイセイボーグ46274,タイセイボーグ46275,タイセイボーグ46270,タイセイボーグ46271,タイセイボーグ46263,タイセイボーグ46264,なし,なし,なし,56.2,13,13.3,68.7,16.6,16.8,58.9,14.6,14.3,59.1,13.3,13.4,15.6,16.8,なし,なし,なし,なし,なし,68.7,なし,なし,なし,なし,なし,なし,なし,なし,なし,なし,なし,なし,なし,なし,なし,なし,なし,なし,なし,×,なし,×,×,なし,×,68.7,×,×,なし,×,〇,なし,〇,なし,なし,×,×,130,差,8,202609130904041112,23106900
20260913,阪神,12,1,２勝ｸﾗｽ,ダ,1200,フレンズプラス,牝,荻野琢真,宮本博,栗,クリソベリル,1,阪神ダ1200,2,46278,フレンズプラス46277,フレンズプラス46274,フレンズプラス46275,フレンズプラス46270,フレンズプラス46271,フレンズプラス46263,フレンズプラス46264,なし,なし,なし,66.3,17,16.2,69.5,17.3,16.9,59.4,13.1,14,65.8,15.9,15.5,16.1,18.3,55,13.4,12.7,13.8,15.1,68.5,なし,なし,なし,なし,なし,なし,なし,なし,なし,なし,なし,なし,なし,なし,なし,なし,なし,なし,なし,×,×,×,×,×,×,68.5,×,×,×,×,×,なし,×,なし,なし,なし,なし,100,追,1,202609130904041201,23104539
20260913,阪神,12,2,２勝ｸﾗｽ,ダ,1200,ズバットマサムネ,セ,北村友一,杉山佳明,栗,キンシャサノキセキ,1,阪神ダ1200,2,46278,ズバットマサムネ46277,ズバットマサムネ46274,ズバットマサムネ46275,ズバットマサムネ46270,ズバットマサムネ46271,ズバットマサムネ46263,ズバットマサムネ46264,67.5,15.7,15.7,55.5,13.3,13.7,66.2,15,14.8,58,13.2,13.5,58.2,13.7,13.8,14.9,15.8,なし,なし,なし,なし,なし,67.4,なし,なし,なし,なし,なし,なし,なし,なし,なし,なし,なし,なし,なし,なし,なし,なし,なし,なし,なし,×,なし,×,×,なし,×,67.4,×,×,なし,×,〇,なし,〇,なし,なし,×,×,104,先,2,202609130904041202,21105711
20260913,阪神,12,3,２勝ｸﾗｽ,ダ,1200,オトメナシャチョウ,牝,松本大輝,森秀行,栗,Speightstown,1,阪神ダ1200,2,46278,オトメナシャチョウ46277,オトメナシャチョウ46274,オトメナシャチョウ46275,オトメナシャチョウ46270,オトメナシャチョウ46271,オトメナシャチョウ46263,オトメナシャチョウ46264,なし,なし,なし,55.1,12.7,12.9,なし,なし,なし,55.9,13.4,12.7,なし,なし,なし,なし,なし,54.9,13.7,13.5,13.4,14.3,なし,なし,なし,なし,なし,なし,なし,なし,なし,なし,なし,なし,なし,なし,なし,False,なし,なし,なし,なし,なし,×,×,なし,×,×,なし,なし,なし,×,×,なし,なし,なし,なし,なし,なし,なし,103,逃,3,202609130904041203,22110088
20260913,阪神,12,4,２勝ｸﾗｽ,ダ,1200,カーリキュー,牝,斎藤新,高橋一哉,栗,ディスクリートキャット,1,阪神ダ1200,2,46278,カーリキュー46277,カーリキュー46274,カーリキュー46275,カーリキュー46270,カーリキュー46271,カーリキュー46263,カーリキュー46264,なし,なし,なし,なし,なし,なし,68.7,17.2,16.5,58.4,13.3,13.7,54.6,13.2,12.9,13.6,14.9,なし,なし,なし,なし,なし,66.6,なし,なし,なし,なし,なし,なし,なし,なし,なし,なし,なし,なし,なし,なし,なし,なし,なし,なし,なし,×,なし,×,×,なし,×,66.6,×,×,なし,×,〇,なし,〇,なし,なし,×,×,109,逃,3,202609130904041204,23101115
20260913,阪神,12,5,２勝ｸﾗｽ,ダ,1200,ダズリングダンス,セ,川須栄彦,小椋研介,栗,タイセイレジェンド,1,阪神ダ1200,2,46278,ダズリングダンス46277,ダズリングダンス46274,ダズリングダンス46275,ダズリングダンス46270,ダズリングダンス46271,ダズリングダンス46263,ダズリングダンス46264,なし,なし,なし,なし,なし,なし,なし,なし,なし,なし,なし,なし,なし,なし,なし,なし,なし,なし,なし,なし,なし,なし,なし,なし,なし,なし,なし,12,66.2,11.5,52.3,67.8,なし,なし,なし,なし,なし,なし,〇,なし,〇,なし,なし,なし,なし,なし,なし,なし,なし,なし,なし,なし,なし,なし,なし,なし,なし,なし,なし,なし,108,先,4,202609130904041205,20105957
20260913,阪神,12,6,２勝ｸﾗｽ,ダ,1200,ヒラボクカレラ,牡,浜中俊,奥村豊,栗,モーリス,1,阪神ダ1200,2,46278,ヒラボクカレラ46277,ヒラボクカレラ46274,ヒラボクカレラ46275,ヒラボクカレラ46270,ヒラボクカレラ46271,ヒラボクカレラ46263,ヒラボクカレラ46264,なし,なし,なし,59.7,14.3,13.7,なし,なし,なし,なし,なし,なし,56.1,12.8,13.3,14.9,15.1,なし,なし,なし,なし,なし,なし,なし,なし,なし,なし,なし,なし,なし,なし,なし,なし,なし,なし,なし,なし,False,なし,なし,なし,なし,×,なし,×,×,なし,×,なし,なし,×,なし,×,×,なし,×,なし,なし,なし,なし,105,先,4,202609130904041206,22102993
20260913,阪神,12,7,２勝ｸﾗｽ,ダ,1200,アオイレーギーナ,牝,幸英明,宮地貴稔,栗,リアルスティール,1,阪神ダ1200,2,46278,アオイレーギーナ46277,アオイレーギーナ46274,アオイレーギーナ46275,アオイレーギーナ46270,アオイレーギーナ46271,アオイレーギーナ46263,アオイレーギーナ46264,なし,なし,なし,なし,なし,なし,なし,なし,なし,64.7,16.4,15.8,55.1,12.5,13,14.8,14.8,なし,なし,なし,なし,なし,64.8,なし,なし,なし,なし,なし,なし,なし,なし,なし,なし,なし,なし,なし,なし,なし,なし,なし,なし,なし,×,なし,×,×,なし,×,64.8,〇,×,なし,×,×,なし,×,なし,なし,なし,なし,122,追,5,202609130904041207,22102939
20260913,阪神,12,8,２勝ｸﾗｽ,ダ,1200,ベンダバール,牡,国分恭介,牧浦充徳,栗,ドレフォン,1,阪神ダ1200,2,46278,ベンダバール46277,ベンダバール46274,ベンダバール46275,ベンダバール46270,ベンダバール46271,ベンダバール46263,ベンダバール46264,64.8,15.4,15.1,59,15.1,14.7,64.8,15.6,15.9,59.2,14.6,14.6,57.3,13.5,13.8,14.5,15.5,なし,なし,なし,なし,なし,なし,なし,なし,なし,なし,なし,なし,なし,なし,なし,なし,なし,なし,なし,なし,False,なし,なし,なし,なし,×,なし,×,×,なし,×,なし,なし,×,なし,×,〇,なし,〇,なし,なし,×,×,105,追,5,202609130904041208,21101077
20260913,阪神,12,9,２勝ｸﾗｽ,ダ,1200,メイショウドライブ,牝,田口貫太,鈴木孝志,栗,フォーウィールドライブ,1,阪神ダ1200,2,46278,メイショウドライブ46277,メイショウドライブ46274,メイショウドライブ46275,メイショウドライブ46270,メイショウドライブ46271,メイショウドライブ46263,メイショウドライブ46264,67.4,15.1,15.4,58.1,14.1,13.7,なし,なし,なし,60.9,14.7,14.3,53.4,15.5,13.1,12.3,12.5,なし,なし,なし,なし,なし,69,なし,なし,なし,なし,なし,なし,なし,なし,なし,なし,なし,なし,なし,なし,なし,なし,なし,なし,なし,×,なし,×,×,なし,×,69,×,×,なし,×,〇,なし,〇,なし,なし,×,×,103,逃,6,202609130904041209,22102574
20260913,阪神,12,10,２勝ｸﾗｽ,ダ,1200,リードプリンシパル,牝,田山旺佑,天間昭一,美,ストロングリターン,1,阪神ダ1200,1,46278,リードプリンシパル46277,リードプリンシパル46274,リードプリンシパル46275,リードプリンシパル46270,リードプリンシパル46271,リードプリンシパル46263,リードプリンシパル46264,なし,なし,なし,なし,なし,なし,66.1,15.7,16.7,68.6,16,17,54.1,12.6,13.2,13.8,14.5,なし,なし,なし,なし,なし,なし,なし,なし,なし,なし,なし,なし,なし,なし,なし,なし,なし,なし,なし,なし,なし,なし,なし,なし,なし,×,なし,×,×,なし,×,なし,なし,×,なし,×,×,なし,×,なし,なし,なし,なし,94,先,6,202609130904041210,22105748
20260913,阪神,12,11,２勝ｸﾗｽ,ダ,1200,バイファーザベスト,牡,鮫島良太,清水久詞,栗,キタサンブラック,1,阪神ダ1200,2,46278,バイファーザベスト46277,バイファーザベスト46274,バイファーザベスト46275,バイファーザベスト46270,バイファーザベスト46271,バイファーザベスト46263,バイファーザベスト46264,なし,なし,なし,なし,なし,なし,52,12.9,12.2,なし,なし,なし,57.7,13.6,14,14.4,15.7,なし,なし,なし,なし,なし,なし,11.5,なし,なし,なし,なし,なし,なし,なし,なし,なし,なし,なし,なし,なし,なし,なし,なし,なし,なし,×,なし,×,×,なし,×,なし,なし,×,なし,×,〇,なし,〇,なし,なし,×,×,90,追,7,202609130904041211,19109106
20260913,阪神,12,12,２勝ｸﾗｽ,ダ,1200,ブルーノート,牡,藤懸貴志,梅田智之,栗,コパノリッキー,1,阪神ダ1200,2,46278,ブルーノート46277,ブルーノート46274,ブルーノート46275,ブルーノート46270,ブルーノート46271,ブルーノート46263,ブルーノート46264,なし,なし,なし,なし,なし,なし,なし,なし,なし,62.6,14.1,14.5,54.6,13.2,12.4,13.6,15.4,なし,なし,なし,なし,なし,66.7,なし,なし,なし,なし,なし,なし,なし,なし,なし,なし,なし,なし,なし,なし,なし,なし,なし,なし,なし,×,なし,×,×,なし,×,66.7,×,×,なし,×,〇,なし,〇,なし,なし,×,×,91,追,7,202609130904041212,19100871
20260913,阪神,12,13,２勝ｸﾗｽ,ダ,1200,ホープエトワール,牡,森田誠也,天間昭一,美,ディスクリートキャット,1,阪神ダ1200,1,46278,ホープエトワール46277,ホープエトワール46274,ホープエトワール46275,ホープエトワール46270,ホープエトワール46271,ホープエトワール46263,ホープエトワール46264,なし,なし,なし,60.5,15,14.4,なし,なし,なし,なし,なし,なし,なし,なし,なし,なし,なし,なし,なし,なし,なし,なし,なし,なし,なし,なし,なし,なし,なし,なし,なし,なし,なし,なし,なし,なし,なし,なし,なし,なし,なし,なし,なし,なし,なし,なし,なし,なし,なし,なし,なし,なし,なし,なし,なし,なし,なし,なし,なし,なし,83,　,8,202609130904041213,22106893
20260913,阪神,12,14,２勝ｸﾗｽ,ダ,1200,ユウトザレン,牡,吉村誠之,千田輝彦,栗,ゴールドドリーム,1,阪神ダ1200,2,46278,ユウトザレン46277,ユウトザレン46274,ユウトザレン46275,ユウトザレン46270,ユウトザレン46271,ユウトザレン46263,ユウトザレン46264,66.4,16.3,16.2,57.3,13.3,13.8,56.9,13.1,13.8,66,15.3,15.9,なし,なし,なし,なし,なし,なし,なし,なし,なし,なし,68.7,なし,なし,なし,なし,なし,なし,12.4,54.9,70.4,なし,なし,なし,なし,なし,なし,×,なし,×,なし,なし,なし,なし,なし,なし,なし,68.7,×,なし,なし,なし,なし,なし,なし,なし,なし,なし,なし,108,差,8,202609130904041214,22101016
20,0,0,0,0,0,0,0,0,0,0,0,0,-2146826246,000,-2146826246,-2146826273,-2146826273,-2146826273,-2146826273,-2146826273,-2146826273,-2146826273,-2146826273,-2146826273,-2146826273,-2146826273,-2146826273,-2146826273,-2146826273,-2146826273,-2146826273,-2146826273,-2146826273,-2146826273,-2146826273,-2146826273,-2146826273,-2146826273,-2146826273,-2146826273,-2146826273,-2146826273,-2146826273,-2146826273,-2146826273,-2146826273,-2146826273,-2146826273,-2146826273,-2146826273,-2146826273,-2146826273,-2146826273,-2146826273,-2146826273,-2146826273,-2146826273,-2146826273,-2146826273,-2146826273,なし,-2146826273,-2146826273,-2146826273,-2146826273,-2146826273,-2146826273,-2146826273,-2146826273,-2146826273,-2146826273,-2146826273,-2146826273,-2146826273,-2146826273,-2146826273,-2146826273,-2146826273,-2146826273,なし,-2146826273,-2146826273,-2146826273,0,0,0,0,0
20,0,0,0,0,0,0,0,0,0,0,0,0,-2146826246,000,-2146826246,-2146826273,-2146826273,-2146826273,-2146826273,-2146826273,-2146826273,-2146826273,-2146826273,-2146826273,-2146826273,-2146826273,-2146826273,-2146826273,-2146826273,-2146826273,-2146826273,-2146826273,-2146826273,-2146826273,-2146826273,-2146826273,-2146826273,-2146826273,-2146826273,-2146826273,-2146826273,-2146826273,-2146826273,-2146826273,-2146826273,-2146826273,-2146826273,-2146826273,-2146826273,-2146826273,-2146826273,-2146826273,-2146826273,-2146826273,-2146826273,-2146826273,-2146826273,-2146826273,-2146826273,-2146826273,なし,-2146826273,-2146826273,-2146826273,-2146826273,-2146826273,-2146826273,-2146826273,-2146826273,-2146826273,-2146826273,-2146826273,-2146826273,-2146826273,-2146826273,-2146826273,-2146826273,-2146826273,-2146826273,なし,-2146826273,-2146826273,-2146826273,0,0,0,0,0
20,0,0,0,0,0,0,0,0,0,0,0,0,-2146826246,000,-2146826246,-2146826273,-2146826273,-2146826273,-2146826273,-2146826273,-2146826273,-2146826273,-2146826273,-2146826273,-2146826273,-2146826273,-2146826273,-2146826273,-2146826273,-2146826273,-2146826273,-2146826273,-2146826273,-2146826273,-2146826273,-2146826273,-2146826273,-2146826273,-2146826273,-2146826273,-2146826273,-2146826273,-2146826273,-2146826273,-2146826273,-2146826273,-2146826273,-2146826273,-2146826273,-2146826273,-2146826273,-2146826273,-2146826273,-2146826273,-2146826273,-2146826273,-2146826273,-2146826273,-2146826273,-2146826273,なし,-2146826273,-2146826273,-2146826273,-2146826273,-2146826273,-2146826273,-2146826273,-2146826273,-2146826273,-2146826273,-2146826273,-2146826273,-2146826273,-2146826273,-2146826273,-2146826273,-2146826273,-2146826273,なし,-2146826273,-2146826273,-2146826273,0,0,0,0,0
20,0,0,0,0,0,0,0,0,0,0,0,0,-2146826246,000,-2146826246,-2146826273,-2146826273,-2146826273,-2146826273,-2146826273,-2146826273,-2146826273,-2146826273,-2146826273,-2146826273,-2146826273,-2146826273,-2146826273,-2146826273,-2146826273,-2146826273,-2146826273,-2146826273,-2146826273,-2146826273,-2146826273,-2146826273,-2146826273,-2146826273,-2146826273,-2146826273,-2146826273,-2146826273,-2146826273,-2146826273,-2146826273,-2146826273,-2146826273,-2146826273,-2146826273,-2146826273,-2146826273,-2146826273,-2146826273,-2146826273,-2146826273,-2146826273,-2146826273,-2146826273,-2146826273,なし,-2146826273,-2146826273,-2146826273,-2146826273,-2146826273,-2146826273,-2146826273,-2146826273,-2146826273,-2146826273,-2146826273,-2146826273,-2146826273,-2146826273,-2146826273,-2146826273,-2146826273,-2146826273,なし,-2146826273,-2146826273,-2146826273,0,0,0,0,0
20,0,0,0,0,0,0,0,0,0,0,0,0,-2146826246,000,-2146826246,-2146826273,-2146826273,-2146826273,-2146826273,-2146826273,-2146826273,-2146826273,-2146826273,-2146826273,-2146826273,-2146826273,-2146826273,-2146826273,-2146826273,-2146826273,-2146826273,-2146826273,-2146826273,-2146826273,-2146826273,-2146826273,-2146826273,-2146826273,-2146826273,-2146826273,-2146826273,-2146826273,-2146826273,-2146826273,-2146826273,-2146826273,-2146826273,-2146826273,-2146826273,-2146826273,-2146826273,-2146826273,-2146826273,-2146826273,-2146826273,-2146826273,-2146826273,-2146826273,-2146826273,-2146826273,なし,-2146826273,-2146826273,-2146826273,-2146826273,-2146826273,-2146826273,-2146826273,-2146826273,-2146826273,-2146826273,-2146826273,-2146826273,-2146826273,-2146826273,-2146826273,-2146826273,-2146826273,-2146826273,なし,-2146826273,-2146826273,-2146826273,0,0,0,0,0
20,0,0,0,0,0,0,0,0,0,0,0,0,-2146826246,000,-2146826246,-2146826273,-2146826273,-2146826273,-2146826273,-2146826273,-2146826273,-2146826273,-2146826273,-2146826273,-2146826273,-2146826273,-2146826273,-2146826273,-2146826273,-2146826273,-2146826273,-2146826273,-2146826273,-2146826273,-2146826273,-2146826273,-2146826273,-2146826273,-2146826273,-2146826273,-2146826273,-2146826273,-2146826273,-2146826273,-2146826273,-2146826273,-2146826273,-2146826273,-2146826273,-2146826273,-2146826273,-2146826273,-2146826273,-2146826273,-2146826273,-2146826273,-2146826273,-2146826273,-2146826273,-2146826273,なし,-2146826273,-2146826273,-2146826273,-2146826273,-2146826273,-2146826273,-2146826273,-2146826273,-2146826273,-2146826273,-2146826273,-2146826273,-2146826273,-2146826273,-2146826273,-2146826273,-2146826273,-2146826273,なし,-2146826273,-2146826273,-2146826273,0,0,0,0,0
20,0,0,0,0,0,0,0,0,0,0,0,0,-2146826246,000,-2146826246,-2146826273,-2146826273,-2146826273,-2146826273,-2146826273,-2146826273,-2146826273,-2146826273,-2146826273,-2146826273,-2146826273,-2146826273,-2146826273,-2146826273,-2146826273,-2146826273,-2146826273,-2146826273,-2146826273,-2146826273,-2146826273,-2146826273,-2146826273,-2146826273,-2146826273,-2146826273,-2146826273,-2146826273,-2146826273,-2146826273,-2146826273,-2146826273,-2146826273,-2146826273,-2146826273,-2146826273,-2146826273,-2146826273,-2146826273,-2146826273,-2146826273,-2146826273,-2146826273,-2146826273,-2146826273,なし,-2146826273,-2146826273,-2146826273,-2146826273,-2146826273,-2146826273,-2146826273,-2146826273,-2146826273,-2146826273,-2146826273,-2146826273,-2146826273,-2146826273,-2146826273,-2146826273,-2146826273,-2146826273,なし,-2146826273,-2146826273,-2146826273,0,0,0,0,0
20,0,0,0,0,0,0,0,0,0,0,0,0,-2146826246,000,-2146826246,-2146826273,-2146826273,-2146826273,-2146826273,-2146826273,-2146826273,-2146826273,-2146826273,-2146826273,-2146826273,-2146826273,-2146826273,-2146826273,-2146826273,-2146826273,-2146826273,-2146826273,-2146826273,-2146826273,-2146826273,-2146826273,-2146826273,-2146826273,-2146826273,-2146826273,-2146826273,-2146826273,-2146826273,-2146826273,-2146826273,-2146826273,-2146826273,-2146826273,-2146826273,-2146826273,-2146826273,-2146826273,-2146826273,-2146826273,-2146826273,-2146826273,-2146826273,-2146826273,-2146826273,-2146826273,なし,-2146826273,-2146826273,-2146826273,-2146826273,-2146826273,-2146826273,-2146826273,-2146826273,-2146826273,-2146826273,-2146826273,-2146826273,-2146826273,-2146826273,-2146826273,-2146826273,-2146826273,-2146826273,なし,-2146826273,-2146826273,-2146826273,0,0,0,0,0
20,0,0,0,0,0,0,0,0,0,0,0,0,-2146826246,000,-2146826246,-2146826273,-2146826273,-2146826273,-2146826273,-2146826273,-2146826273,-2146826273,-2146826273,-2146826273,-2146826273,-2146826273,-2146826273,-2146826273,-2146826273,-2146826273,-2146826273,-2146826273,-2146826273,-2146826273,-2146826273,-2146826273,-2146826273,-2146826273,-2146826273,-2146826273,-2146826273,-2146826273,-2146826273,-2146826273,-2146826273,-2146826273,-2146826273,-2146826273,-2146826273,-2146826273,-2146826273,-2146826273,-2146826273,-2146826273,-2146826273,-2146826273,-2146826273,-2146826273,-2146826273,-2146826273,なし,-2146826273,-2146826273,-2146826273,-2146826273,-2146826273,-2146826273,-2146826273,-2146826273,-2146826273,-2146826273,-2146826273,-2146826273,-2146826273,-2146826273,-2146826273,-2146826273,-2146826273,-2146826273,なし,-2146826273,-2146826273,-2146826273,0,0,0,0,0
20,0,0,0,0,0,0,0,0,0,0,0,0,-2146826246,000,-2146826246,-2146826273,-2146826273,-2146826273,-2146826273,-2146826273,-2146826273,-2146826273,-2146826273,-2146826273,-2146826273,-2146826273,-2146826273,-2146826273,-2146826273,-2146826273,-2146826273,-2146826273,-2146826273,-2146826273,-2146826273,-2146826273,-2146826273,-2146826273,-2146826273,-2146826273,-2146826273,-2146826273,-2146826273,-2146826273,-2146826273,-2146826273,-2146826273,-2146826273,-2146826273,-2146826273,-2146826273,-2146826273,-2146826273,-2146826273,-2146826273,-2146826273,-2146826273,-2146826273,-2146826273,-2146826273,なし,-2146826273,-2146826273,-2146826273,-2146826273,-2146826273,-2146826273,-2146826273,-2146826273,-2146826273,-2146826273,-2146826273,-2146826273,-2146826273,-2146826273,-2146826273,-2146826273,-2146826273,-2146826273,なし,-2146826273,-2146826273,-2146826273,0,0,0,0,0
20,0,0,0,0,0,0,0,0,0,0,0,0,-2146826246,000,-2146826246,-2146826273,-2146826273,-2146826273,-2146826273,-2146826273,-2146826273,-2146826273,-2146826273,-2146826273,-2146826273,-2146826273,-2146826273,-2146826273,-2146826273,-2146826273,-2146826273,-2146826273,-2146826273,-2146826273,-2146826273,-2146826273,-2146826273,-2146826273,-2146826273,-2146826273,-2146826273,-2146826273,-2146826273,-2146826273,-2146826273,-2146826273,-2146826273,-2146826273,-2146826273,-2146826273,-2146826273,-2146826273,-2146826273,-2146826273,-2146826273,-2146826273,-2146826273,-2146826273,-2146826273,-2146826273,なし,-2146826273,-2146826273,-2146826273,-2146826273,-2146826273,-2146826273,-2146826273,-2146826273,-2146826273,-2146826273,-2146826273,-2146826273,-2146826273,-2146826273,-2146826273,-2146826273,-2146826273,-2146826273,なし,-2146826273,-2146826273,-2146826273,0,0,0,0,0
20,0,0,0,0,0,0,0,0,0,0,0,0,-2146826246,000,-2146826246,-2146826273,-2146826273,-2146826273,-2146826273,-2146826273,-2146826273,-2146826273,-2146826273,-2146826273,-2146826273,-2146826273,-2146826273,-2146826273,-2146826273,-2146826273,-2146826273,-2146826273,-2146826273,-2146826273,-2146826273,-2146826273,-2146826273,-2146826273,-2146826273,-2146826273,-2146826273,-2146826273,-2146826273,-2146826273,-2146826273,-2146826273,-2146826273,-2146826273,-2146826273,-2146826273,-2146826273,-2146826273,-2146826273,-2146826273,-2146826273,-2146826273,-2146826273,-2146826273,-2146826273,-2146826273,なし,-2146826273,-2146826273,-2146826273,-2146826273,-2146826273,-2146826273,-2146826273,-2146826273,-2146826273,-2146826273,-2146826273,-2146826273,-2146826273,-2146826273,-2146826273,-2146826273,-2146826273,-2146826273,なし,-2146826273,-2146826273,-2146826273,0,0,0,0,0
20,0,0,0,0,0,0,0,0,0,0,0,0,-2146826246,000,-2146826246,-2146826273,-2146826273,-2146826273,-2146826273,-2146826273,-2146826273,-2146826273,-2146826273,-2146826273,-2146826273,-2146826273,-2146826273,-2146826273,-2146826273,-2146826273,-2146826273,-2146826273,-2146826273,-2146826273,-2146826273,-2146826273,-2146826273,-2146826273,-2146826273,-2146826273,-2146826273,-2146826273,-2146826273,-2146826273,-2146826273,-2146826273,-2146826273,-2146826273,-2146826273,-2146826273,-2146826273,-2146826273,-2146826273,-2146826273,-2146826273,-2146826273,-2146826273,-2146826273,-2146826273,-2146826273,なし,-2146826273,-2146826273,-2146826273,-2146826273,-2146826273,-2146826273,-2146826273,-2146826273,-2146826273,-2146826273,-2146826273,-2146826273,-2146826273,-2146826273,-2146826273,-2146826273,-2146826273,-2146826273,なし,-2146826273,-2146826273,-2146826273,0,0,0,0,0
20,0,0,0,0,0,0,0,0,0,0,0,0,-2146826246,000,-2146826246,-2146826273,-2146826273,-2146826273,-2146826273,-2146826273,-2146826273,-2146826273,-2146826273,-2146826273,-2146826273,-2146826273,-2146826273,-2146826273,-2146826273,-2146826273,-2146826273,-2146826273,-2146826273,-2146826273,-2146826273,-2146826273,-2146826273,-2146826273,-2146826273,-2146826273,-2146826273,-2146826273,-2146826273,-2146826273,-2146826273,-2146826273,-2146826273,-2146826273,-2146826273,-2146826273,-2146826273,-2146826273,-2146826273,-2146826273,-2146826273,-2146826273,-2146826273,-2146826273,-2146826273,-2146826273,なし,-2146826273,-2146826273,-2146826273,-2146826273,-2146826273,-2146826273,-2146826273,-2146826273,-2146826273,-2146826273,-2146826273,-2146826273,-2146826273,-2146826273,-2146826273,-2146826273,-2146826273,-2146826273,なし,-2146826273,-2146826273,-2146826273,0,0,0,0,0
20,0,0,0,0,0,0,0,0,0,0,0,0,-2146826246,000,-2146826246,-2146826273,-2146826273,-2146826273,-2146826273,-2146826273,-2146826273,-2146826273,-2146826273,-2146826273,-2146826273,-2146826273,-2146826273,-2146826273,-2146826273,-2146826273,-2146826273,-2146826273,-2146826273,-2146826273,-2146826273,-2146826273,-2146826273,-2146826273,-2146826273,-2146826273,-2146826273,-2146826273,-2146826273,-2146826273,-2146826273,-2146826273,-2146826273,-2146826273,-2146826273,-2146826273,-2146826273,-2146826273,-2146826273,-2146826273,-2146826273,-2146826273,-2146826273,-2146826273,-2146826273,-2146826273,なし,-2146826273,-2146826273,-2146826273,-2146826273,-2146826273,-2146826273,-2146826273,-2146826273,-2146826273,-2146826273,-2146826273,-2146826273,-2146826273,-2146826273,-2146826273,-2146826273,-2146826273,-2146826273,なし,-2146826273,-2146826273,-2146826273,0,0,0,0,0
20,0,0,0,0,0,0,0,0,0,0,0,0,-2146826246,000,-2146826246,-2146826273,-2146826273,-2146826273,-2146826273,-2146826273,-2146826273,-2146826273,-2146826273,-2146826273,-2146826273,-2146826273,-2146826273,-2146826273,-2146826273,-2146826273,-2146826273,-2146826273,-2146826273,-2146826273,-2146826273,-2146826273,-2146826273,-2146826273,-2146826273,-2146826273,-2146826273,-2146826273,-2146826273,-2146826273,-2146826273,-2146826273,-2146826273,-2146826273,-2146826273,-2146826273,-2146826273,-2146826273,-2146826273,-2146826273,-2146826273,-2146826273,-2146826273,-2146826273,-2146826273,-2146826273,なし,-2146826273,-2146826273,-2146826273,-2146826273,-2146826273,-2146826273,-2146826273,-2146826273,-2146826273,-2146826273,-2146826273,-2146826273,-2146826273,-2146826273,-2146826273,-2146826273,-2146826273,-2146826273,なし,-2146826273,-2146826273,-2146826273,0,0,0,0,0
20,0,0,0,0,0,0,0,0,0,0,0,0,-2146826246,000,-2146826246,-2146826273,-2146826273,-2146826273,-2146826273,-2146826273,-2146826273,-2146826273,-2146826273,-2146826273,-2146826273,-2146826273,-2146826273,-2146826273,-2146826273,-2146826273,-2146826273,-2146826273,-2146826273,-2146826273,-2146826273,-2146826273,-2146826273,-2146826273,-2146826273,-2146826273,-2146826273,-2146826273,-2146826273,-2146826273,-2146826273,-2146826273,-2146826273,-2146826273,-2146826273,-2146826273,-2146826273,-2146826273,-2146826273,-2146826273,-2146826273,-2146826273,-2146826273,-2146826273,-2146826273,-2146826273,なし,-2146826273,-2146826273,-2146826273,-2146826273,-2146826273,-2146826273,-2146826273,-2146826273,-2146826273,-2146826273,-2146826273,-2146826273,-2146826273,-2146826273,-2146826273,-2146826273,-2146826273,-2146826273,なし,-2146826273,-2146826273,-2146826273,0,0,0,0,0
20,0,0,0,0,0,0,0,0,0,0,0,0,-2146826246,000,-2146826246,-2146826273,-2146826273,-2146826273,-2146826273,-2146826273,-2146826273,-2146826273,-2146826273,-2146826273,-2146826273,-2146826273,-2146826273,-2146826273,-2146826273,-2146826273,-2146826273,-2146826273,-2146826273,-2146826273,-2146826273,-2146826273,-2146826273,-2146826273,-2146826273,-2146826273,-2146826273,-2146826273,-2146826273,-2146826273,-2146826273,-2146826273,-2146826273,-2146826273,-2146826273,-2146826273,-2146826273,-2146826273,-2146826273,-2146826273,-2146826273,-2146826273,-2146826273,-2146826273,-2146826273,-2146826273,なし,-2146826273,-2146826273,-2146826273,-2146826273,-2146826273,-2146826273,-2146826273,-2146826273,-2146826273,-2146826273,-2146826273,-2146826273,-2146826273,-2146826273,-2146826273,-2146826273,-2146826273,-2146826273,なし,-2146826273,-2146826273,-2146826273,0,0,0,0,0
20,0,0,0,0,0,0,0,0,0,0,0,0,-2146826246,000,-2146826246,-2146826273,-2146826273,-2146826273,-2146826273,-2146826273,-2146826273,-2146826273,-2146826273,-2146826273,-2146826273,-2146826273,-2146826273,-2146826273,-2146826273,-2146826273,-2146826273,-2146826273,-2146826273,-2146826273,-2146826273,-2146826273,-2146826273,-2146826273,-2146826273,-2146826273,-2146826273,-2146826273,-2146826273,-2146826273,-2146826273,-2146826273,-2146826273,-2146826273,-2146826273,-2146826273,-2146826273,-2146826273,-2146826273,-2146826273,-2146826273,-2146826273,-2146826273,-2146826273,-2146826273,-2146826273,なし,-2146826273,-2146826273,-2146826273,-2146826273,-2146826273,-2146826273,-2146826273,-2146826273,-2146826273,-2146826273,-2146826273,-2146826273,-2146826273,-2146826273,-2146826273,-2146826273,-2146826273,-2146826273,なし,-2146826273,-2146826273,-2146826273,0,0,0,0,0
20,0,0,0,0,0,0,0,0,0,0,0,0,-2146826246,000,-2146826246,-2146826273,-2146826273,-2146826273,-2146826273,-2146826273,-2146826273,-2146826273,-2146826273,-2146826273,-2146826273,-2146826273,-2146826273,-2146826273,-2146826273,-2146826273,-2146826273,-2146826273,-2146826273,-2146826273,-2146826273,-2146826273,-2146826273,-2146826273,-2146826273,-2146826273,-2146826273,-2146826273,-2146826273,-2146826273,-2146826273,-2146826273,-2146826273,-2146826273,-2146826273,-2146826273,-2146826273,-2146826273,-2146826273,-2146826273,-2146826273,-2146826273,-2146826273,-2146826273,-2146826273,-2146826273,なし,-2146826273,-2146826273,-2146826273,-2146826273,-2146826273,-2146826273,-2146826273,-2146826273,-2146826273,-2146826273,-2146826273,-2146826273,-2146826273,-2146826273,-2146826273,-2146826273,-2146826273,-2146826273,なし,-2146826273,-2146826273,-2146826273,0,0,0,0,0
20,0,0,0,0,0,0,0,0,0,0,0,0,-2146826246,000,-2146826246,-2146826273,-2146826273,-2146826273,-2146826273,-2146826273,-2146826273,-2146826273,-2146826273,-2146826273,-2146826273,-2146826273,-2146826273,-2146826273,-2146826273,-2146826273,-2146826273,-2146826273,-2146826273,-2146826273,-2146826273,-2146826273,-2146826273,-2146826273,-2146826273,-2146826273,-2146826273,-2146826273,-2146826273,-2146826273,-2146826273,-2146826273,-2146826273,-2146826273,-2146826273,-2146826273,-2146826273,-2146826273,-2146826273,-2146826273,-2146826273,-2146826273,-2146826273,-2146826273,-2146826273,-2146826273,なし,-2146826273,-2146826273,-2146826273,-2146826273,-2146826273,-2146826273,-2146826273,-2146826273,-2146826273,-2146826273,-2146826273,-2146826273,-2146826273,-2146826273,-2146826273,-2146826273,-2146826273,-2146826273,なし,-2146826273,-2146826273,-2146826273,0,0,0,0,0
20,0,0,0,0,0,0,0,0,0,0,0,0,-2146826246,000,-2146826246,-2146826273,-2146826273,-2146826273,-2146826273,-2146826273,-2146826273,-2146826273,-2146826273,-2146826273,-2146826273,-2146826273,-2146826273,-2146826273,-2146826273,-2146826273,-2146826273,-2146826273,-2146826273,-2146826273,-2146826273,-2146826273,-2146826273,-2146826273,-2146826273,-2146826273,-2146826273,-2146826273,-2146826273,-2146826273,-2146826273,-2146826273,-2146826273,-2146826273,-2146826273,-2146826273,-2146826273,-2146826273,-2146826273,-2146826273,-2146826273,-2146826273,-2146826273,-2146826273,-2146826273,-2146826273,なし,-2146826273,-2146826273,-2146826273,-2146826273,-2146826273,-2146826273,-2146826273,-2146826273,-2146826273,-2146826273,-2146826273,-2146826273,-2146826273,-2146826273,-2146826273,-2146826273,-2146826273,-2146826273,なし,-2146826273,-2146826273,-2146826273,0,0,0,0,0
20,0,0,0,0,0,0,0,0,0,0,0,0,-2146826246,000,-2146826246,-2146826273,-2146826273,-2146826273,-2146826273,-2146826273,-2146826273,-2146826273,-2146826273,-2146826273,-2146826273,-2146826273,-2146826273,-2146826273,-2146826273,-2146826273,-2146826273,-2146826273,-2146826273,-2146826273,-2146826273,-2146826273,-2146826273,-2146826273,-2146826273,-2146826273,-2146826273,-2146826273,-2146826273,-2146826273,-2146826273,-2146826273,-2146826273,-2146826273,-2146826273,-2146826273,-2146826273,-2146826273,-2146826273,-2146826273,-2146826273,-2146826273,-2146826273,-2146826273,-2146826273,-2146826273,なし,-2146826273,-2146826273,-2146826273,-2146826273,-2146826273,-2146826273,-2146826273,-2146826273,-2146826273,-2146826273,-2146826273,-2146826273,-2146826273,-2146826273,-2146826273,-2146826273,-2146826273,-2146826273,なし,-2146826273,-2146826273,-2146826273,0,0,0,0,0
20,0,0,0,0,0,0,0,0,0,0,0,0,-2146826246,000,-2146826246,-2146826273,-2146826273,-2146826273,-2146826273,-2146826273,-2146826273,-2146826273,-2146826273,-2146826273,-2146826273,-2146826273,-2146826273,-2146826273,-2146826273,-2146826273,-2146826273,-2146826273,-2146826273,-2146826273,-2146826273,-2146826273,-2146826273,-2146826273,-2146826273,-2146826273,-2146826273,-2146826273,-2146826273,-2146826273,-2146826273,-2146826273,-2146826273,-2146826273,-2146826273,-2146826273,-2146826273,-2146826273,-2146826273,-2146826273,-2146826273,-2146826273,-2146826273,-2146826273,-2146826273,-2146826273,なし,-2146826273,-2146826273,-2146826273,-2146826273,-2146826273,-2146826273,-2146826273,-2146826273,-2146826273,-2146826273,-2146826273,-2146826273,-2146826273,-2146826273,-2146826273,-2146826273,-2146826273,-2146826273,なし,-2146826273,-2146826273,-2146826273,0,0,0,0,0
20,0,0,0,0,0,0,0,0,0,0,0,0,-2146826246,000,-2146826246,-2146826273,-2146826273,-2146826273,-2146826273,-2146826273,-2146826273,-2146826273,-2146826273,-2146826273,-2146826273,-2146826273,-2146826273,-2146826273,-2146826273,-2146826273,-2146826273,-2146826273,-2146826273,-2146826273,-2146826273,-2146826273,-2146826273,-2146826273,-2146826273,-2146826273,-2146826273,-2146826273,-2146826273,-2146826273,-2146826273,-2146826273,-2146826273,-2146826273,-2146826273,-2146826273,-2146826273,-2146826273,-2146826273,-2146826273,-2146826273,-2146826273,-2146826273,-2146826273,-2146826273,-2146826273,なし,-2146826273,-2146826273,-2146826273,-2146826273,-2146826273,-2146826273,-2146826273,-2146826273,-2146826273,-2146826273,-2146826273,-2146826273,-2146826273,-2146826273,-2146826273,-2146826273,-2146826273,-2146826273,なし,-2146826273,-2146826273,-2146826273,0,0,0,0,0
20,0,0,0,0,0,0,0,0,0,0,0,0,-2146826246,000,-2146826246,-2146826273,-2146826273,-2146826273,-2146826273,-2146826273,-2146826273,-2146826273,-2146826273,-2146826273,-2146826273,-2146826273,-2146826273,-2146826273,-2146826273,-2146826273,-2146826273,-2146826273,-2146826273,-2146826273,-2146826273,-2146826273,-2146826273,-2146826273,-2146826273,-2146826273,-2146826273,-2146826273,-2146826273,-2146826273,-2146826273,-2146826273,-2146826273,-2146826273,-2146826273,-2146826273,-2146826273,-2146826273,-2146826273,-2146826273,-2146826273,-2146826273,-2146826273,-2146826273,-2146826273,-2146826273,なし,-2146826273,-2146826273,-2146826273,-2146826273,-2146826273,-2146826273,-2146826273,-2146826273,-2146826273,-2146826273,-2146826273,-2146826273,-2146826273,-2146826273,-2146826273,-2146826273,-2146826273,-2146826273,なし,-2146826273,-2146826273,-2146826273,0,0,0,0,0
20,0,0,0,0,0,0,0,0,0,0,0,0,-2146826246,000,-2146826246,-2146826273,-2146826273,-2146826273,-2146826273,-2146826273,-2146826273,-2146826273,-2146826273,-2146826273,-2146826273,-2146826273,-2146826273,-2146826273,-2146826273,-2146826273,-2146826273,-2146826273,-2146826273,-2146826273,-2146826273,-2146826273,-2146826273,-2146826273,-2146826273,-2146826273,-2146826273,-2146826273,-2146826273,-2146826273,-2146826273,-2146826273,-2146826273,-2146826273,-2146826273,-2146826273,-2146826273,-2146826273,-2146826273,-2146826273,-2146826273,-2146826273,-2146826273,-2146826273,-2146826273,-2146826273,なし,-2146826273,-2146826273,-2146826273,-2146826273,-2146826273,-2146826273,-2146826273,-2146826273,-2146826273,-2146826273,-2146826273,-2146826273,-2146826273,-2146826273,-2146826273,-2146826273,-2146826273,-2146826273,なし,-2146826273,-2146826273,-2146826273,0,0,0,0,0
20,0,0,0,0,0,0,0,0,0,0,0,0,-2146826246,000,-2146826246,-2146826273,-2146826273,-2146826273,-2146826273,-2146826273,-2146826273,-2146826273,-2146826273,-2146826273,-2146826273,-2146826273,-2146826273,-2146826273,-2146826273,-2146826273,-2146826273,-2146826273,-2146826273,-2146826273,-2146826273,-2146826273,-2146826273,-2146826273,-2146826273,-2146826273,-2146826273,-2146826273,-2146826273,-2146826273,-2146826273,-2146826273,-2146826273,-2146826273,-2146826273,-2146826273,-2146826273,-2146826273,-2146826273,-2146826273,-2146826273,-2146826273,-2146826273,-2146826273,-2146826273,-2146826273,なし,-2146826273,-2146826273,-2146826273,-2146826273,-2146826273,-2146826273,-2146826273,-2146826273,-2146826273,-2146826273,-2146826273,-2146826273,-2146826273,-2146826273,-2146826273,-2146826273,-2146826273,-2146826273,なし,-2146826273,-2146826273,-2146826273,0,0,0,0,0
20,0,0,0,0,0,0,0,0,0,0,0,0,-2146826246,000,-2146826246,-2146826273,-2146826273,-2146826273,-2146826273,-2146826273,-2146826273,-2146826273,-2146826273,-2146826273,-2146826273,-2146826273,-2146826273,-2146826273,-2146826273,-2146826273,-2146826273,-2146826273,-2146826273,-2146826273,-2146826273,-2146826273,-2146826273,-2146826273,-2146826273,-2146826273,-2146826273,-2146826273,-2146826273,-2146826273,-2146826273,-2146826273,-2146826273,-2146826273,-2146826273,-2146826273,-2146826273,-2146826273,-2146826273,-2146826273,-2146826273,-2146826273,-2146826273,-2146826273,-2146826273,-2146826273,なし,-2146826273,-2146826273,-2146826273,-2146826273,-2146826273,-2146826273,-2146826273,-2146826273,-2146826273,-2146826273,-2146826273,-2146826273,-2146826273,-2146826273,-2146826273,-2146826273,-2146826273,-2146826273,なし,-2146826273,-2146826273,-2146826273,0,0,0,0,0
20,0,0,0,0,0,0,0,0,0,0,0,0,-2146826246,000,-2146826246,-2146826273,-2146826273,-2146826273,-2146826273,-2146826273,-2146826273,-2146826273,-2146826273,-2146826273,-2146826273,-2146826273,-2146826273,-2146826273,-2146826273,-2146826273,-2146826273,-2146826273,-2146826273,-2146826273,-2146826273,-2146826273,-2146826273,-2146826273,-2146826273,-2146826273,-2146826273,-2146826273,-2146826273,-2146826273,-2146826273,-2146826273,-2146826273,-2146826273,-2146826273,-2146826273,-2146826273,-2146826273,-2146826273,-2146826273,-2146826273,-2146826273,-2146826273,-2146826273,-2146826273,-2146826273,なし,-2146826273,-2146826273,-2146826273,-2146826273,-2146826273,-2146826273,-2146826273,-2146826273,-2146826273,-2146826273,-2146826273,-2146826273,-2146826273,-2146826273,-2146826273,-2146826273,-2146826273,-2146826273,なし,-2146826273,-2146826273,-2146826273,0,0,0,0,0
20,0,0,0,0,0,0,0,0,0,0,0,0,-2146826246,000,-2146826246,-2146826273,-2146826273,-2146826273,-2146826273,-2146826273,-2146826273,-2146826273,-2146826273,-2146826273,-2146826273,-2146826273,-2146826273,-2146826273,-2146826273,-2146826273,-2146826273,-2146826273,-2146826273,-2146826273,-2146826273,-2146826273,-2146826273,-2146826273,-2146826273,-2146826273,-2146826273,-2146826273,-2146826273,-2146826273,-2146826273,-2146826273,-2146826273,-2146826273,-2146826273,-2146826273,-2146826273,-2146826273,-2146826273,-2146826273,-2146826273,-2146826273,-2146826273,-2146826273,-2146826273,-2146826273,なし,-2146826273,-2146826273,-2146826273,-2146826273,-2146826273,-2146826273,-2146826273,-2146826273,-2146826273,-2146826273,-2146826273,-2146826273,-2146826273,-2146826273,-2146826273,-2146826273,-2146826273,-2146826273,なし,-2146826273,-2146826273,-2146826273,0,0,0,0,0
20,0,0,0,0,0,0,0,0,0,0,0,0,-2146826246,000,-2146826246,-2146826273,-2146826273,-2146826273,-2146826273,-2146826273,-2146826273,-2146826273,-2146826273,-2146826273,-2146826273,-2146826273,-2146826273,-2146826273,-2146826273,-2146826273,-2146826273,-2146826273,-2146826273,-2146826273,-2146826273,-2146826273,-2146826273,-2146826273,-2146826273,-2146826273,-2146826273,-2146826273,-2146826273,-2146826273,-2146826273,-2146826273,-2146826273,-2146826273,-2146826273,-2146826273,-2146826273,-2146826273,-2146826273,-2146826273,-2146826273,-2146826273,-2146826273,-2146826273,-2146826273,-2146826273,なし,-2146826273,-2146826273,-2146826273,-2146826273,-2146826273,-2146826273,-2146826273,-2146826273,-2146826273,-2146826273,-2146826273,-2146826273,-2146826273,-2146826273,-2146826273,-2146826273,-2146826273,-2146826273,なし,-2146826273,-2146826273,-2146826273,0,0,0,0,0
20,0,0,0,0,0,0,0,0,0,0,0,0,-2146826246,000,-2146826246,-2146826273,-2146826273,-2146826273,-2146826273,-2146826273,-2146826273,-2146826273,-2146826273,-2146826273,-2146826273,-2146826273,-2146826273,-2146826273,-2146826273,-2146826273,-2146826273,-2146826273,-2146826273,-2146826273,-2146826273,-2146826273,-2146826273,-2146826273,-2146826273,-2146826273,-2146826273,-2146826273,-2146826273,-2146826273,-2146826273,-2146826273,-2146826273,-2146826273,-2146826273,-2146826273,-2146826273,-2146826273,-2146826273,-2146826273,-2146826273,-2146826273,-2146826273,-2146826273,-2146826273,-2146826273,なし,-2146826273,-2146826273,-2146826273,-2146826273,-2146826273,-2146826273,-2146826273,-2146826273,-2146826273,-2146826273,-2146826273,-2146826273,-2146826273,-2146826273,-2146826273,-2146826273,-2146826273,-2146826273,なし,-2146826273,-2146826273,-2146826273,0,0,0,0,0
20,0,0,0,0,0,0,0,0,0,0,0,0,-2146826246,000,-2146826246,-2146826273,-2146826273,-2146826273,-2146826273,-2146826273,-2146826273,-2146826273,-2146826273,-2146826273,-2146826273,-2146826273,-2146826273,-2146826273,-2146826273,-2146826273,-2146826273,-2146826273,-2146826273,-2146826273,-2146826273,-2146826273,-2146826273,-2146826273,-2146826273,-2146826273,-2146826273,-2146826273,-2146826273,-2146826273,-2146826273,-2146826273,-2146826273,-2146826273,-2146826273,-2146826273,-2146826273,-2146826273,-2146826273,-2146826273,-2146826273,-2146826273,-2146826273,-2146826273,-2146826273,-2146826273,なし,-2146826273,-2146826273,-2146826273,-2146826273,-2146826273,-2146826273,-2146826273,-2146826273,-2146826273,-2146826273,-2146826273,-2146826273,-2146826273,-2146826273,-2146826273,-2146826273,-2146826273,-2146826273,なし,-2146826273,-2146826273,-2146826273,0,0,0,0,0
20,0,0,0,0,0,0,0,0,0,0,0,0,-2146826246,000,-2146826246,-2146826273,-2146826273,-2146826273,-2146826273,-2146826273,-2146826273,-2146826273,-2146826273,-2146826273,-2146826273,-2146826273,-2146826273,-2146826273,-2146826273,-2146826273,-2146826273,-2146826273,-2146826273,-2146826273,-2146826273,-2146826273,-2146826273,-2146826273,-2146826273,-2146826273,-2146826273,-2146826273,-2146826273,-2146826273,-2146826273,-2146826273,-2146826273,-2146826273,-2146826273,-2146826273,-2146826273,-2146826273,-2146826273,-2146826273,-2146826273,-2146826273,-2146826273,-2146826273,-2146826273,-2146826273,なし,-2146826273,-2146826273,-2146826273,-2146826273,-2146826273,-2146826273,-2146826273,-2146826273,-2146826273,-2146826273,-2146826273,-2146826273,-2146826273,-2146826273,-2146826273,-2146826273,-2146826273,-2146826273,なし,-2146826273,-2146826273,-2146826273,0,0,0,0,0
20,0,0,0,0,0,0,0,0,0,0,0,0,-2146826246,000,-2146826246,-2146826273,-2146826273,-2146826273,-2146826273,-2146826273,-2146826273,-2146826273,-2146826273,-2146826273,-2146826273,-2146826273,-2146826273,-2146826273,-2146826273,-2146826273,-2146826273,-2146826273,-2146826273,-2146826273,-2146826273,-2146826273,-2146826273,-2146826273,-2146826273,-2146826273,-2146826273,-2146826273,-2146826273,-2146826273,-2146826273,-2146826273,-2146826273,-2146826273,-2146826273,-2146826273,-2146826273,-2146826273,-2146826273,-2146826273,-2146826273,-2146826273,-2146826273,-2146826273,-2146826273,-2146826273,なし,-2146826273,-2146826273,-2146826273,-2146826273,-2146826273,-2146826273,-2146826273,-2146826273,-2146826273,-2146826273,-2146826273,-2146826273,-2146826273,-2146826273,-2146826273,-2146826273,-2146826273,-2146826273,なし,-2146826273,-2146826273,-2146826273,0,0,0,0,0
20,0,0,0,0,0,0,0,0,0,0,0,0,-2146826246,000,-2146826246,-2146826273,-2146826273,-2146826273,-2146826273,-2146826273,-2146826273,-2146826273,-2146826273,-2146826273,-2146826273,-2146826273,-2146826273,-2146826273,-2146826273,-2146826273,-2146826273,-2146826273,-2146826273,-2146826273,-2146826273,-2146826273,-2146826273,-2146826273,-2146826273,-2146826273,-2146826273,-2146826273,-2146826273,-2146826273,-2146826273,-2146826273,-2146826273,-2146826273,-2146826273,-2146826273,-2146826273,-2146826273,-2146826273,-2146826273,-2146826273,-2146826273,-2146826273,-2146826273,-2146826273,-2146826273,なし,-2146826273,-2146826273,-2146826273,-2146826273,-2146826273,-2146826273,-2146826273,-2146826273,-2146826273,-2146826273,-2146826273,-2146826273,-2146826273,-2146826273,-2146826273,-2146826273,-2146826273,-2146826273,なし,-2146826273,-2146826273,-2146826273,0,0,0,0,0
20,0,0,0,0,0,0,0,0,0,0,0,0,-2146826246,000,-2146826246,-2146826273,-2146826273,-2146826273,-2146826273,-2146826273,-2146826273,-2146826273,-2146826273,-2146826273,-2146826273,-2146826273,-2146826273,-2146826273,-2146826273,-2146826273,-2146826273,-2146826273,-2146826273,-2146826273,-2146826273,-2146826273,-2146826273,-2146826273,-2146826273,-2146826273,-2146826273,-2146826273,-2146826273,-2146826273,-2146826273,-2146826273,-2146826273,-2146826273,-2146826273,-2146826273,-2146826273,-2146826273,-2146826273,-2146826273,-2146826273,-2146826273,-2146826273,-2146826273,-2146826273,-2146826273,なし,-2146826273,-2146826273,-2146826273,-2146826273,-2146826273,-2146826273,-2146826273,-2146826273,-2146826273,-2146826273,-2146826273,-2146826273,-2146826273,-2146826273,-2146826273,-2146826273,-2146826273,-2146826273,なし,-2146826273,-2146826273,-2146826273,0,0,0,0,0
20,0,0,0,0,0,0,0,0,0,0,0,0,-2146826246,000,-2146826246,-2146826273,-2146826273,-2146826273,-2146826273,-2146826273,-2146826273,-2146826273,-2146826273,-2146826273,-2146826273,-2146826273,-2146826273,-2146826273,-2146826273,-2146826273,-2146826273,-2146826273,-2146826273,-2146826273,-2146826273,-2146826273,-2146826273,-2146826273,-2146826273,-2146826273,-2146826273,-2146826273,-2146826273,-2146826273,-2146826273,-2146826273,-2146826273,-2146826273,-2146826273,-2146826273,-2146826273,-2146826273,-2146826273,-2146826273,-2146826273,-2146826273,-2146826273,-2146826273,-2146826273,-2146826273,なし,-2146826273,-2146826273,-2146826273,-2146826273,-2146826273,-2146826273,-2146826273,-2146826273,-2146826273,-2146826273,-2146826273,-2146826273,-2146826273,-2146826273,-2146826273,-2146826273,-2146826273,-2146826273,なし,-2146826273,-2146826273,-2146826273,0,0,0,0,0
20,0,0,0,0,0,0,0,0,0,0,0,0,-2146826246,000,-2146826246,-2146826273,-2146826273,-2146826273,-2146826273,-2146826273,-2146826273,-2146826273,-2146826273,-2146826273,-2146826273,-2146826273,-2146826273,-2146826273,-2146826273,-2146826273,-2146826273,-2146826273,-2146826273,-2146826273,-2146826273,-2146826273,-2146826273,-2146826273,-2146826273,-2146826273,-2146826273,-2146826273,-2146826273,-2146826273,-2146826273,-2146826273,-2146826273,-2146826273,-2146826273,-2146826273,-2146826273,-2146826273,-2146826273,-2146826273,-2146826273,-2146826273,-2146826273,-2146826273,-2146826273,-2146826273,なし,-2146826273,-2146826273,-2146826273,-2146826273,-2146826273,-2146826273,-2146826273,-2146826273,-2146826273,-2146826273,-2146826273,-2146826273,-2146826273,-2146826273,-2146826273,-2146826273,-2146826273,-2146826273,なし,-2146826273,-2146826273,-2146826273,0,0,0,0,0
20,0,0,0,0,0,0,0,0,0,0,0,0,-2146826246,000,-2146826246,-2146826273,-2146826273,-2146826273,-2146826273,-2146826273,-2146826273,-2146826273,-2146826273,-2146826273,-2146826273,-2146826273,-2146826273,-2146826273,-2146826273,-2146826273,-2146826273,-2146826273,-2146826273,-2146826273,-2146826273,-2146826273,-2146826273,-2146826273,-2146826273,-2146826273,-2146826273,-2146826273,-2146826273,-2146826273,-2146826273,-2146826273,-2146826273,-2146826273,-2146826273,-2146826273,-2146826273,-2146826273,-2146826273,-2146826273,-2146826273,-2146826273,-2146826273,-2146826273,-2146826273,-2146826273,なし,-2146826273,-2146826273,-2146826273,-2146826273,-2146826273,-2146826273,-2146826273,-2146826273,-2146826273,-2146826273,-2146826273,-2146826273,-2146826273,-2146826273,-2146826273,-2146826273,-2146826273,-2146826273,なし,-2146826273,-2146826273,-2146826273,0,0,0,0,0
20,0,0,0,0,0,0,0,0,0,0,0,0,-2146826246,000,-2146826246,-2146826273,-2146826273,-2146826273,-2146826273,-2146826273,-2146826273,-2146826273,-2146826273,-2146826273,-2146826273,-2146826273,-2146826273,-2146826273,-2146826273,-2146826273,-2146826273,-2146826273,-2146826273,-2146826273,-2146826273,-2146826273,-2146826273,-2146826273,-2146826273,-2146826273,-2146826273,-2146826273,-2146826273,-2146826273,-2146826273,-2146826273,-2146826273,-2146826273,-2146826273,-2146826273,-2146826273,-2146826273,-2146826273,-2146826273,-2146826273,-2146826273,-2146826273,-2146826273,-2146826273,-2146826273,なし,-2146826273,-2146826273,-2146826273,-2146826273,-2146826273,-2146826273,-2146826273,-2146826273,-2146826273,-2146826273,-2146826273,-2146826273,-2146826273,-2146826273,-2146826273,-2146826273,-2146826273,-2146826273,なし,-2146826273,-2146826273,-2146826273,0,0,0,0,0
20,0,0,0,0,0,0,0,0,0,0,0,0,-2146826246,000,-2146826246,-2146826273,-2146826273,-2146826273,-2146826273,-2146826273,-2146826273,-2146826273,-2146826273,-2146826273,-2146826273,-2146826273,-2146826273,-2146826273,-2146826273,-2146826273,-2146826273,-2146826273,-2146826273,-2146826273,-2146826273,-2146826273,-2146826273,-2146826273,-2146826273,-2146826273,-2146826273,-2146826273,-2146826273,-2146826273,-2146826273,-2146826273,-2146826273,-2146826273,-2146826273,-2146826273,-2146826273,-2146826273,-2146826273,-2146826273,-2146826273,-2146826273,-2146826273,-2146826273,-2146826273,-2146826273,なし,-2146826273,-2146826273,-2146826273,-2146826273,-2146826273,-2146826273,-2146826273,-2146826273,-2146826273,-2146826273,-2146826273,-2146826273,-2146826273,-2146826273,-2146826273,-2146826273,-2146826273,-2146826273,なし,-2146826273,-2146826273,-2146826273,0,0,0,0,0
20,0,0,0,0,0,0,0,0,0,0,0,0,-2146826246,000,-2146826246,-2146826273,-2146826273,-2146826273,-2146826273,-2146826273,-2146826273,-2146826273,-2146826273,-2146826273,-2146826273,-2146826273,-2146826273,-2146826273,-2146826273,-2146826273,-2146826273,-2146826273,-2146826273,-2146826273,-2146826273,-2146826273,-2146826273,-2146826273,-2146826273,-2146826273,-2146826273,-2146826273,-2146826273,-2146826273,-2146826273,-2146826273,-2146826273,-2146826273,-2146826273,-2146826273,-2146826273,-2146826273,-2146826273,-2146826273,-2146826273,-2146826273,-2146826273,-2146826273,-2146826273,-2146826273,なし,-2146826273,-2146826273,-2146826273,-2146826273,-2146826273,-2146826273,-2146826273,-2146826273,-2146826273,-2146826273,-2146826273,-2146826273,-2146826273,-2146826273,-2146826273,-2146826273,-2146826273,-2146826273,なし,-2146826273,-2146826273,-2146826273,0,0,0,0,0
20,0,0,0,0,0,0,0,0,0,0,0,0,-2146826246,000,-2146826246,-2146826273,-2146826273,-2146826273,-2146826273,-2146826273,-2146826273,-2146826273,-2146826273,-2146826273,-2146826273,-2146826273,-2146826273,-2146826273,-2146826273,-2146826273,-2146826273,-2146826273,-2146826273,-2146826273,-2146826273,-2146826273,-2146826273,-2146826273,-2146826273,-2146826273,-2146826273,-2146826273,-2146826273,-2146826273,-2146826273,-2146826273,-2146826273,-2146826273,-2146826273,-2146826273,-2146826273,-2146826273,-2146826273,-2146826273,-2146826273,-2146826273,-2146826273,-2146826273,-2146826273,-2146826273,なし,-2146826273,-2146826273,-2146826273,-2146826273,-2146826273,-2146826273,-2146826273,-2146826273,-2146826273,-2146826273,-2146826273,-2146826273,-2146826273,-2146826273,-2146826273,-2146826273,-2146826273,-2146826273,なし,-2146826273,-2146826273,-2146826273,0,0,0,0,0
20,0,0,0,0,0,0,0,0,0,0,0,0,-2146826246,000,-2146826246,-2146826273,-2146826273,-2146826273,-2146826273,-2146826273,-2146826273,-2146826273,-2146826273,-2146826273,-2146826273,-2146826273,-2146826273,-2146826273,-2146826273,-2146826273,-2146826273,-2146826273,-2146826273,-2146826273,-2146826273,-2146826273,-2146826273,-2146826273,-2146826273,-2146826273,-2146826273,-2146826273,-2146826273,-2146826273,-2146826273,-2146826273,-2146826273,-2146826273,-2146826273,-2146826273,-2146826273,-2146826273,-2146826273,-2146826273,-2146826273,-2146826273,-2146826273,-2146826273,-2146826273,-2146826273,なし,-2146826273,-2146826273,-2146826273,-2146826273,-2146826273,-2146826273,-2146826273,-2146826273,-2146826273,-2146826273,-2146826273,-2146826273,-2146826273,-2146826273,-2146826273,-2146826273,-2146826273,-2146826273,なし,-2146826273,-2146826273,-2146826273,0,0,0,0,0
20,0,0,0,0,0,0,0,0,0,0,0,0,-2146826246,000,-2146826246,-2146826273,-2146826273,-2146826273,-2146826273,-2146826273,-2146826273,-2146826273,-2146826273,-2146826273,-2146826273,-2146826273,-2146826273,-2146826273,-2146826273,-2146826273,-2146826273,-2146826273,-2146826273,-2146826273,-2146826273,-2146826273,-2146826273,-2146826273,-2146826273,-2146826273,-2146826273,-2146826273,-2146826273,-2146826273,-2146826273,-2146826273,-2146826273,-2146826273,-2146826273,-2146826273,-2146826273,-2146826273,-2146826273,-2146826273,-2146826273,-2146826273,-2146826273,-2146826273,-2146826273,-2146826273,なし,-2146826273,-2146826273,-2146826273,-2146826273,-2146826273,-2146826273,-2146826273,-2146826273,-2146826273,-2146826273,-2146826273,-2146826273,-2146826273,-2146826273,-2146826273,-2146826273,-2146826273,-2146826273,なし,-2146826273,-2146826273,-2146826273,0,0,0,0,0
20,0,0,0,0,0,0,0,0,0,0,0,0,-2146826246,000,-2146826246,-2146826273,-2146826273,-2146826273,-2146826273,-2146826273,-2146826273,-2146826273,-2146826273,-2146826273,-2146826273,-2146826273,-2146826273,-2146826273,-2146826273,-2146826273,-2146826273,-2146826273,-2146826273,-2146826273,-2146826273,-2146826273,-2146826273,-2146826273,-2146826273,-2146826273,-2146826273,-2146826273,-2146826273,-2146826273,-2146826273,-2146826273,-2146826273,-2146826273,-2146826273,-2146826273,-2146826273,-2146826273,-2146826273,-2146826273,-2146826273,-2146826273,-2146826273,-2146826273,-2146826273,-2146826273,なし,-2146826273,-2146826273,-2146826273,-2146826273,-2146826273,-2146826273,-2146826273,-2146826273,-2146826273,-2146826273,-2146826273,-2146826273,-2146826273,-2146826273,-2146826273,-2146826273,-2146826273,-2146826273,なし,-2146826273,-2146826273,-2146826273,0,0,0,0,0
20,0,0,0,0,0,0,0,0,0,0,0,0,-2146826246,000,-2146826246,-2146826273,-2146826273,-2146826273,-2146826273,-2146826273,-2146826273,-2146826273,-2146826273,-2146826273,-2146826273,-2146826273,-2146826273,-2146826273,-2146826273,-2146826273,-2146826273,-2146826273,-2146826273,-2146826273,-2146826273,-2146826273,-2146826273,-2146826273,-2146826273,-2146826273,-2146826273,-2146826273,-2146826273,-2146826273,-2146826273,-2146826273,-2146826273,-2146826273,-2146826273,-2146826273,-2146826273,-2146826273,-2146826273,-2146826273,-2146826273,-2146826273,-2146826273,-2146826273,-2146826273,-2146826273,なし,-2146826273,-2146826273,-2146826273,-2146826273,-2146826273,-2146826273,-2146826273,-2146826273,-2146826273,-2146826273,-2146826273,-2146826273,-2146826273,-2146826273,-2146826273,-2146826273,-2146826273,-2146826273,なし,-2146826273,-2146826273,-2146826273,0,0,0,0,0
20,0,0,0,0,0,0,0,0,0,0,0,0,-2146826246,000,-2146826246,-2146826273,-2146826273,-2146826273,-2146826273,-2146826273,-2146826273,-2146826273,-2146826273,-2146826273,-2146826273,-2146826273,-2146826273,-2146826273,-2146826273,-2146826273,-2146826273,-2146826273,-2146826273,-2146826273,-2146826273,-2146826273,-2146826273,-2146826273,-2146826273,-2146826273,-2146826273,-2146826273,-2146826273,-2146826273,-2146826273,-2146826273,-2146826273,-2146826273,-2146826273,-2146826273,-2146826273,-2146826273,-2146826273,-2146826273,-2146826273,-2146826273,-2146826273,-2146826273,-2146826273,-2146826273,なし,-2146826273,-2146826273,-2146826273,-2146826273,-2146826273,-2146826273,-2146826273,-2146826273,-2146826273,-2146826273,-2146826273,-2146826273,-2146826273,-2146826273,-2146826273,-2146826273,-2146826273,-2146826273,なし,-2146826273,-2146826273,-2146826273,0,0,0,0,0
20,0,0,0,0,0,0,0,0,0,0,0,0,-2146826246,000,-2146826246,-2146826273,-2146826273,-2146826273,-2146826273,-2146826273,-2146826273,-2146826273,-2146826273,-2146826273,-2146826273,-2146826273,-2146826273,-2146826273,-2146826273,-2146826273,-2146826273,-2146826273,-2146826273,-2146826273,-2146826273,-2146826273,-2146826273,-2146826273,-2146826273,-2146826273,-2146826273,-2146826273,-2146826273,-2146826273,-2146826273,-2146826273,-2146826273,-2146826273,-2146826273,-2146826273,-2146826273,-2146826273,-2146826273,-2146826273,-2146826273,-2146826273,-2146826273,-2146826273,-2146826273,-2146826273,なし,-2146826273,-2146826273,-2146826273,-2146826273,-2146826273,-2146826273,-2146826273,-2146826273,-2146826273,-2146826273,-2146826273,-2146826273,-2146826273,-2146826273,-2146826273,-2146826273,-2146826273,-2146826273,なし,-2146826273,-2146826273,-2146826273,0,0,0,0,0
20,0,0,0,0,0,0,0,0,0,0,0,0,-2146826246,000,-2146826246,-2146826273,-2146826273,-2146826273,-2146826273,-2146826273,-2146826273,-2146826273,-2146826273,-2146826273,-2146826273,-2146826273,-2146826273,-2146826273,-2146826273,-2146826273,-2146826273,-2146826273,-2146826273,-2146826273,-2146826273,-2146826273,-2146826273,-2146826273,-2146826273,-2146826273,-2146826273,-2146826273,-2146826273,-2146826273,-2146826273,-2146826273,-2146826273,-2146826273,-2146826273,-2146826273,-2146826273,-2146826273,-2146826273,-2146826273,-2146826273,-2146826273,-2146826273,-2146826273,-2146826273,-2146826273,なし,-2146826273,-2146826273,-2146826273,-2146826273,-2146826273,-2146826273,-2146826273,-2146826273,-2146826273,-2146826273,-2146826273,-2146826273,-2146826273,-2146826273,-2146826273,-2146826273,-2146826273,-2146826273,なし,-2146826273,-2146826273,-2146826273,0,0,0,0,0
20,0,0,0,0,0,0,0,0,0,0,0,0,-2146826246,000,-2146826246,-2146826273,-2146826273,-2146826273,-2146826273,-2146826273,-2146826273,-2146826273,-2146826273,-2146826273,-2146826273,-2146826273,-2146826273,-2146826273,-2146826273,-2146826273,-2146826273,-2146826273,-2146826273,-2146826273,-2146826273,-2146826273,-2146826273,-2146826273,-2146826273,-2146826273,-2146826273,-2146826273,-2146826273,-2146826273,-2146826273,-2146826273,-2146826273,-2146826273,-2146826273,-2146826273,-2146826273,-2146826273,-2146826273,-2146826273,-2146826273,-2146826273,-2146826273,-2146826273,-2146826273,-2146826273,なし,-2146826273,-2146826273,-2146826273,-2146826273,-2146826273,-2146826273,-2146826273,-2146826273,-2146826273,-2146826273,-2146826273,-2146826273,-2146826273,-2146826273,-2146826273,-2146826273,-2146826273,-2146826273,なし,-2146826273,-2146826273,-2146826273,0,0,0,0,0
20,0,0,0,0,0,0,0,0,0,0,0,0,-2146826246,000,-2146826246,-2146826273,-2146826273,-2146826273,-2146826273,-2146826273,-2146826273,-2146826273,-2146826273,-2146826273,-2146826273,-2146826273,-2146826273,-2146826273,-2146826273,-2146826273,-2146826273,-2146826273,-2146826273,-2146826273,-2146826273,-2146826273,-2146826273,-2146826273,-2146826273,-2146826273,-2146826273,-2146826273,-2146826273,-2146826273,-2146826273,-2146826273,-2146826273,-2146826273,-2146826273,-2146826273,-2146826273,-2146826273,-2146826273,-2146826273,-2146826273,-2146826273,-2146826273,-2146826273,-2146826273,-2146826273,なし,-2146826273,-2146826273,-2146826273,-2146826273,-2146826273,-2146826273,-2146826273,-2146826273,-2146826273,-2146826273,-2146826273,-2146826273,-2146826273,-2146826273,-2146826273,-2146826273,-2146826273,-2146826273,なし,-2146826273,-2146826273,-2146826273,0,0,0,0,0
20,0,0,0,0,0,0,0,0,0,0,0,0,-2146826246,000,-2146826246,-2146826273,-2146826273,-2146826273,-2146826273,-2146826273,-2146826273,-2146826273,-2146826273,-2146826273,-2146826273,-2146826273,-2146826273,-2146826273,-2146826273,-2146826273,-2146826273,-2146826273,-2146826273,-2146826273,-2146826273,-2146826273,-2146826273,-2146826273,-2146826273,-2146826273,-2146826273,-2146826273,-2146826273,-2146826273,-2146826273,-2146826273,-2146826273,-2146826273,-2146826273,-2146826273,-2146826273,-2146826273,-2146826273,-2146826273,-2146826273,-2146826273,-2146826273,-2146826273,-2146826273,-2146826273,なし,-2146826273,-2146826273,-2146826273,-2146826273,-2146826273,-2146826273,-2146826273,-2146826273,-2146826273,-2146826273,-2146826273,-2146826273,-2146826273,-2146826273,-2146826273,-2146826273,-2146826273,-2146826273,なし,-2146826273,-2146826273,-2146826273,0,0,0,0,0
20,0,0,0,0,0,0,0,0,0,0,0,0,-2146826246,000,-2146826246,-2146826273,-2146826273,-2146826273,-2146826273,-2146826273,-2146826273,-2146826273,-2146826273,-2146826273,-2146826273,-2146826273,-2146826273,-2146826273,-2146826273,-2146826273,-2146826273,-2146826273,-2146826273,-2146826273,-2146826273,-2146826273,-2146826273,-2146826273,-2146826273,-2146826273,-2146826273,-2146826273,-2146826273,-2146826273,-2146826273,-2146826273,-2146826273,-2146826273,-2146826273,-2146826273,-2146826273,-2146826273,-2146826273,-2146826273,-2146826273,-2146826273,-2146826273,-2146826273,-2146826273,-2146826273,なし,-2146826273,-2146826273,-2146826273,-2146826273,-2146826273,-2146826273,-2146826273,-2146826273,-2146826273,-2146826273,-2146826273,-2146826273,-2146826273,-2146826273,-2146826273,-2146826273,-2146826273,-2146826273,なし,-2146826273,-2146826273,-2146826273,0,0,0,0,0
20,0,0,0,0,0,0,0,0,0,0,0,0,-2146826246,000,-2146826246,-2146826273,-2146826273,-2146826273,-2146826273,-2146826273,-2146826273,-2146826273,-2146826273,-2146826273,-2146826273,-2146826273,-2146826273,-2146826273,-2146826273,-2146826273,-2146826273,-2146826273,-2146826273,-2146826273,-2146826273,-2146826273,-2146826273,-2146826273,-2146826273,-2146826273,-2146826273,-2146826273,-2146826273,-2146826273,-2146826273,-2146826273,-2146826273,-2146826273,-2146826273,-2146826273,-2146826273,-2146826273,-2146826273,-2146826273,-2146826273,-2146826273,-2146826273,-2146826273,-2146826273,-2146826273,なし,-2146826273,-2146826273,-2146826273,-2146826273,-2146826273,-2146826273,-2146826273,-2146826273,-2146826273,-2146826273,-2146826273,-2146826273,-2146826273,-2146826273,-2146826273,-2146826273,-2146826273,-2146826273,なし,-2146826273,-2146826273,-2146826273,0,0,0,0,0
20,0,0,0,0,0,0,0,0,0,0,0,0,-2146826246,000,-2146826246,-2146826273,-2146826273,-2146826273,-2146826273,-2146826273,-2146826273,-2146826273,-2146826273,-2146826273,-2146826273,-2146826273,-2146826273,-2146826273,-2146826273,-2146826273,-2146826273,-2146826273,-2146826273,-2146826273,-2146826273,-2146826273,-2146826273,-2146826273,-2146826273,-2146826273,-2146826273,-2146826273,-2146826273,-2146826273,-2146826273,-2146826273,-2146826273,-2146826273,-2146826273,-2146826273,-2146826273,-2146826273,-2146826273,-2146826273,-2146826273,-2146826273,-2146826273,-2146826273,-2146826273,-2146826273,なし,-2146826273,-2146826273,-2146826273,-2146826273,-2146826273,-2146826273,-2146826273,-2146826273,-2146826273,-2146826273,-2146826273,-2146826273,-2146826273,-2146826273,-2146826273,-2146826273,-2146826273,-2146826273,なし,-2146826273,-2146826273,-2146826273,0,0,0,0,0
20,0,0,0,0,0,0,0,0,0,0,0,0,-2146826246,000,-2146826246,-2146826273,-2146826273,-2146826273,-2146826273,-2146826273,-2146826273,-2146826273,-2146826273,-2146826273,-2146826273,-2146826273,-2146826273,-2146826273,-2146826273,-2146826273,-2146826273,-2146826273,-2146826273,-2146826273,-2146826273,-2146826273,-2146826273,-2146826273,-2146826273,-2146826273,-2146826273,-2146826273,-2146826273,-2146826273,-2146826273,-2146826273,-2146826273,-2146826273,-2146826273,-2146826273,-2146826273,-2146826273,-2146826273,-2146826273,-2146826273,-2146826273,-2146826273,-2146826273,-2146826273,-2146826273,なし,-2146826273,-2146826273,-2146826273,-2146826273,-2146826273,-2146826273,-2146826273,-2146826273,-2146826273,-2146826273,-2146826273,-2146826273,-2146826273,-2146826273,-2146826273,-2146826273,-2146826273,-2146826273,なし,-2146826273,-2146826273,-2146826273,0,0,0,0,0
20,0,0,0,0,0,0,0,0,0,0,0,0,-2146826246,000,-2146826246,-2146826273,-2146826273,-2146826273,-2146826273,-2146826273,-2146826273,-2146826273,-2146826273,-2146826273,-2146826273,-2146826273,-2146826273,-2146826273,-2146826273,-2146826273,-2146826273,-2146826273,-2146826273,-2146826273,-2146826273,-2146826273,-2146826273,-2146826273,-2146826273,-2146826273,-2146826273,-2146826273,-2146826273,-2146826273,-2146826273,-2146826273,-2146826273,-2146826273,-2146826273,-2146826273,-2146826273,-2146826273,-2146826273,-2146826273,-2146826273,-2146826273,-2146826273,-2146826273,-2146826273,-2146826273,なし,-2146826273,-2146826273,-2146826273,-2146826273,-2146826273,-2146826273,-2146826273,-2146826273,-2146826273,-2146826273,-2146826273,-2146826273,-2146826273,-2146826273,-2146826273,-2146826273,-2146826273,-2146826273,なし,-2146826273,-2146826273,-2146826273,0,0,0,0,0
20,0,0,0,0,0,0,0,0,0,0,0,0,-2146826246,000,-2146826246,-2146826273,-2146826273,-2146826273,-2146826273,-2146826273,-2146826273,-2146826273,-2146826273,-2146826273,-2146826273,-2146826273,-2146826273,-2146826273,-2146826273,-2146826273,-2146826273,-2146826273,-2146826273,-2146826273,-2146826273,-2146826273,-2146826273,-2146826273,-2146826273,-2146826273,-2146826273,-2146826273,-2146826273,-2146826273,-2146826273,-2146826273,-2146826273,-2146826273,-2146826273,-2146826273,-2146826273,-2146826273,-2146826273,-2146826273,-2146826273,-2146826273,-2146826273,-2146826273,-2146826273,-2146826273,なし,-2146826273,-2146826273,-2146826273,-2146826273,-2146826273,-2146826273,-2146826273,-2146826273,-2146826273,-2146826273,-2146826273,-2146826273,-2146826273,-2146826273,-2146826273,-2146826273,-2146826273,-2146826273,なし,-2146826273,-2146826273,-2146826273,0,0,0,0,0
20,0,0,0,0,0,0,0,0,0,0,0,0,-2146826246,000,-2146826246,-2146826273,-2146826273,-2146826273,-2146826273,-2146826273,-2146826273,-2146826273,-2146826273,-2146826273,-2146826273,-2146826273,-2146826273,-2146826273,-2146826273,-2146826273,-2146826273,-2146826273,-2146826273,-2146826273,-2146826273,-2146826273,-2146826273,-2146826273,-2146826273,-2146826273,-2146826273,-2146826273,-2146826273,-2146826273,-2146826273,-2146826273,-2146826273,-2146826273,-2146826273,-2146826273,-2146826273,-2146826273,-2146826273,-2146826273,-2146826273,-2146826273,-2146826273,-2146826273,-2146826273,-2146826273,なし,-2146826273,-2146826273,-2146826273,-2146826273,-2146826273,-2146826273,-2146826273,-2146826273,-2146826273,-2146826273,-2146826273,-2146826273,-2146826273,-2146826273,-2146826273,-2146826273,-2146826273,-2146826273,なし,-2146826273,-2146826273,-2146826273,0,0,0,0,0
20,0,0,0,0,0,0,0,0,0,0,0,0,-2146826246,000,-2146826246,-2146826273,-2146826273,-2146826273,-2146826273,-2146826273,-2146826273,-2146826273,-2146826273,-2146826273,-2146826273,-2146826273,-2146826273,-2146826273,-2146826273,-2146826273,-2146826273,-2146826273,-2146826273,-2146826273,-2146826273,-2146826273,-2146826273,-2146826273,-2146826273,-2146826273,-2146826273,-2146826273,-2146826273,-2146826273,-2146826273,-2146826273,-2146826273,-2146826273,-2146826273,-2146826273,-2146826273,-2146826273,-2146826273,-2146826273,-2146826273,-2146826273,-2146826273,-2146826273,-2146826273,-2146826273,なし,-2146826273,-2146826273,-2146826273,-2146826273,-2146826273,-2146826273,-2146826273,-2146826273,-2146826273,-2146826273,-2146826273,-2146826273,-2146826273,-2146826273,-2146826273,-2146826273,-2146826273,-2146826273,なし,-2146826273,-2146826273,-2146826273,0,0,0,0,0
20,0,0,0,0,0,0,0,0,0,0,0,0,-2146826246,000,-2146826246,-2146826273,-2146826273,-2146826273,-2146826273,-2146826273,-2146826273,-2146826273,-2146826273,-2146826273,-2146826273,-2146826273,-2146826273,-2146826273,-2146826273,-2146826273,-2146826273,-2146826273,-2146826273,-2146826273,-2146826273,-2146826273,-2146826273,-2146826273,-2146826273,-2146826273,-2146826273,-2146826273,-2146826273,-2146826273,-2146826273,-2146826273,-2146826273,-2146826273,-2146826273,-2146826273,-2146826273,-2146826273,-2146826273,-2146826273,-2146826273,-2146826273,-2146826273,-2146826273,-2146826273,-2146826273,なし,-2146826273,-2146826273,-2146826273,-2146826273,-2146826273,-2146826273,-2146826273,-2146826273,-2146826273,-2146826273,-2146826273,-2146826273,-2146826273,-2146826273,-2146826273,-2146826273,-2146826273,-2146826273,なし,-2146826273,-2146826273,-2146826273,0,0,0,0,0
20,0,0,0,0,0,0,0,0,0,0,0,0,-2146826246,000,-2146826246,-2146826273,-2146826273,-2146826273,-2146826273,-2146826273,-2146826273,-2146826273,-2146826273,-2146826273,-2146826273,-2146826273,-2146826273,-2146826273,-2146826273,-2146826273,-2146826273,-2146826273,-2146826273,-2146826273,-2146826273,-2146826273,-2146826273,-2146826273,-2146826273,-2146826273,-2146826273,-2146826273,-2146826273,-2146826273,-2146826273,-2146826273,-2146826273,-2146826273,-2146826273,-2146826273,-2146826273,-2146826273,-2146826273,-2146826273,-2146826273,-2146826273,-2146826273,-2146826273,-2146826273,-2146826273,なし,-2146826273,-2146826273,-2146826273,-2146826273,-2146826273,-2146826273,-2146826273,-2146826273,-2146826273,-2146826273,-2146826273,-2146826273,-2146826273,-2146826273,-2146826273,-2146826273,-2146826273,-2146826273,なし,-2146826273,-2146826273,-2146826273,0,0,0,0,0
20,0,0,0,0,0,0,0,0,0,0,0,0,-2146826246,000,-2146826246,-2146826273,-2146826273,-2146826273,-2146826273,-2146826273,-2146826273,-2146826273,-2146826273,-2146826273,-2146826273,-2146826273,-2146826273,-2146826273,-2146826273,-2146826273,-2146826273,-2146826273,-2146826273,-2146826273,-2146826273,-2146826273,-2146826273,-2146826273,-2146826273,-2146826273,-2146826273,-2146826273,-2146826273,-2146826273,-2146826273,-2146826273,-2146826273,-2146826273,-2146826273,-2146826273,-2146826273,-2146826273,-2146826273,-2146826273,-2146826273,-2146826273,-2146826273,-2146826273,-2146826273,-2146826273,なし,-2146826273,-2146826273,-2146826273,-2146826273,-2146826273,-2146826273,-2146826273,-2146826273,-2146826273,-2146826273,-2146826273,-2146826273,-2146826273,-2146826273,-2146826273,-2146826273,-2146826273,-2146826273,なし,-2146826273,-2146826273,-2146826273,0,0,0,0,0
20,0,0,0,0,0,0,0,0,0,0,0,0,-2146826246,000,-2146826246,-2146826273,-2146826273,-2146826273,-2146826273,-2146826273,-2146826273,-2146826273,-2146826273,-2146826273,-2146826273,-2146826273,-2146826273,-2146826273,-2146826273,-2146826273,-2146826273,-2146826273,-2146826273,-2146826273,-2146826273,-2146826273,-2146826273,-2146826273,-2146826273,-2146826273,-2146826273,-2146826273,-2146826273,-2146826273,-2146826273,-2146826273,-2146826273,-2146826273,-2146826273,-2146826273,-2146826273,-2146826273,-2146826273,-2146826273,-2146826273,-2146826273,-2146826273,-2146826273,-2146826273,-2146826273,なし,-2146826273,-2146826273,-2146826273,-2146826273,-2146826273,-2146826273,-2146826273,-2146826273,-2146826273,-2146826273,-2146826273,-2146826273,-2146826273,-2146826273,-2146826273,-2146826273,-2146826273,-2146826273,なし,-2146826273,-2146826273,-2146826273,0,0,0,0,0
20,0,0,0,0,0,0,0,0,0,0,0,0,-2146826246,000,-2146826246,-2146826273,-2146826273,-2146826273,-2146826273,-2146826273,-2146826273,-2146826273,-2146826273,-2146826273,-2146826273,-2146826273,-2146826273,-2146826273,-2146826273,-2146826273,-2146826273,-2146826273,-2146826273,-2146826273,-2146826273,-2146826273,-2146826273,-2146826273,-2146826273,-2146826273,-2146826273,-2146826273,-2146826273,-2146826273,-2146826273,-2146826273,-2146826273,-2146826273,-2146826273,-2146826273,-2146826273,-2146826273,-2146826273,-2146826273,-2146826273,-2146826273,-2146826273,-2146826273,-2146826273,-2146826273,なし,-2146826273,-2146826273,-2146826273,-2146826273,-2146826273,-2146826273,-2146826273,-2146826273,-2146826273,-2146826273,-2146826273,-2146826273,-2146826273,-2146826273,-2146826273,-2146826273,-2146826273,-2146826273,なし,-2146826273,-2146826273,-2146826273,0,0,0,0,0
20,0,0,0,0,0,0,0,0,0,0,0,0,-2146826246,000,-2146826246,-2146826273,-2146826273,-2146826273,-2146826273,-2146826273,-2146826273,-2146826273,-2146826273,-2146826273,-2146826273,-2146826273,-2146826273,-2146826273,-2146826273,-2146826273,-2146826273,-2146826273,-2146826273,-2146826273,-2146826273,-2146826273,-2146826273,-2146826273,-2146826273,-2146826273,-2146826273,-2146826273,-2146826273,-2146826273,-2146826273,-2146826273,-2146826273,-2146826273,-2146826273,-2146826273,-2146826273,-2146826273,-2146826273,-2146826273,-2146826273,-2146826273,-2146826273,-2146826273,-2146826273,-2146826273,なし,-2146826273,-2146826273,-2146826273,-2146826273,-2146826273,-2146826273,-2146826273,-2146826273,-2146826273,-2146826273,-2146826273,-2146826273,-2146826273,-2146826273,-2146826273,-2146826273,-2146826273,-2146826273,なし,-2146826273,-2146826273,-2146826273,0,0,0,0,0
20,0,0,0,0,0,0,0,0,0,0,0,0,-2146826246,000,-2146826246,-2146826273,-2146826273,-2146826273,-2146826273,-2146826273,-2146826273,-2146826273,-2146826273,-2146826273,-2146826273,-2146826273,-2146826273,-2146826273,-2146826273,-2146826273,-2146826273,-2146826273,-2146826273,-2146826273,-2146826273,-2146826273,-2146826273,-2146826273,-2146826273,-2146826273,-2146826273,-2146826273,-2146826273,-2146826273,-2146826273,-2146826273,-2146826273,-2146826273,-2146826273,-2146826273,-2146826273,-2146826273,-2146826273,-2146826273,-2146826273,-2146826273,-2146826273,-2146826273,-2146826273,-2146826273,なし,-2146826273,-2146826273,-2146826273,-2146826273,-2146826273,-2146826273,-2146826273,-2146826273,-2146826273,-2146826273,-2146826273,-2146826273,-2146826273,-2146826273,-2146826273,-2146826273,-2146826273,-2146826273,なし,-2146826273,-2146826273,-2146826273,0,0,0,0,0
20,0,0,0,0,0,0,0,0,0,0,0,0,-2146826246,000,-2146826246,-2146826273,-2146826273,-2146826273,-2146826273,-2146826273,-2146826273,-2146826273,-2146826273,-2146826273,-2146826273,-2146826273,-2146826273,-2146826273,-2146826273,-2146826273,-2146826273,-2146826273,-2146826273,-2146826273,-2146826273,-2146826273,-2146826273,-2146826273,-2146826273,-2146826273,-2146826273,-2146826273,-2146826273,-2146826273,-2146826273,-2146826273,-2146826273,-2146826273,-2146826273,-2146826273,-2146826273,-2146826273,-2146826273,-2146826273,-2146826273,-2146826273,-2146826273,-2146826273,-2146826273,-2146826273,なし,-2146826273,-2146826273,-2146826273,-2146826273,-2146826273,-2146826273,-2146826273,-2146826273,-2146826273,-2146826273,-2146826273,-2146826273,-2146826273,-2146826273,-2146826273,-2146826273,-2146826273,-2146826273,なし,-2146826273,-2146826273,-2146826273,0,0,0,0,0
20,0,0,0,0,0,0,0,0,0,0,0,0,-2146826246,000,-2146826246,-2146826273,-2146826273,-2146826273,-2146826273,-2146826273,-2146826273,-2146826273,-2146826273,-2146826273,-2146826273,-2146826273,-2146826273,-2146826273,-2146826273,-2146826273,-2146826273,-2146826273,-2146826273,-2146826273,-2146826273,-2146826273,-2146826273,-2146826273,-2146826273,-2146826273,-2146826273,-2146826273,-2146826273,-2146826273,-2146826273,-2146826273,-2146826273,-2146826273,-2146826273,-2146826273,-2146826273,-2146826273,-2146826273,-2146826273,-2146826273,-2146826273,-2146826273,-2146826273,-2146826273,-2146826273,なし,-2146826273,-2146826273,-2146826273,-2146826273,-2146826273,-2146826273,-2146826273,-2146826273,-2146826273,-2146826273,-2146826273,-2146826273,-2146826273,-2146826273,-2146826273,-2146826273,-2146826273,-2146826273,なし,-2146826273,-2146826273,-2146826273,0,0,0,0,0
20,0,0,0,0,0,0,0,0,0,0,0,0,-2146826246,000,-2146826246,-2146826273,-2146826273,-2146826273,-2146826273,-2146826273,-2146826273,-2146826273,-2146826273,-2146826273,-2146826273,-2146826273,-2146826273,-2146826273,-2146826273,-2146826273,-2146826273,-2146826273,-2146826273,-2146826273,-2146826273,-2146826273,-2146826273,-2146826273,-2146826273,-2146826273,-2146826273,-2146826273,-2146826273,-2146826273,-2146826273,-2146826273,-2146826273,-2146826273,-2146826273,-2146826273,-2146826273,-2146826273,-2146826273,-2146826273,-2146826273,-2146826273,-2146826273,-2146826273,-2146826273,-2146826273,なし,-2146826273,-2146826273,-2146826273,-2146826273,-2146826273,-2146826273,-2146826273,-2146826273,-2146826273,-2146826273,-2146826273,-2146826273,-2146826273,-2146826273,-2146826273,-2146826273,-2146826273,-2146826273,なし,-2146826273,-2146826273,-2146826273,0,0,0,0,0
20,0,0,0,0,0,0,0,0,0,0,0,0,-2146826246,000,-2146826246,-2146826273,-2146826273,-2146826273,-2146826273,-2146826273,-2146826273,-2146826273,-2146826273,-2146826273,-2146826273,-2146826273,-2146826273,-2146826273,-2146826273,-2146826273,-2146826273,-2146826273,-2146826273,-2146826273,-2146826273,-2146826273,-2146826273,-2146826273,-2146826273,-2146826273,-2146826273,-2146826273,-2146826273,-2146826273,-2146826273,-2146826273,-2146826273,-2146826273,-2146826273,-2146826273,-2146826273,-2146826273,-2146826273,-2146826273,-2146826273,-2146826273,-2146826273,-2146826273,-2146826273,-2146826273,なし,-2146826273,-2146826273,-2146826273,-2146826273,-2146826273,-2146826273,-2146826273,-2146826273,-2146826273,-2146826273,-2146826273,-2146826273,-2146826273,-2146826273,-2146826273,-2146826273,-2146826273,-2146826273,なし,-2146826273,-2146826273,-2146826273,0,0,0,0,0
20,0,0,0,0,0,0,0,0,0,0,0,0,-2146826246,000,-2146826246,-2146826273,-2146826273,-2146826273,-2146826273,-2146826273,-2146826273,-2146826273,-2146826273,-2146826273,-2146826273,-2146826273,-2146826273,-2146826273,-2146826273,-2146826273,-2146826273,-2146826273,-2146826273,-2146826273,-2146826273,-2146826273,-2146826273,-2146826273,-2146826273,-2146826273,-2146826273,-2146826273,-2146826273,-2146826273,-2146826273,-2146826273,-2146826273,-2146826273,-2146826273,-2146826273,-2146826273,-2146826273,-2146826273,-2146826273,-2146826273,-2146826273,-2146826273,-2146826273,-2146826273,-2146826273,なし,-2146826273,-2146826273,-2146826273,-2146826273,-2146826273,-2146826273,-2146826273,-2146826273,-2146826273,-2146826273,-2146826273,-2146826273,-2146826273,-2146826273,-2146826273,-2146826273,-2146826273,-2146826273,なし,-2146826273,-2146826273,-2146826273,0,0,0,0,0
20,0,0,0,0,0,0,0,0,0,0,0,0,-2146826246,000,-2146826246,-2146826273,-2146826273,-2146826273,-2146826273,-2146826273,-2146826273,-2146826273,-2146826273,-2146826273,-2146826273,-2146826273,-2146826273,-2146826273,-2146826273,-2146826273,-2146826273,-2146826273,-2146826273,-2146826273,-2146826273,-2146826273,-2146826273,-2146826273,-2146826273,-2146826273,-2146826273,-2146826273,-2146826273,-2146826273,-2146826273,-2146826273,-2146826273,-2146826273,-2146826273,-2146826273,-2146826273,-2146826273,-2146826273,-2146826273,-2146826273,-2146826273,-2146826273,-2146826273,-2146826273,-2146826273,なし,-2146826273,-2146826273,-2146826273,-2146826273,-2146826273,-2146826273,-2146826273,-2146826273,-2146826273,-2146826273,-2146826273,-2146826273,-2146826273,-2146826273,-2146826273,-2146826273,-2146826273,-2146826273,なし,-2146826273,-2146826273,-2146826273,0,0,0,0,0
20,0,0,0,0,0,0,0,0,0,0,0,0,-2146826246,000,-2146826246,-2146826273,-2146826273,-2146826273,-2146826273,-2146826273,-2146826273,-2146826273,-2146826273,-2146826273,-2146826273,-2146826273,-2146826273,-2146826273,-2146826273,-2146826273,-2146826273,-2146826273,-2146826273,-2146826273,-2146826273,-2146826273,-2146826273,-2146826273,-2146826273,-2146826273,-2146826273,-2146826273,-2146826273,-2146826273,-2146826273,-2146826273,-2146826273,-2146826273,-2146826273,-2146826273,-2146826273,-2146826273,-2146826273,-2146826273,-2146826273,-2146826273,-2146826273,-2146826273,-2146826273,-2146826273,なし,-2146826273,-2146826273,-2146826273,-2146826273,-2146826273,-2146826273,-2146826273,-2146826273,-2146826273,-2146826273,-2146826273,-2146826273,-2146826273,-2146826273,-2146826273,-2146826273,-2146826273,-2146826273,なし,-2146826273,-2146826273,-2146826273,0,0,0,0,0
20,0,0,0,0,0,0,0,0,0,0,0,0,-2146826246,000,-2146826246,-2146826273,-2146826273,-2146826273,-2146826273,-2146826273,-2146826273,-2146826273,-2146826273,-2146826273,-2146826273,-2146826273,-2146826273,-2146826273,-2146826273,-2146826273,-2146826273,-2146826273,-2146826273,-2146826273,-2146826273,-2146826273,-2146826273,-2146826273,-2146826273,-2146826273,-2146826273,-2146826273,-2146826273,-2146826273,-2146826273,-2146826273,-2146826273,-2146826273,-2146826273,-2146826273,-2146826273,-2146826273,-2146826273,-2146826273,-2146826273,-2146826273,-2146826273,-2146826273,-2146826273,-2146826273,なし,-2146826273,-2146826273,-2146826273,-2146826273,-2146826273,-2146826273,-2146826273,-2146826273,-2146826273,-2146826273,-2146826273,-2146826273,-2146826273,-2146826273,-2146826273,-2146826273,-2146826273,-2146826273,なし,-2146826273,-2146826273,-2146826273,0,0,0,0,0
20,0,0,0,0,0,0,0,0,0,0,0,0,-2146826246,000,-2146826246,-2146826273,-2146826273,-2146826273,-2146826273,-2146826273,-2146826273,-2146826273,-2146826273,-2146826273,-2146826273,-2146826273,-2146826273,-2146826273,-2146826273,-2146826273,-2146826273,-2146826273,-2146826273,-2146826273,-2146826273,-2146826273,-2146826273,-2146826273,-2146826273,-2146826273,-2146826273,-2146826273,-2146826273,-2146826273,-2146826273,-2146826273,-2146826273,-2146826273,-2146826273,-2146826273,-2146826273,-2146826273,-2146826273,-2146826273,-2146826273,-2146826273,-2146826273,-2146826273,-2146826273,-2146826273,なし,-2146826273,-2146826273,-2146826273,-2146826273,-2146826273,-2146826273,-2146826273,-2146826273,-2146826273,-2146826273,-2146826273,-2146826273,-2146826273,-2146826273,-2146826273,-2146826273,-2146826273,-2146826273,なし,-2146826273,-2146826273,-2146826273,0,0,0,0,0
20,0,0,0,0,0,0,0,0,0,0,0,0,-2146826246,000,-2146826246,-2146826273,-2146826273,-2146826273,-2146826273,-2146826273,-2146826273,-2146826273,-2146826273,-2146826273,-2146826273,-2146826273,-2146826273,-2146826273,-2146826273,-2146826273,-2146826273,-2146826273,-2146826273,-2146826273,-2146826273,-2146826273,-2146826273,-2146826273,-2146826273,-2146826273,-2146826273,-2146826273,-2146826273,-2146826273,-2146826273,-2146826273,-2146826273,-2146826273,-2146826273,-2146826273,-2146826273,-2146826273,-2146826273,-2146826273,-2146826273,-2146826273,-2146826273,-2146826273,-2146826273,-2146826273,なし,-2146826273,-2146826273,-2146826273,-2146826273,-2146826273,-2146826273,-2146826273,-2146826273,-2146826273,-2146826273,-2146826273,-2146826273,-2146826273,-2146826273,-2146826273,-2146826273,-2146826273,-2146826273,なし,-2146826273,-2146826273,-2146826273,0,0,0,0,0
20,0,0,0,0,0,0,0,0,0,0,0,0,-2146826246,000,-2146826246,-2146826273,-2146826273,-2146826273,-2146826273,-2146826273,-2146826273,-2146826273,-2146826273,-2146826273,-2146826273,-2146826273,-2146826273,-2146826273,-2146826273,-2146826273,-2146826273,-2146826273,-2146826273,-2146826273,-2146826273,-2146826273,-2146826273,-2146826273,-2146826273,-2146826273,-2146826273,-2146826273,-2146826273,-2146826273,-2146826273,-2146826273,-2146826273,-2146826273,-2146826273,-2146826273,-2146826273,-2146826273,-2146826273,-2146826273,-2146826273,-2146826273,-2146826273,-2146826273,-2146826273,-2146826273,なし,-2146826273,-2146826273,-2146826273,-2146826273,-2146826273,-2146826273,-2146826273,-2146826273,-2146826273,-2146826273,-2146826273,-2146826273,-2146826273,-2146826273,-2146826273,-2146826273,-2146826273,-2146826273,なし,-2146826273,-2146826273,-2146826273,0,0,0,0,0
20,0,0,0,0,0,0,0,0,0,0,0,0,-2146826246,000,-2146826246,-2146826273,-2146826273,-2146826273,-2146826273,-2146826273,-2146826273,-2146826273,-2146826273,-2146826273,-2146826273,-2146826273,-2146826273,-2146826273,-2146826273,-2146826273,-2146826273,-2146826273,-2146826273,-2146826273,-2146826273,-2146826273,-2146826273,-2146826273,-2146826273,-2146826273,-2146826273,-2146826273,-2146826273,-2146826273,-2146826273,-2146826273,-2146826273,-2146826273,-2146826273,-2146826273,-2146826273,-2146826273,-2146826273,-2146826273,-2146826273,-2146826273,-2146826273,-2146826273,-2146826273,-2146826273,なし,-2146826273,-2146826273,-2146826273,-2146826273,-2146826273,-2146826273,-2146826273,-2146826273,-2146826273,-2146826273,-2146826273,-2146826273,-2146826273,-2146826273,-2146826273,-2146826273,-2146826273,-2146826273,なし,-2146826273,-2146826273,-2146826273,0,0,0,0,0
20,0,0,0,0,0,0,0,0,0,0,0,0,-2146826246,000,-2146826246,-2146826273,-2146826273,-2146826273,-2146826273,-2146826273,-2146826273,-2146826273,-2146826273,-2146826273,-2146826273,-2146826273,-2146826273,-2146826273,-2146826273,-2146826273,-2146826273,-2146826273,-2146826273,-2146826273,-2146826273,-2146826273,-2146826273,-2146826273,-2146826273,-2146826273,-2146826273,-2146826273,-2146826273,-2146826273,-2146826273,-2146826273,-2146826273,-2146826273,-2146826273,-2146826273,-2146826273,-2146826273,-2146826273,-2146826273,-2146826273,-2146826273,-2146826273,-2146826273,-2146826273,-2146826273,なし,-2146826273,-2146826273,-2146826273,-2146826273,-2146826273,-2146826273,-2146826273,-2146826273,-2146826273,-2146826273,-2146826273,-2146826273,-2146826273,-2146826273,-2146826273,-2146826273,-2146826273,-2146826273,なし,-2146826273,-2146826273,-2146826273,0,0,0,0,0
20,0,0,0,0,0,0,0,0,0,0,0,0,-2146826246,000,-2146826246,-2146826273,-2146826273,-2146826273,-2146826273,-2146826273,-2146826273,-2146826273,-2146826273,-2146826273,-2146826273,-2146826273,-2146826273,-2146826273,-2146826273,-2146826273,-2146826273,-2146826273,-2146826273,-2146826273,-2146826273,-2146826273,-2146826273,-2146826273,-2146826273,-2146826273,-2146826273,-2146826273,-2146826273,-2146826273,-2146826273,-2146826273,-2146826273,-2146826273,-2146826273,-2146826273,-2146826273,-2146826273,-2146826273,-2146826273,-2146826273,-2146826273,-2146826273,-2146826273,-2146826273,-2146826273,なし,-2146826273,-2146826273,-2146826273,-2146826273,-2146826273,-2146826273,-2146826273,-2146826273,-2146826273,-2146826273,-2146826273,-2146826273,-2146826273,-2146826273,-2146826273,-2146826273,-2146826273,-2146826273,なし,-2146826273,-2146826273,-2146826273,0,0,0,0,0
20,0,0,0,0,0,0,0,0,0,0,0,0,-2146826246,000,-2146826246,-2146826273,-2146826273,-2146826273,-2146826273,-2146826273,-2146826273,-2146826273,-2146826273,-2146826273,-2146826273,-2146826273,-2146826273,-2146826273,-2146826273,-2146826273,-2146826273,-2146826273,-2146826273,-2146826273,-2146826273,-2146826273,-2146826273,-2146826273,-2146826273,-2146826273,-2146826273,-2146826273,-2146826273,-2146826273,-2146826273,-2146826273,-2146826273,-2146826273,-2146826273,-2146826273,-2146826273,-2146826273,-2146826273,-2146826273,-2146826273,-2146826273,-2146826273,-2146826273,-2146826273,-2146826273,なし,-2146826273,-2146826273,-2146826273,-2146826273,-2146826273,-2146826273,-2146826273,-2146826273,-2146826273,-2146826273,-2146826273,-2146826273,-2146826273,-2146826273,-2146826273,-2146826273,-2146826273,-2146826273,なし,-2146826273,-2146826273,-2146826273,0,0,0,0,0
20,0,0,0,0,0,0,0,0,0,0,0,0,-2146826246,000,-2146826246,-2146826273,-2146826273,-2146826273,-2146826273,-2146826273,-2146826273,-2146826273,-2146826273,-2146826273,-2146826273,-2146826273,-2146826273,-2146826273,-2146826273,-2146826273,-2146826273,-2146826273,-2146826273,-2146826273,-2146826273,-2146826273,-2146826273,-2146826273,-2146826273,-2146826273,-2146826273,-2146826273,-2146826273,-2146826273,-2146826273,-2146826273,-2146826273,-2146826273,-2146826273,-2146826273,-2146826273,-2146826273,-2146826273,-2146826273,-2146826273,-2146826273,-2146826273,-2146826273,-2146826273,-2146826273,なし,-2146826273,-2146826273,-2146826273,-2146826273,-2146826273,-2146826273,-2146826273,-2146826273,-2146826273,-2146826273,-2146826273,-2146826273,-2146826273,-2146826273,-2146826273,-2146826273,-2146826273,-2146826273,なし,-2146826273,-2146826273,-2146826273,0,0,0,0,0
20,0,0,0,0,0,0,0,0,0,0,0,0,-2146826246,000,-2146826246,-2146826273,-2146826273,-2146826273,-2146826273,-2146826273,-2146826273,-2146826273,-2146826273,-2146826273,-2146826273,-2146826273,-2146826273,-2146826273,-2146826273,-2146826273,-2146826273,-2146826273,-2146826273,-2146826273,-2146826273,-2146826273,-2146826273,-2146826273,-2146826273,-2146826273,-2146826273,-2146826273,-2146826273,-2146826273,-2146826273,-2146826273,-2146826273,-2146826273,-2146826273,-2146826273,-2146826273,-2146826273,-2146826273,-2146826273,-2146826273,-2146826273,-2146826273,-2146826273,-2146826273,-2146826273,なし,-2146826273,-2146826273,-2146826273,-2146826273,-2146826273,-2146826273,-2146826273,-2146826273,-2146826273,-2146826273,-2146826273,-2146826273,-2146826273,-2146826273,-2146826273,-2146826273,-2146826273,-2146826273,なし,-2146826273,-2146826273,-2146826273,0,0,0,0,0
20,0,0,0,0,0,0,0,0,0,0,0,0,-2146826246,000,-2146826246,-2146826273,-2146826273,-2146826273,-2146826273,-2146826273,-2146826273,-2146826273,-2146826273,-2146826273,-2146826273,-2146826273,-2146826273,-2146826273,-2146826273,-2146826273,-2146826273,-2146826273,-2146826273,-2146826273,-2146826273,-2146826273,-2146826273,-2146826273,-2146826273,-2146826273,-2146826273,-2146826273,-2146826273,-2146826273,-2146826273,-2146826273,-2146826273,-2146826273,-2146826273,-2146826273,-2146826273,-2146826273,-2146826273,-2146826273,-2146826273,-2146826273,-2146826273,-2146826273,-2146826273,-2146826273,なし,-2146826273,-2146826273,-2146826273,-2146826273,-2146826273,-2146826273,-2146826273,-2146826273,-2146826273,-2146826273,-2146826273,-2146826273,-2146826273,-2146826273,-2146826273,-2146826273,-2146826273,-2146826273,なし,-2146826273,-2146826273,-2146826273,0,0,0,0,0
20,0,0,0,0,0,0,0,0,0,0,0,0,-2146826246,000,-2146826246,-2146826273,-2146826273,-2146826273,-2146826273,-2146826273,-2146826273,-2146826273,-2146826273,-2146826273,-2146826273,-2146826273,-2146826273,-2146826273,-2146826273,-2146826273,-2146826273,-2146826273,-2146826273,-2146826273,-2146826273,-2146826273,-2146826273,-2146826273,-2146826273,-2146826273,-2146826273,-2146826273,-2146826273,-2146826273,-2146826273,-2146826273,-2146826273,-2146826273,-2146826273,-2146826273,-2146826273,-2146826273,-2146826273,-2146826273,-2146826273,-2146826273,-2146826273,-2146826273,-2146826273,-2146826273,なし,-2146826273,-2146826273,-2146826273,-2146826273,-2146826273,-2146826273,-2146826273,-2146826273,-2146826273,-2146826273,-2146826273,-2146826273,-2146826273,-2146826273,-2146826273,-2146826273,-2146826273,-2146826273,なし,-2146826273,-2146826273,-2146826273,0,0,0,0,0
20,0,0,0,0,0,0,0,0,0,0,0,0,-2146826246,000,-2146826246,-2146826273,-2146826273,-2146826273,-2146826273,-2146826273,-2146826273,-2146826273,-2146826273,-2146826273,-2146826273,-2146826273,-2146826273,-2146826273,-2146826273,-2146826273,-2146826273,-2146826273,-2146826273,-2146826273,-2146826273,-2146826273,-2146826273,-2146826273,-2146826273,-2146826273,-2146826273,-2146826273,-2146826273,-2146826273,-2146826273,-2146826273,-2146826273,-2146826273,-2146826273,-2146826273,-2146826273,-2146826273,-2146826273,-2146826273,-2146826273,-2146826273,-2146826273,-2146826273,-2146826273,-2146826273,なし,-2146826273,-2146826273,-2146826273,-2146826273,-2146826273,-2146826273,-2146826273,-2146826273,-2146826273,-2146826273,-2146826273,-2146826273,-2146826273,-2146826273,-2146826273,-2146826273,-2146826273,-2146826273,なし,-2146826273,-2146826273,-2146826273,0,0,0,0,0
20,0,0,0,0,0,0,0,0,0,0,0,0,-2146826246,000,-2146826246,-2146826273,-2146826273,-2146826273,-2146826273,-2146826273,-2146826273,-2146826273,-2146826273,-2146826273,-2146826273,-2146826273,-2146826273,-2146826273,-2146826273,-2146826273,-2146826273,-2146826273,-2146826273,-2146826273,-2146826273,-2146826273,-2146826273,-2146826273,-2146826273,-2146826273,-2146826273,-2146826273,-2146826273,-2146826273,-2146826273,-2146826273,-2146826273,-2146826273,-2146826273,-2146826273,-2146826273,-2146826273,-2146826273,-2146826273,-2146826273,-2146826273,-2146826273,-2146826273,-2146826273,-2146826273,なし,-2146826273,-2146826273,-2146826273,-2146826273,-2146826273,-2146826273,-2146826273,-2146826273,-2146826273,-2146826273,-2146826273,-2146826273,-2146826273,-2146826273,-2146826273,-2146826273,-2146826273,-2146826273,なし,-2146826273,-2146826273,-2146826273,0,0,0,0,0
20,0,0,0,0,0,0,0,0,0,0,0,0,-2146826246,000,-2146826246,-2146826273,-2146826273,-2146826273,-2146826273,-2146826273,-2146826273,-2146826273,-2146826273,-2146826273,-2146826273,-2146826273,-2146826273,-2146826273,-2146826273,-2146826273,-2146826273,-2146826273,-2146826273,-2146826273,-2146826273,-2146826273,-2146826273,-2146826273,-2146826273,-2146826273,-2146826273,-2146826273,-2146826273,-2146826273,-2146826273,-2146826273,-2146826273,-2146826273,-2146826273,-2146826273,-2146826273,-2146826273,-2146826273,-2146826273,-2146826273,-2146826273,-2146826273,-2146826273,-2146826273,-2146826273,なし,-2146826273,-2146826273,-2146826273,-2146826273,-2146826273,-2146826273,-2146826273,-2146826273,-2146826273,-2146826273,-2146826273,-2146826273,-2146826273,-2146826273,-2146826273,-2146826273,-2146826273,-2146826273,なし,-2146826273,-2146826273,-2146826273,0,0,0,0,0
20,0,0,0,0,0,0,0,0,0,0,0,0,-2146826246,000,-2146826246,-2146826273,-2146826273,-2146826273,-2146826273,-2146826273,-2146826273,-2146826273,-2146826273,-2146826273,-2146826273,-2146826273,-2146826273,-2146826273,-2146826273,-2146826273,-2146826273,-2146826273,-2146826273,-2146826273,-2146826273,-2146826273,-2146826273,-2146826273,-2146826273,-2146826273,-2146826273,-2146826273,-2146826273,-2146826273,-2146826273,-2146826273,-2146826273,-2146826273,-2146826273,-2146826273,-2146826273,-2146826273,-2146826273,-2146826273,-2146826273,-2146826273,-2146826273,-2146826273,-2146826273,-2146826273,なし,-2146826273,-2146826273,-2146826273,-2146826273,-2146826273,-2146826273,-2146826273,-2146826273,-2146826273,-2146826273,-2146826273,-2146826273,-2146826273,-2146826273,-2146826273,-2146826273,-2146826273,-2146826273,なし,-2146826273,-2146826273,-2146826273,0,0,0,0,0
20,0,0,0,0,0,0,0,0,0,0,0,0,-2146826246,000,-2146826246,-2146826273,-2146826273,-2146826273,-2146826273,-2146826273,-2146826273,-2146826273,-2146826273,-2146826273,-2146826273,-2146826273,-2146826273,-2146826273,-2146826273,-2146826273,-2146826273,-2146826273,-2146826273,-2146826273,-2146826273,-2146826273,-2146826273,-2146826273,-2146826273,-2146826273,-2146826273,-2146826273,-2146826273,-2146826273,-2146826273,-2146826273,-2146826273,-2146826273,-2146826273,-2146826273,-2146826273,-2146826273,-2146826273,-2146826273,-2146826273,-2146826273,-2146826273,-2146826273,-2146826273,-2146826273,なし,-2146826273,-2146826273,-2146826273,-2146826273,-2146826273,-2146826273,-2146826273,-2146826273,-2146826273,-2146826273,-2146826273,-2146826273,-2146826273,-2146826273,-2146826273,-2146826273,-2146826273,-2146826273,なし,-2146826273,-2146826273,-2146826273,0,0,0,0,0
20,0,0,0,0,0,0,0,0,0,0,0,0,-2146826246,000,-2146826246,-2146826273,-2146826273,-2146826273,-2146826273,-2146826273,-2146826273,-2146826273,-2146826273,-2146826273,-2146826273,-2146826273,-2146826273,-2146826273,-2146826273,-2146826273,-2146826273,-2146826273,-2146826273,-2146826273,-2146826273,-2146826273,-2146826273,-2146826273,-2146826273,-2146826273,-2146826273,-2146826273,-2146826273,-2146826273,-2146826273,-2146826273,-2146826273,-2146826273,-2146826273,-2146826273,-2146826273,-2146826273,-2146826273,-2146826273,-2146826273,-2146826273,-2146826273,-2146826273,-2146826273,-2146826273,なし,-2146826273,-2146826273,-2146826273,-2146826273,-2146826273,-2146826273,-2146826273,-2146826273,-2146826273,-2146826273,-2146826273,-2146826273,-2146826273,-2146826273,-2146826273,-2146826273,-2146826273,-2146826273,なし,-2146826273,-2146826273,-2146826273,0,0,0,0,0
20,0,0,0,0,0,0,0,0,0,0,0,0,-2146826246,000,-2146826246,-2146826273,-2146826273,-2146826273,-2146826273,-2146826273,-2146826273,-2146826273,-2146826273,-2146826273,-2146826273,-2146826273,-2146826273,-2146826273,-2146826273,-2146826273,-2146826273,-2146826273,-2146826273,-2146826273,-2146826273,-2146826273,-2146826273,-2146826273,-2146826273,-2146826273,-2146826273,-2146826273,-2146826273,-2146826273,-2146826273,-2146826273,-2146826273,-2146826273,-2146826273,-2146826273,-2146826273,-2146826273,-2146826273,-2146826273,-2146826273,-2146826273,-2146826273,-2146826273,-2146826273,-2146826273,なし,-2146826273,-2146826273,-2146826273,-2146826273,-2146826273,-2146826273,-2146826273,-2146826273,-2146826273,-2146826273,-2146826273,-2146826273,-2146826273,-2146826273,-2146826273,-2146826273,-2146826273,-2146826273,なし,-2146826273,-2146826273,-2146826273,0,0,0,0,0
20,0,0,0,0,0,0,0,0,0,0,0,0,-2146826246,000,-2146826246,-2146826273,-2146826273,-2146826273,-2146826273,-2146826273,-2146826273,-2146826273,-2146826273,-2146826273,-2146826273,-2146826273,-2146826273,-2146826273,-2146826273,-2146826273,-2146826273,-2146826273,-2146826273,-2146826273,-2146826273,-2146826273,-2146826273,-2146826273,-2146826273,-2146826273,-2146826273,-2146826273,-2146826273,-2146826273,-2146826273,-2146826273,-2146826273,-2146826273,-2146826273,-2146826273,-2146826273,-2146826273,-2146826273,-2146826273,-2146826273,-2146826273,-2146826273,-2146826273,-2146826273,-2146826273,なし,-2146826273,-2146826273,-2146826273,-2146826273,-2146826273,-2146826273,-2146826273,-2146826273,-2146826273,-2146826273,-2146826273,-2146826273,-2146826273,-2146826273,-2146826273,-2146826273,-2146826273,-2146826273,なし,-2146826273,-2146826273,-2146826273,0,0,0,0,0
20,0,0,0,0,0,0,0,0,0,0,0,0,-2146826246,000,-2146826246,-2146826273,-2146826273,-2146826273,-2146826273,-2146826273,-2146826273,-2146826273,-2146826273,-2146826273,-2146826273,-2146826273,-2146826273,-2146826273,-2146826273,-2146826273,-2146826273,-2146826273,-2146826273,-2146826273,-2146826273,-2146826273,-2146826273,-2146826273,-2146826273,-2146826273,-2146826273,-2146826273,-2146826273,-2146826273,-2146826273,-2146826273,-2146826273,-2146826273,-2146826273,-2146826273,-2146826273,-2146826273,-2146826273,-2146826273,-2146826273,-2146826273,-2146826273,-2146826273,-2146826273,-2146826273,なし,-2146826273,-2146826273,-2146826273,-2146826273,-2146826273,-2146826273,-2146826273,-2146826273,-2146826273,-2146826273,-2146826273,-2146826273,-2146826273,-2146826273,-2146826273,-2146826273,-2146826273,-2146826273,なし,-2146826273,-2146826273,-2146826273,0,0,0,0,0
20,0,0,0,0,0,0,0,0,0,0,0,0,-2146826246,000,-2146826246,-2146826273,-2146826273,-2146826273,-2146826273,-2146826273,-2146826273,-2146826273,-2146826273,-2146826273,-2146826273,-2146826273,-2146826273,-2146826273,-2146826273,-2146826273,-2146826273,-2146826273,-2146826273,-2146826273,-2146826273,-2146826273,-2146826273,-2146826273,-2146826273,-2146826273,-2146826273,-2146826273,-2146826273,-2146826273,-2146826273,-2146826273,-2146826273,-2146826273,-2146826273,-2146826273,-2146826273,-2146826273,-2146826273,-2146826273,-2146826273,-2146826273,-2146826273,-2146826273,-2146826273,-2146826273,なし,-2146826273,-2146826273,-2146826273,-2146826273,-2146826273,-2146826273,-2146826273,-2146826273,-2146826273,-2146826273,-2146826273,-2146826273,-2146826273,-2146826273,-2146826273,-2146826273,-2146826273,-2146826273,なし,-2146826273,-2146826273,-2146826273,0,0,0,0,0
20,0,0,0,0,0,0,0,0,0,0,0,0,-2146826246,000,-2146826246,-2146826273,-2146826273,-2146826273,-2146826273,-2146826273,-2146826273,-2146826273,-2146826273,-2146826273,-2146826273,-2146826273,-2146826273,-2146826273,-2146826273,-2146826273,-2146826273,-2146826273,-2146826273,-2146826273,-2146826273,-2146826273,-2146826273,-2146826273,-2146826273,-2146826273,-2146826273,-2146826273,-2146826273,-2146826273,-2146826273,-2146826273,-2146826273,-2146826273,-2146826273,-2146826273,-2146826273,-2146826273,-2146826273,-2146826273,-2146826273,-2146826273,-2146826273,-2146826273,-2146826273,-2146826273,なし,-2146826273,-2146826273,-2146826273,-2146826273,-2146826273,-2146826273,-2146826273,-2146826273,-2146826273,-2146826273,-2146826273,-2146826273,-2146826273,-2146826273,-2146826273,-2146826273,-2146826273,-2146826273,なし,-2146826273,-2146826273,-2146826273,0,0,0,0,0
20,0,0,0,0,0,0,0,0,0,0,0,0,-2146826246,000,-2146826246,-2146826273,-2146826273,-2146826273,-2146826273,-2146826273,-2146826273,-2146826273,-2146826273,-2146826273,-2146826273,-2146826273,-2146826273,-2146826273,-2146826273,-2146826273,-2146826273,-2146826273,-2146826273,-2146826273,-2146826273,-2146826273,-2146826273,-2146826273,-2146826273,-2146826273,-2146826273,-2146826273,-2146826273,-2146826273,-2146826273,-2146826273,-2146826273,-2146826273,-2146826273,-2146826273,-2146826273,-2146826273,-2146826273,-2146826273,-2146826273,-2146826273,-2146826273,-2146826273,-2146826273,-2146826273,なし,-2146826273,-2146826273,-2146826273,-2146826273,-2146826273,-2146826273,-2146826273,-2146826273,-2146826273,-2146826273,-2146826273,-2146826273,-2146826273,-2146826273,-2146826273,-2146826273,-2146826273,-2146826273,なし,-2146826273,-2146826273,-2146826273,0,0,0,0,0
20,0,0,0,0,0,0,0,0,0,0,0,0,-2146826246,000,-2146826246,-2146826273,-2146826273,-2146826273,-2146826273,-2146826273,-2146826273,-2146826273,-2146826273,-2146826273,-2146826273,-2146826273,-2146826273,-2146826273,-2146826273,-2146826273,-2146826273,-2146826273,-2146826273,-2146826273,-2146826273,-2146826273,-2146826273,-2146826273,-2146826273,-2146826273,-2146826273,-2146826273,-2146826273,-2146826273,-2146826273,-2146826273,-2146826273,-2146826273,-2146826273,-2146826273,-2146826273,-2146826273,-2146826273,-2146826273,-2146826273,-2146826273,-2146826273,-2146826273,-2146826273,-2146826273,なし,-2146826273,-2146826273,-2146826273,-2146826273,-2146826273,-2146826273,-2146826273,-2146826273,-2146826273,-2146826273,-2146826273,-2146826273,-2146826273,-2146826273,-2146826273,-2146826273,-2146826273,-2146826273,なし,-2146826273,-2146826273,-2146826273,0,0,0,0,0
20,0,0,0,0,0,0,0,0,0,0,0,0,-2146826246,000,-2146826246,-2146826273,-2146826273,-2146826273,-2146826273,-2146826273,-2146826273,-2146826273,-2146826273,-2146826273,-2146826273,-2146826273,-2146826273,-2146826273,-2146826273,-2146826273,-2146826273,-2146826273,-2146826273,-2146826273,-2146826273,-2146826273,-2146826273,-2146826273,-2146826273,-2146826273,-2146826273,-2146826273,-2146826273,-2146826273,-2146826273,-2146826273,-2146826273,-2146826273,-2146826273,-2146826273,-2146826273,-2146826273,-2146826273,-2146826273,-2146826273,-2146826273,-2146826273,-2146826273,-2146826273,-2146826273,なし,-2146826273,-2146826273,-2146826273,-2146826273,-2146826273,-2146826273,-2146826273,-2146826273,-2146826273,-2146826273,-2146826273,-2146826273,-2146826273,-2146826273,-2146826273,-2146826273,-2146826273,-2146826273,なし,-2146826273,-2146826273,-2146826273,0,0,0,0,0
20,0,0,0,0,0,0,0,0,0,0,0,0,-2146826246,000,-2146826246,-2146826273,-2146826273,-2146826273,-2146826273,-2146826273,-2146826273,-2146826273,-2146826273,-2146826273,-2146826273,-2146826273,-2146826273,-2146826273,-2146826273,-2146826273,-2146826273,-2146826273,-2146826273,-2146826273,-2146826273,-2146826273,-2146826273,-2146826273,-2146826273,-2146826273,-2146826273,-2146826273,-2146826273,-2146826273,-2146826273,-2146826273,-2146826273,-2146826273,-2146826273,-2146826273,-2146826273,-2146826273,-2146826273,-2146826273,-2146826273,-2146826273,-2146826273,-2146826273,-2146826273,-2146826273,なし,-2146826273,-2146826273,-2146826273,-2146826273,-2146826273,-2146826273,-2146826273,-2146826273,-2146826273,-2146826273,-2146826273,-2146826273,-2146826273,-2146826273,-2146826273,-2146826273,-2146826273,-2146826273,なし,-2146826273,-2146826273,-2146826273,0,0,0,0,0
20,0,0,0,0,0,0,0,0,0,0,0,0,-2146826246,000,-2146826246,-2146826273,-2146826273,-2146826273,-2146826273,-2146826273,-2146826273,-2146826273,-2146826273,-2146826273,-2146826273,-2146826273,-2146826273,-2146826273,-2146826273,-2146826273,-2146826273,-2146826273,-2146826273,-2146826273,-2146826273,-2146826273,-2146826273,-2146826273,-2146826273,-2146826273,-2146826273,-2146826273,-2146826273,-2146826273,-2146826273,-2146826273,-2146826273,-2146826273,-2146826273,-2146826273,-2146826273,-2146826273,-2146826273,-2146826273,-2146826273,-2146826273,-2146826273,-2146826273,-2146826273,-2146826273,なし,-2146826273,-2146826273,-2146826273,-2146826273,-2146826273,-2146826273,-2146826273,-2146826273,-2146826273,-2146826273,-2146826273,-2146826273,-2146826273,-2146826273,-2146826273,-2146826273,-2146826273,-2146826273,なし,-2146826273,-2146826273,-2146826273,0,0,0,0,0
20,0,0,0,0,0,0,0,0,0,0,0,0,-2146826246,000,-2146826246,-2146826273,-2146826273,-2146826273,-2146826273,-2146826273,-2146826273,-2146826273,-2146826273,-2146826273,-2146826273,-2146826273,-2146826273,-2146826273,-2146826273,-2146826273,-2146826273,-2146826273,-2146826273,-2146826273,-2146826273,-2146826273,-2146826273,-2146826273,-2146826273,-2146826273,-2146826273,-2146826273,-2146826273,-2146826273,-2146826273,-2146826273,-2146826273,-2146826273,-2146826273,-2146826273,-2146826273,-2146826273,-2146826273,-2146826273,-2146826273,-2146826273,-2146826273,-2146826273,-2146826273,-2146826273,なし,-2146826273,-2146826273,-2146826273,-2146826273,-2146826273,-2146826273,-2146826273,-2146826273,-2146826273,-2146826273,-2146826273,-2146826273,-2146826273,-2146826273,-2146826273,-2146826273,-2146826273,-2146826273,なし,-2146826273,-2146826273,-2146826273,0,0,0,0,0
20,0,0,0,0,0,0,0,0,0,0,0,0,-2146826246,000,-2146826246,-2146826273,-2146826273,-2146826273,-2146826273,-2146826273,-2146826273,-2146826273,-2146826273,-2146826273,-2146826273,-2146826273,-2146826273,-2146826273,-2146826273,-2146826273,-2146826273,-2146826273,-2146826273,-2146826273,-2146826273,-2146826273,-2146826273,-2146826273,-2146826273,-2146826273,-2146826273,-2146826273,-2146826273,-2146826273,-2146826273,-2146826273,-2146826273,-2146826273,-2146826273,-2146826273,-2146826273,-2146826273,-2146826273,-2146826273,-2146826273,-2146826273,-2146826273,-2146826273,-2146826273,-2146826273,なし,-2146826273,-2146826273,-2146826273,-2146826273,-2146826273,-2146826273,-2146826273,-2146826273,-2146826273,-2146826273,-2146826273,-2146826273,-2146826273,-2146826273,-2146826273,-2146826273,-2146826273,-2146826273,なし,-2146826273,-2146826273,-2146826273,0,0,0,0,0
20,0,0,0,0,0,0,0,0,0,0,0,0,-2146826246,000,-2146826246,-2146826273,-2146826273,-2146826273,-2146826273,-2146826273,-2146826273,-2146826273,-2146826273,-2146826273,-2146826273,-2146826273,-2146826273,-2146826273,-2146826273,-2146826273,-2146826273,-2146826273,-2146826273,-2146826273,-2146826273,-2146826273,-2146826273,-2146826273,-2146826273,-2146826273,-2146826273,-2146826273,-2146826273,-2146826273,-2146826273,-2146826273,-2146826273,-2146826273,-2146826273,-2146826273,-2146826273,-2146826273,-2146826273,-2146826273,-2146826273,-2146826273,-2146826273,-2146826273,-2146826273,-2146826273,なし,-2146826273,-2146826273,-2146826273,-2146826273,-2146826273,-2146826273,-2146826273,-2146826273,-2146826273,-2146826273,-2146826273,-2146826273,-2146826273,-2146826273,-2146826273,-2146826273,-2146826273,-2146826273,なし,-2146826273,-2146826273,-2146826273,0,0,0,0,0
20,0,0,0,0,0,0,0,0,0,0,0,0,-2146826246,000,-2146826246,-2146826273,-2146826273,-2146826273,-2146826273,-2146826273,-2146826273,-2146826273,-2146826273,-2146826273,-2146826273,-2146826273,-2146826273,-2146826273,-2146826273,-2146826273,-2146826273,-2146826273,-2146826273,-2146826273,-2146826273,-2146826273,-2146826273,-2146826273,-2146826273,-2146826273,-2146826273,-2146826273,-2146826273,-2146826273,-2146826273,-2146826273,-2146826273,-2146826273,-2146826273,-2146826273,-2146826273,-2146826273,-2146826273,-2146826273,-2146826273,-2146826273,-2146826273,-2146826273,-2146826273,-2146826273,なし,-2146826273,-2146826273,-2146826273,-2146826273,-2146826273,-2146826273,-2146826273,-2146826273,-2146826273,-2146826273,-2146826273,-2146826273,-2146826273,-2146826273,-2146826273,-2146826273,-2146826273,-2146826273,なし,-2146826273,-2146826273,-2146826273,0,0,0,0,0
20,0,0,0,0,0,0,0,0,0,0,0,0,-2146826246,000,-2146826246,-2146826273,-2146826273,-2146826273,-2146826273,-2146826273,-2146826273,-2146826273,-2146826273,-2146826273,-2146826273,-2146826273,-2146826273,-2146826273,-2146826273,-2146826273,-2146826273,-2146826273,-2146826273,-2146826273,-2146826273,-2146826273,-2146826273,-2146826273,-2146826273,-2146826273,-2146826273,-2146826273,-2146826273,-2146826273,-2146826273,-2146826273,-2146826273,-2146826273,-2146826273,-2146826273,-2146826273,-2146826273,-2146826273,-2146826273,-2146826273,-2146826273,-2146826273,-2146826273,-2146826273,-2146826273,なし,-2146826273,-2146826273,-2146826273,-2146826273,-2146826273,-2146826273,-2146826273,-2146826273,-2146826273,-2146826273,-2146826273,-2146826273,-2146826273,-2146826273,-2146826273,-2146826273,-2146826273,-2146826273,なし,-2146826273,-2146826273,-2146826273,0,0,0,0,0
20,0,0,0,0,0,0,0,0,0,0,0,0,-2146826246,000,-2146826246,-2146826273,-2146826273,-2146826273,-2146826273,-2146826273,-2146826273,-2146826273,-2146826273,-2146826273,-2146826273,-2146826273,-2146826273,-2146826273,-2146826273,-2146826273,-2146826273,-2146826273,-2146826273,-2146826273,-2146826273,-2146826273,-2146826273,-2146826273,-2146826273,-2146826273,-2146826273,-2146826273,-2146826273,-2146826273,-2146826273,-2146826273,-2146826273,-2146826273,-2146826273,-2146826273,-2146826273,-2146826273,-2146826273,-2146826273,-2146826273,-2146826273,-2146826273,-2146826273,-2146826273,-2146826273,なし,-2146826273,-2146826273,-2146826273,-2146826273,-2146826273,-2146826273,-2146826273,-2146826273,-2146826273,-2146826273,-2146826273,-2146826273,-2146826273,-2146826273,-2146826273,-2146826273,-2146826273,-2146826273,なし,-2146826273,-2146826273,-2146826273,0,0,0,0,0
20,0,0,0,0,0,0,0,0,0,0,0,0,-2146826246,000,-2146826246,-2146826273,-2146826273,-2146826273,-2146826273,-2146826273,-2146826273,-2146826273,-2146826273,-2146826273,-2146826273,-2146826273,-2146826273,-2146826273,-2146826273,-2146826273,-2146826273,-2146826273,-2146826273,-2146826273,-2146826273,-2146826273,-2146826273,-2146826273,-2146826273,-2146826273,-2146826273,-2146826273,-2146826273,-2146826273,-2146826273,-2146826273,-2146826273,-2146826273,-2146826273,-2146826273,-2146826273,-2146826273,-2146826273,-2146826273,-2146826273,-2146826273,-2146826273,-2146826273,-2146826273,-2146826273,なし,-2146826273,-2146826273,-2146826273,-2146826273,-2146826273,-2146826273,-2146826273,-2146826273,-2146826273,-2146826273,-2146826273,-2146826273,-2146826273,-2146826273,-2146826273,-2146826273,-2146826273,-2146826273,なし,-2146826273,-2146826273,-2146826273,0,0,0,0,0
20,0,0,0,0,0,0,0,0,0,0,0,0,-2146826246,000,-2146826246,-2146826273,-2146826273,-2146826273,-2146826273,-2146826273,-2146826273,-2146826273,-2146826273,-2146826273,-2146826273,-2146826273,-2146826273,-2146826273,-2146826273,-2146826273,-2146826273,-2146826273,-2146826273,-2146826273,-2146826273,-2146826273,-2146826273,-2146826273,-2146826273,-2146826273,-2146826273,-2146826273,-2146826273,-2146826273,-2146826273,-2146826273,-2146826273,-2146826273,-2146826273,-2146826273,-2146826273,-2146826273,-2146826273,-2146826273,-2146826273,-2146826273,-2146826273,-2146826273,-2146826273,-2146826273,なし,-2146826273,-2146826273,-2146826273,-2146826273,-2146826273,-2146826273,-2146826273,-2146826273,-2146826273,-2146826273,-2146826273,-2146826273,-2146826273,-2146826273,-2146826273,-2146826273,-2146826273,-2146826273,なし,-2146826273,-2146826273,-2146826273,0,0,0,0,0
20,0,0,0,0,0,0,0,0,0,0,0,0,-2146826246,000,-2146826246,-2146826273,-2146826273,-2146826273,-2146826273,-2146826273,-2146826273,-2146826273,-2146826273,-2146826273,-2146826273,-2146826273,-2146826273,-2146826273,-2146826273,-2146826273,-2146826273,-2146826273,-2146826273,-2146826273,-2146826273,-2146826273,-2146826273,-2146826273,-2146826273,-2146826273,-2146826273,-2146826273,-2146826273,-2146826273,-2146826273,-2146826273,-2146826273,-2146826273,-2146826273,-2146826273,-2146826273,-2146826273,-2146826273,-2146826273,-2146826273,-2146826273,-2146826273,-2146826273,-2146826273,-2146826273,なし,-2146826273,-2146826273,-2146826273,-2146826273,-2146826273,-2146826273,-2146826273,-2146826273,-2146826273,-2146826273,-2146826273,-2146826273,-2146826273,-2146826273,-2146826273,-2146826273,-2146826273,-2146826273,なし,-2146826273,-2146826273,-2146826273,0,0,0,0,0
20,0,0,0,0,0,0,0,0,0,0,0,0,-2146826246,000,-2146826246,-2146826273,-2146826273,-2146826273,-2146826273,-2146826273,-2146826273,-2146826273,-2146826273,-2146826273,-2146826273,-2146826273,-2146826273,-2146826273,-2146826273,-2146826273,-2146826273,-2146826273,-2146826273,-2146826273,-2146826273,-2146826273,-2146826273,-2146826273,-2146826273,-2146826273,-2146826273,-2146826273,-2146826273,-2146826273,-2146826273,-2146826273,-2146826273,-2146826273,-2146826273,-2146826273,-2146826273,-2146826273,-2146826273,-2146826273,-2146826273,-2146826273,-2146826273,-2146826273,-2146826273,-2146826273,なし,-2146826273,-2146826273,-2146826273,-2146826273,-2146826273,-2146826273,-2146826273,-2146826273,-2146826273,-2146826273,-2146826273,-2146826273,-2146826273,-2146826273,-2146826273,-2146826273,-2146826273,-2146826273,なし,-2146826273,-2146826273,-2146826273,0,0,0,0,0
20,0,0,0,0,0,0,0,0,0,0,0,0,-2146826246,000,-2146826246,-2146826273,-2146826273,-2146826273,-2146826273,-2146826273,-2146826273,-2146826273,-2146826273,-2146826273,-2146826273,-2146826273,-2146826273,-2146826273,-2146826273,-2146826273,-2146826273,-2146826273,-2146826273,-2146826273,-2146826273,-2146826273,-2146826273,-2146826273,-2146826273,-2146826273,-2146826273,-2146826273,-2146826273,-2146826273,-2146826273,-2146826273,-2146826273,-2146826273,-2146826273,-2146826273,-2146826273,-2146826273,-2146826273,-2146826273,-2146826273,-2146826273,-2146826273,-2146826273,-2146826273,-2146826273,なし,-2146826273,-2146826273,-2146826273,-2146826273,-2146826273,-2146826273,-2146826273,-2146826273,-2146826273,-2146826273,-2146826273,-2146826273,-2146826273,-2146826273,-2146826273,-2146826273,-2146826273,-2146826273,なし,-2146826273,-2146826273,-2146826273,0,0,0,0,0
20,0,0,0,0,0,0,0,0,0,0,0,0,-2146826246,000,-2146826246,-2146826273,-2146826273,-2146826273,-2146826273,-2146826273,-2146826273,-2146826273,-2146826273,-2146826273,-2146826273,-2146826273,-2146826273,-2146826273,-2146826273,-2146826273,-2146826273,-2146826273,-2146826273,-2146826273,-2146826273,-2146826273,-2146826273,-2146826273,-2146826273,-2146826273,-2146826273,-2146826273,-2146826273,-2146826273,-2146826273,-2146826273,-2146826273,-2146826273,-2146826273,-2146826273,-2146826273,-2146826273,-2146826273,-2146826273,-2146826273,-2146826273,-2146826273,-2146826273,-2146826273,-2146826273,なし,-2146826273,-2146826273,-2146826273,-2146826273,-2146826273,-2146826273,-2146826273,-2146826273,-2146826273,-2146826273,-2146826273,-2146826273,-2146826273,-2146826273,-2146826273,-2146826273,-2146826273,-2146826273,なし,-2146826273,-2146826273,-2146826273,0,0,0,0,0
20,0,0,0,0,0,0,0,0,0,0,0,0,-2146826246,000,-2146826246,-2146826273,-2146826273,-2146826273,-2146826273,-2146826273,-2146826273,-2146826273,-2146826273,-2146826273,-2146826273,-2146826273,-2146826273,-2146826273,-2146826273,-2146826273,-2146826273,-2146826273,-2146826273,-2146826273,-2146826273,-2146826273,-2146826273,-2146826273,-2146826273,-2146826273,-2146826273,-2146826273,-2146826273,-2146826273,-2146826273,-2146826273,-2146826273,-2146826273,-2146826273,-2146826273,-2146826273,-2146826273,-2146826273,-2146826273,-2146826273,-2146826273,-2146826273,-2146826273,-2146826273,-2146826273,なし,-2146826273,-2146826273,-2146826273,-2146826273,-2146826273,-2146826273,-2146826273,-2146826273,-2146826273,-2146826273,-2146826273,-2146826273,-2146826273,-2146826273,-2146826273,-2146826273,-2146826273,-2146826273,なし,-2146826273,-2146826273,-2146826273,0,0,0,0,0
20,0,0,0,0,0,0,0,0,0,0,0,0,-2146826246,000,-2146826246,-2146826273,-2146826273,-2146826273,-2146826273,-2146826273,-2146826273,-2146826273,-2146826273,-2146826273,-2146826273,-2146826273,-2146826273,-2146826273,-2146826273,-2146826273,-2146826273,-2146826273,-2146826273,-2146826273,-2146826273,-2146826273,-2146826273,-2146826273,-2146826273,-2146826273,-2146826273,-2146826273,-2146826273,-2146826273,-2146826273,-2146826273,-2146826273,-2146826273,-2146826273,-2146826273,-2146826273,-2146826273,-2146826273,-2146826273,-2146826273,-2146826273,-2146826273,-2146826273,-2146826273,-2146826273,なし,-2146826273,-2146826273,-2146826273,-2146826273,-2146826273,-2146826273,-2146826273,-2146826273,-2146826273,-2146826273,-2146826273,-2146826273,-2146826273,-2146826273,-2146826273,-2146826273,-2146826273,-2146826273,なし,-2146826273,-2146826273,-2146826273,0,0,0,0,0
20,0,0,0,0,0,0,0,0,0,0,0,0,-2146826246,000,-2146826246,-2146826273,-2146826273,-2146826273,-2146826273,-2146826273,-2146826273,-2146826273,-2146826273,-2146826273,-2146826273,-2146826273,-2146826273,-2146826273,-2146826273,-2146826273,-2146826273,-2146826273,-2146826273,-2146826273,-2146826273,-2146826273,-2146826273,-2146826273,-2146826273,-2146826273,-2146826273,-2146826273,-2146826273,-2146826273,-2146826273,-2146826273,-2146826273,-2146826273,-2146826273,-2146826273,-2146826273,-2146826273,-2146826273,-2146826273,-2146826273,-2146826273,-2146826273,-2146826273,-2146826273,-2146826273,なし,-2146826273,-2146826273,-2146826273,-2146826273,-2146826273,-2146826273,-2146826273,-2146826273,-2146826273,-2146826273,-2146826273,-2146826273,-2146826273,-2146826273,-2146826273,-2146826273,-2146826273,-2146826273,なし,-2146826273,-2146826273,-2146826273,0,0,0,0,0
20,0,0,0,0,0,0,0,0,0,0,0,0,-2146826246,000,-2146826246,-2146826273,-2146826273,-2146826273,-2146826273,-2146826273,-2146826273,-2146826273,-2146826273,-2146826273,-2146826273,-2146826273,-2146826273,-2146826273,-2146826273,-2146826273,-2146826273,-2146826273,-2146826273,-2146826273,-2146826273,-2146826273,-2146826273,-2146826273,-2146826273,-2146826273,-2146826273,-2146826273,-2146826273,-2146826273,-2146826273,-2146826273,-2146826273,-2146826273,-2146826273,-2146826273,-2146826273,-2146826273,-2146826273,-2146826273,-2146826273,-2146826273,-2146826273,-2146826273,-2146826273,-2146826273,なし,-2146826273,-2146826273,-2146826273,-2146826273,-2146826273,-2146826273,-2146826273,-2146826273,-2146826273,-2146826273,-2146826273,-2146826273,-2146826273,-2146826273,-2146826273,-2146826273,-2146826273,-2146826273,なし,-2146826273,-2146826273,-2146826273,0,0,0,0,0
20,0,0,0,0,0,0,0,0,0,0,0,0,-2146826246,000,-2146826246,-2146826273,-2146826273,-2146826273,-2146826273,-2146826273,-2146826273,-2146826273,-2146826273,-2146826273,-2146826273,-2146826273,-2146826273,-2146826273,-2146826273,-2146826273,-2146826273,-2146826273,-2146826273,-2146826273,-2146826273,-2146826273,-2146826273,-2146826273,-2146826273,-2146826273,-2146826273,-2146826273,-2146826273,-2146826273,-2146826273,-2146826273,-2146826273,-2146826273,-2146826273,-2146826273,-2146826273,-2146826273,-2146826273,-2146826273,-2146826273,-2146826273,-2146826273,-2146826273,-2146826273,-2146826273,なし,-2146826273,-2146826273,-2146826273,-2146826273,-2146826273,-2146826273,-2146826273,-2146826273,-2146826273,-2146826273,-2146826273,-2146826273,-2146826273,-2146826273,-2146826273,-2146826273,-2146826273,-2146826273,なし,-2146826273,-2146826273,-2146826273,0,0,0,0,0
20,0,0,0,0,0,0,0,0,0,0,0,0,-2146826246,000,-2146826246,-2146826273,-2146826273,-2146826273,-2146826273,-2146826273,-2146826273,-2146826273,-2146826273,-2146826273,-2146826273,-2146826273,-2146826273,-2146826273,-2146826273,-2146826273,-2146826273,-2146826273,-2146826273,-2146826273,-2146826273,-2146826273,-2146826273,-2146826273,-2146826273,-2146826273,-2146826273,-2146826273,-2146826273,-2146826273,-2146826273,-2146826273,-2146826273,-2146826273,-2146826273,-2146826273,-2146826273,-2146826273,-2146826273,-2146826273,-2146826273,-2146826273,-2146826273,-2146826273,-2146826273,-2146826273,なし,-2146826273,-2146826273,-2146826273,-2146826273,-2146826273,-2146826273,-2146826273,-2146826273,-2146826273,-2146826273,-2146826273,-2146826273,-2146826273,-2146826273,-2146826273,-2146826273,-2146826273,-2146826273,なし,-2146826273,-2146826273,-2146826273,0,0,0,0,0
20,0,0,0,0,0,0,0,0,0,0,0,0,-2146826246,000,-2146826246,-2146826273,-2146826273,-2146826273,-2146826273,-2146826273,-2146826273,-2146826273,-2146826273,-2146826273,-2146826273,-2146826273,-2146826273,-2146826273,-2146826273,-2146826273,-2146826273,-2146826273,-2146826273,-2146826273,-2146826273,-2146826273,-2146826273,-2146826273,-2146826273,-2146826273,-2146826273,-2146826273,-2146826273,-2146826273,-2146826273,-2146826273,-2146826273,-2146826273,-2146826273,-2146826273,-2146826273,-2146826273,-2146826273,-2146826273,-2146826273,-2146826273,-2146826273,-2146826273,-2146826273,-2146826273,なし,-2146826273,-2146826273,-2146826273,-2146826273,-2146826273,-2146826273,-2146826273,-2146826273,-2146826273,-2146826273,-2146826273,-2146826273,-2146826273,-2146826273,-2146826273,-2146826273,-2146826273,-2146826273,なし,-2146826273,-2146826273,-2146826273,0,0,0,0,0
20,0,0,0,0,0,0,0,0,0,0,0,0,-2146826246,000,-2146826246,-2146826273,-2146826273,-2146826273,-2146826273,-2146826273,-2146826273,-2146826273,-2146826273,-2146826273,-2146826273,-2146826273,-2146826273,-2146826273,-2146826273,-2146826273,-2146826273,-2146826273,-2146826273,-2146826273,-2146826273,-2146826273,-2146826273,-2146826273,-2146826273,-2146826273,-2146826273,-2146826273,-2146826273,-2146826273,-2146826273,-2146826273,-2146826273,-2146826273,-2146826273,-2146826273,-2146826273,-2146826273,-2146826273,-2146826273,-2146826273,-2146826273,-2146826273,-2146826273,-2146826273,-2146826273,なし,-2146826273,-2146826273,-2146826273,-2146826273,-2146826273,-2146826273,-2146826273,-2146826273,-2146826273,-2146826273,-2146826273,-2146826273,-2146826273,-2146826273,-2146826273,-2146826273,-2146826273,-2146826273,なし,-2146826273,-2146826273,-2146826273,0,0,0,0,0
20,0,0,0,0,0,0,0,0,0,0,0,0,-2146826246,000,-2146826246,-2146826273,-2146826273,-2146826273,-2146826273,-2146826273,-2146826273,-2146826273,-2146826273,-2146826273,-2146826273,-2146826273,-2146826273,-2146826273,-2146826273,-2146826273,-2146826273,-2146826273,-2146826273,-2146826273,-2146826273,-2146826273,-2146826273,-2146826273,-2146826273,-2146826273,-2146826273,-2146826273,-2146826273,-2146826273,-2146826273,-2146826273,-2146826273,-2146826273,-2146826273,-2146826273,-2146826273,-2146826273,-2146826273,-2146826273,-2146826273,-2146826273,-2146826273,-2146826273,-2146826273,-2146826273,なし,-2146826273,-2146826273,-2146826273,-2146826273,-2146826273,-2146826273,-2146826273,-2146826273,-2146826273,-2146826273,-2146826273,-2146826273,-2146826273,-2146826273,-2146826273,-2146826273,-2146826273,-2146826273,なし,-2146826273,-2146826273,-2146826273,0,0,0,0,0
20,0,0,0,0,0,0,0,0,0,0,0,0,-2146826246,000,-2146826246,-2146826273,-2146826273,-2146826273,-2146826273,-2146826273,-2146826273,-2146826273,-2146826273,-2146826273,-2146826273,-2146826273,-2146826273,-2146826273,-2146826273,-2146826273,-2146826273,-2146826273,-2146826273,-2146826273,-2146826273,-2146826273,-2146826273,-2146826273,-2146826273,-2146826273,-2146826273,-2146826273,-2146826273,-2146826273,-2146826273,-2146826273,-2146826273,-2146826273,-2146826273,-2146826273,-2146826273,-2146826273,-2146826273,-2146826273,-2146826273,-2146826273,-2146826273,-2146826273,-2146826273,-2146826273,なし,-2146826273,-2146826273,-2146826273,-2146826273,-2146826273,-2146826273,-2146826273,-2146826273,-2146826273,-2146826273,-2146826273,-2146826273,-2146826273,-2146826273,-2146826273,-2146826273,-2146826273,-2146826273,なし,-2146826273,-2146826273,-2146826273,0,0,0,0,0
20,0,0,0,0,0,0,0,0,0,0,0,0,-2146826246,000,-2146826246,-2146826273,-2146826273,-2146826273,-2146826273,-2146826273,-2146826273,-2146826273,-2146826273,-2146826273,-2146826273,-2146826273,-2146826273,-2146826273,-2146826273,-2146826273,-2146826273,-2146826273,-2146826273,-2146826273,-2146826273,-2146826273,-2146826273,-2146826273,-2146826273,-2146826273,-2146826273,-2146826273,-2146826273,-2146826273,-2146826273,-2146826273,-2146826273,-2146826273,-2146826273,-2146826273,-2146826273,-2146826273,-2146826273,-2146826273,-2146826273,-2146826273,-2146826273,-2146826273,-2146826273,-2146826273,なし,-2146826273,-2146826273,-2146826273,-2146826273,-2146826273,-2146826273,-2146826273,-2146826273,-2146826273,-2146826273,-2146826273,-2146826273,-2146826273,-2146826273,-2146826273,-2146826273,-2146826273,-2146826273,なし,-2146826273,-2146826273,-2146826273,0,0,0,0,0
20,0,0,0,0,0,0,0,0,0,0,0,0,-2146826246,000,-2146826246,-2146826273,-2146826273,-2146826273,-2146826273,-2146826273,-2146826273,-2146826273,-2146826273,-2146826273,-2146826273,-2146826273,-2146826273,-2146826273,-2146826273,-2146826273,-2146826273,-2146826273,-2146826273,-2146826273,-2146826273,-2146826273,-2146826273,-2146826273,-2146826273,-2146826273,-2146826273,-2146826273,-2146826273,-2146826273,-2146826273,-2146826273,-2146826273,-2146826273,-2146826273,-2146826273,-2146826273,-2146826273,-2146826273,-2146826273,-2146826273,-2146826273,-2146826273,-2146826273,-2146826273,-2146826273,なし,-2146826273,-2146826273,-2146826273,-2146826273,-2146826273,-2146826273,-2146826273,-2146826273,-2146826273,-2146826273,-2146826273,-2146826273,-2146826273,-2146826273,-2146826273,-2146826273,-2146826273,-2146826273,なし,-2146826273,-2146826273,-2146826273,0,0,0,0,0
20,0,0,0,0,0,0,0,0,0,0,0,0,-2146826246,000,-2146826246,-2146826273,-2146826273,-2146826273,-2146826273,-2146826273,-2146826273,-2146826273,-2146826273,-2146826273,-2146826273,-2146826273,-2146826273,-2146826273,-2146826273,-2146826273,-2146826273,-2146826273,-2146826273,-2146826273,-2146826273,-2146826273,-2146826273,-2146826273,-2146826273,-2146826273,-2146826273,-2146826273,-2146826273,-2146826273,-2146826273,-2146826273,-2146826273,-2146826273,-2146826273,-2146826273,-2146826273,-2146826273,-2146826273,-2146826273,-2146826273,-2146826273,-2146826273,-2146826273,-2146826273,-2146826273,なし,-2146826273,-2146826273,-2146826273,-2146826273,-2146826273,-2146826273,-2146826273,-2146826273,-2146826273,-2146826273,-2146826273,-2146826273,-2146826273,-2146826273,-2146826273,-2146826273,-2146826273,-2146826273,なし,-2146826273,-2146826273,-2146826273,0,0,0,0,0
20,0,0,0,0,0,0,0,0,0,0,0,0,-2146826246,000,-2146826246,-2146826273,-2146826273,-2146826273,-2146826273,-2146826273,-2146826273,-2146826273,-2146826273,-2146826273,-2146826273,-2146826273,-2146826273,-2146826273,-2146826273,-2146826273,-2146826273,-2146826273,-2146826273,-2146826273,-2146826273,-2146826273,-2146826273,-2146826273,-2146826273,-2146826273,-2146826273,-2146826273,-2146826273,-2146826273,-2146826273,-2146826273,-2146826273,-2146826273,-2146826273,-2146826273,-2146826273,-2146826273,-2146826273,-2146826273,-2146826273,-2146826273,-2146826273,-2146826273,-2146826273,-2146826273,なし,-2146826273,-2146826273,-2146826273,-2146826273,-2146826273,-2146826273,-2146826273,-2146826273,-2146826273,-2146826273,-2146826273,-2146826273,-2146826273,-2146826273,-2146826273,-2146826273,-2146826273,-2146826273,なし,-2146826273,-2146826273,-2146826273,0,0,0,0,0
20,0,0,0,0,0,0,0,0,0,0,0,0,-2146826246,000,-2146826246,-2146826273,-2146826273,-2146826273,-2146826273,-2146826273,-2146826273,-2146826273,-2146826273,-2146826273,-2146826273,-2146826273,-2146826273,-2146826273,-2146826273,-2146826273,-2146826273,-2146826273,-2146826273,-2146826273,-2146826273,-2146826273,-2146826273,-2146826273,-2146826273,-2146826273,-2146826273,-2146826273,-2146826273,-2146826273,-2146826273,-2146826273,-2146826273,-2146826273,-2146826273,-2146826273,-2146826273,-2146826273,-2146826273,-2146826273,-2146826273,-2146826273,-2146826273,-2146826273,-2146826273,-2146826273,なし,-2146826273,-2146826273,-2146826273,-2146826273,-2146826273,-2146826273,-2146826273,-2146826273,-2146826273,-2146826273,-2146826273,-2146826273,-2146826273,-2146826273,-2146826273,-2146826273,-2146826273,-2146826273,なし,-2146826273,-2146826273,-2146826273,0,0,0,0,0
20,0,0,0,0,0,0,0,0,0,0,0,0,-2146826246,000,-2146826246,-2146826273,-2146826273,-2146826273,-2146826273,-2146826273,-2146826273,-2146826273,-2146826273,-2146826273,-2146826273,-2146826273,-2146826273,-2146826273,-2146826273,-2146826273,-2146826273,-2146826273,-2146826273,-2146826273,-2146826273,-2146826273,-2146826273,-2146826273,-2146826273,-2146826273,-2146826273,-2146826273,-2146826273,-2146826273,-2146826273,-2146826273,-2146826273,-2146826273,-2146826273,-2146826273,-2146826273,-2146826273,-2146826273,-2146826273,-2146826273,-2146826273,-2146826273,-2146826273,-2146826273,-2146826273,なし,-2146826273,-2146826273,-2146826273,-2146826273,-2146826273,-2146826273,-2146826273,-2146826273,-2146826273,-2146826273,-2146826273,-2146826273,-2146826273,-2146826273,-2146826273,-2146826273,-2146826273,-2146826273,なし,-2146826273,-2146826273,-2146826273,0,0,0,0,0
20,0,0,0,0,0,0,0,0,0,0,0,0,-2146826246,000,-2146826246,-2146826273,-2146826273,-2146826273,-2146826273,-2146826273,-2146826273,-2146826273,-2146826273,-2146826273,-2146826273,-2146826273,-2146826273,-2146826273,-2146826273,-2146826273,-2146826273,-2146826273,-2146826273,-2146826273,-2146826273,-2146826273,-2146826273,-2146826273,-2146826273,-2146826273,-2146826273,-2146826273,-2146826273,-2146826273,-2146826273,-2146826273,-2146826273,-2146826273,-2146826273,-2146826273,-2146826273,-2146826273,-2146826273,-2146826273,-2146826273,-2146826273,-2146826273,-2146826273,-2146826273,-2146826273,なし,-2146826273,-2146826273,-2146826273,-2146826273,-2146826273,-2146826273,-2146826273,-2146826273,-2146826273,-2146826273,-2146826273,-2146826273,-2146826273,-2146826273,-2146826273,-2146826273,-2146826273,-2146826273,なし,-2146826273,-2146826273,-2146826273,0,0,0,0,0
20,0,0,0,0,0,0,0,0,0,0,0,0,-2146826246,000,-2146826246,-2146826273,-2146826273,-2146826273,-2146826273,-2146826273,-2146826273,-2146826273,-2146826273,-2146826273,-2146826273,-2146826273,-2146826273,-2146826273,-2146826273,-2146826273,-2146826273,-2146826273,-2146826273,-2146826273,-2146826273,-2146826273,-2146826273,-2146826273,-2146826273,-2146826273,-2146826273,-2146826273,-2146826273,-2146826273,-2146826273,-2146826273,-2146826273,-2146826273,-2146826273,-2146826273,-2146826273,-2146826273,-2146826273,-2146826273,-2146826273,-2146826273,-2146826273,-2146826273,-2146826273,-2146826273,なし,-2146826273,-2146826273,-2146826273,-2146826273,-2146826273,-2146826273,-2146826273,-2146826273,-2146826273,-2146826273,-2146826273,-2146826273,-2146826273,-2146826273,-2146826273,-2146826273,-2146826273,-2146826273,なし,-2146826273,-2146826273,-2146826273,0,0,0,0,0
20,0,0,0,0,0,0,0,0,0,0,0,0,-2146826246,000,-2146826246,-2146826273,-2146826273,-2146826273,-2146826273,-2146826273,-2146826273,-2146826273,-2146826273,-2146826273,-2146826273,-2146826273,-2146826273,-2146826273,-2146826273,-2146826273,-2146826273,-2146826273,-2146826273,-2146826273,-2146826273,-2146826273,-2146826273,-2146826273,-2146826273,-2146826273,-2146826273,-2146826273,-2146826273,-2146826273,-2146826273,-2146826273,-2146826273,-2146826273,-2146826273,-2146826273,-2146826273,-2146826273,-2146826273,-2146826273,-2146826273,-2146826273,-2146826273,-2146826273,-2146826273,-2146826273,なし,-2146826273,-2146826273,-2146826273,-2146826273,-2146826273,-2146826273,-2146826273,-2146826273,-2146826273,-2146826273,-2146826273,-2146826273,-2146826273,-2146826273,-2146826273,-2146826273,-2146826273,-2146826273,なし,-2146826273,-2146826273,-2146826273,0,0,0,0,0
20,0,0,0,0,0,0,0,0,0,0,0,0,-2146826246,000,-2146826246,-2146826273,-2146826273,-2146826273,-2146826273,-2146826273,-2146826273,-2146826273,-2146826273,-2146826273,-2146826273,-2146826273,-2146826273,-2146826273,-2146826273,-2146826273,-2146826273,-2146826273,-2146826273,-2146826273,-2146826273,-2146826273,-2146826273,-2146826273,-2146826273,-2146826273,-2146826273,-2146826273,-2146826273,-2146826273,-2146826273,-2146826273,-2146826273,-2146826273,-2146826273,-2146826273,-2146826273,-2146826273,-2146826273,-2146826273,-2146826273,-2146826273,-2146826273,-2146826273,-2146826273,-2146826273,なし,-2146826273,-2146826273,-2146826273,-2146826273,-2146826273,-2146826273,-2146826273,-2146826273,-2146826273,-2146826273,-2146826273,-2146826273,-2146826273,-2146826273,-2146826273,-2146826273,-2146826273,-2146826273,なし,-2146826273,-2146826273,-2146826273,0,0,0,0,0
20,0,0,0,0,0,0,0,0,0,0,0,0,-2146826246,000,-2146826246,-2146826273,-2146826273,-2146826273,-2146826273,-2146826273,-2146826273,-2146826273,-2146826273,-2146826273,-2146826273,-2146826273,-2146826273,-2146826273,-2146826273,-2146826273,-2146826273,-2146826273,-2146826273,-2146826273,-2146826273,-2146826273,-2146826273,-2146826273,-2146826273,-2146826273,-2146826273,-2146826273,-2146826273,-2146826273,-2146826273,-2146826273,-2146826273,-2146826273,-2146826273,-2146826273,-2146826273,-2146826273,-2146826273,-2146826273,-2146826273,-2146826273,-2146826273,-2146826273,-2146826273,-2146826273,なし,-2146826273,-2146826273,-2146826273,-2146826273,-2146826273,-2146826273,-2146826273,-2146826273,-2146826273,-2146826273,-2146826273,-2146826273,-2146826273,-2146826273,-2146826273,-2146826273,-2146826273,-2146826273,なし,-2146826273,-2146826273,-2146826273,0,0,0,0,0
20,0,0,0,0,0,0,0,0,0,0,0,0,-2146826246,000,-2146826246,-2146826273,-2146826273,-2146826273,-2146826273,-2146826273,-2146826273,-2146826273,-2146826273,-2146826273,-2146826273,-2146826273,-2146826273,-2146826273,-2146826273,-2146826273,-2146826273,-2146826273,-2146826273,-2146826273,-2146826273,-2146826273,-2146826273,-2146826273,-2146826273,-2146826273,-2146826273,-2146826273,-2146826273,-2146826273,-2146826273,-2146826273,-2146826273,-2146826273,-2146826273,-2146826273,-2146826273,-2146826273,-2146826273,-2146826273,-2146826273,-2146826273,-2146826273,-2146826273,-2146826273,-2146826273,なし,-2146826273,-2146826273,-2146826273,-2146826273,-2146826273,-2146826273,-2146826273,-2146826273,-2146826273,-2146826273,-2146826273,-2146826273,-2146826273,-2146826273,-2146826273,-2146826273,-2146826273,-2146826273,なし,-2146826273,-2146826273,-2146826273,0,0,0,0,0
20,0,0,0,0,0,0,0,0,0,0,0,0,-2146826246,000,-2146826246,-2146826273,-2146826273,-2146826273,-2146826273,-2146826273,-2146826273,-2146826273,-2146826273,-2146826273,-2146826273,-2146826273,-2146826273,-2146826273,-2146826273,-2146826273,-2146826273,-2146826273,-2146826273,-2146826273,-2146826273,-2146826273,-2146826273,-2146826273,-2146826273,-2146826273,-2146826273,-2146826273,-2146826273,-2146826273,-2146826273,-2146826273,-2146826273,-2146826273,-2146826273,-2146826273,-2146826273,-2146826273,-2146826273,-2146826273,-2146826273,-2146826273,-2146826273,-2146826273,-2146826273,-2146826273,なし,-2146826273,-2146826273,-2146826273,-2146826273,-2146826273,-2146826273,-2146826273,-2146826273,-2146826273,-2146826273,-2146826273,-2146826273,-2146826273,-2146826273,-2146826273,-2146826273,-2146826273,-2146826273,なし,-2146826273,-2146826273,-2146826273,0,0,0,0,0
20,0,0,0,0,0,0,0,0,0,0,0,0,-2146826246,000,-2146826246,-2146826273,-2146826273,-2146826273,-2146826273,-2146826273,-2146826273,-2146826273,-2146826273,-2146826273,-2146826273,-2146826273,-2146826273,-2146826273,-2146826273,-2146826273,-2146826273,-2146826273,-2146826273,-2146826273,-2146826273,-2146826273,-2146826273,-2146826273,-2146826273,-2146826273,-2146826273,-2146826273,-2146826273,-2146826273,-2146826273,-2146826273,-2146826273,-2146826273,-2146826273,-2146826273,-2146826273,-2146826273,-2146826273,-2146826273,-2146826273,-2146826273,-2146826273,-2146826273,-2146826273,-2146826273,なし,-2146826273,-2146826273,-2146826273,-2146826273,-2146826273,-2146826273,-2146826273,-2146826273,-2146826273,-2146826273,-2146826273,-2146826273,-2146826273,-2146826273,-2146826273,-2146826273,-2146826273,-2146826273,なし,-2146826273,-2146826273,-2146826273,0,0,0,0,0
20,0,0,0,0,0,0,0,0,0,0,0,0,-2146826246,000,-2146826246,-2146826273,-2146826273,-2146826273,-2146826273,-2146826273,-2146826273,-2146826273,-2146826273,-2146826273,-2146826273,-2146826273,-2146826273,-2146826273,-2146826273,-2146826273,-2146826273,-2146826273,-2146826273,-2146826273,-2146826273,-2146826273,-2146826273,-2146826273,-2146826273,-2146826273,-2146826273,-2146826273,-2146826273,-2146826273,-2146826273,-2146826273,-2146826273,-2146826273,-2146826273,-2146826273,-2146826273,-2146826273,-2146826273,-2146826273,-2146826273,-2146826273,-2146826273,-2146826273,-2146826273,-2146826273,なし,-2146826273,-2146826273,-2146826273,-2146826273,-2146826273,-2146826273,-2146826273,-2146826273,-2146826273,-2146826273,-2146826273,-2146826273,-2146826273,-2146826273,-2146826273,-2146826273,-2146826273,-2146826273,なし,-2146826273,-2146826273,-2146826273,0,0,0,0,0
20,0,0,0,0,0,0,0,0,0,0,0,0,-2146826246,000,-2146826246,-2146826273,-2146826273,-2146826273,-2146826273,-2146826273,-2146826273,-2146826273,-2146826273,-2146826273,-2146826273,-2146826273,-2146826273,-2146826273,-2146826273,-2146826273,-2146826273,-2146826273,-2146826273,-2146826273,-2146826273,-2146826273,-2146826273,-2146826273,-2146826273,-2146826273,-2146826273,-2146826273,-2146826273,-2146826273,-2146826273,-2146826273,-2146826273,-2146826273,-2146826273,-2146826273,-2146826273,-2146826273,-2146826273,-2146826273,-2146826273,-2146826273,-2146826273,-2146826273,-2146826273,-2146826273,なし,-2146826273,-2146826273,-2146826273,-2146826273,-2146826273,-2146826273,-2146826273,-2146826273,-2146826273,-2146826273,-2146826273,-2146826273,-2146826273,-2146826273,-2146826273,-2146826273,-2146826273,-2146826273,なし,-2146826273,-2146826273,-2146826273,0,0,0,0,0
20,0,0,0,0,0,0,0,0,0,0,0,0,-2146826246,000,-2146826246,-2146826273,-2146826273,-2146826273,-2146826273,-2146826273,-2146826273,-2146826273,-2146826273,-2146826273,-2146826273,-2146826273,-2146826273,-2146826273,-2146826273,-2146826273,-2146826273,-2146826273,-2146826273,-2146826273,-2146826273,-2146826273,-2146826273,-2146826273,-2146826273,-2146826273,-2146826273,-2146826273,-2146826273,-2146826273,-2146826273,-2146826273,-2146826273,-2146826273,-2146826273,-2146826273,-2146826273,-2146826273,-2146826273,-2146826273,-2146826273,-2146826273,-2146826273,-2146826273,-2146826273,-2146826273,なし,-2146826273,-2146826273,-2146826273,-2146826273,-2146826273,-2146826273,-2146826273,-2146826273,-2146826273,-2146826273,-2146826273,-2146826273,-2146826273,-2146826273,-2146826273,-2146826273,-2146826273,-2146826273,なし,-2146826273,-2146826273,-2146826273,0,0,0,0,0
20,0,0,0,0,0,0,0,0,0,0,0,0,-2146826246,000,-2146826246,-2146826273,-2146826273,-2146826273,-2146826273,-2146826273,-2146826273,-2146826273,-2146826273,-2146826273,-2146826273,-2146826273,-2146826273,-2146826273,-2146826273,-2146826273,-2146826273,-2146826273,-2146826273,-2146826273,-2146826273,-2146826273,-2146826273,-2146826273,-2146826273,-2146826273,-2146826273,-2146826273,-2146826273,-2146826273,-2146826273,-2146826273,-2146826273,-2146826273,-2146826273,-2146826273,-2146826273,-2146826273,-2146826273,-2146826273,-2146826273,-2146826273,-2146826273,-2146826273,-2146826273,-2146826273,なし,-2146826273,-2146826273,-2146826273,-2146826273,-2146826273,-2146826273,-2146826273,-2146826273,-2146826273,-2146826273,-2146826273,-2146826273,-2146826273,-2146826273,-2146826273,-2146826273,-2146826273,-2146826273,なし,-2146826273,-2146826273,-2146826273,0,0,0,0,0
20,0,0,0,0,0,0,0,0,0,0,0,0,-2146826246,000,-2146826246,-2146826273,-2146826273,-2146826273,-2146826273,-2146826273,-2146826273,-2146826273,-2146826273,-2146826273,-2146826273,-2146826273,-2146826273,-2146826273,-2146826273,-2146826273,-2146826273,-2146826273,-2146826273,-2146826273,-2146826273,-2146826273,-2146826273,-2146826273,-2146826273,-2146826273,-2146826273,-2146826273,-2146826273,-2146826273,-2146826273,-2146826273,-2146826273,-2146826273,-2146826273,-2146826273,-2146826273,-2146826273,-2146826273,-2146826273,-2146826273,-2146826273,-2146826273,-2146826273,-2146826273,-2146826273,なし,-2146826273,-2146826273,-2146826273,-2146826273,-2146826273,-2146826273,-2146826273,-2146826273,-2146826273,-2146826273,-2146826273,-2146826273,-2146826273,-2146826273,-2146826273,-2146826273,-2146826273,-2146826273,なし,-2146826273,-2146826273,-2146826273,0,0,0,0,0
20,0,0,0,0,0,0,0,0,0,0,0,0,-2146826246,000,-2146826246,-2146826273,-2146826273,-2146826273,-2146826273,-2146826273,-2146826273,-2146826273,-2146826273,-2146826273,-2146826273,-2146826273,-2146826273,-2146826273,-2146826273,-2146826273,-2146826273,-2146826273,-2146826273,-2146826273,-2146826273,-2146826273,-2146826273,-2146826273,-2146826273,-2146826273,-2146826273,-2146826273,-2146826273,-2146826273,-2146826273,-2146826273,-2146826273,-2146826273,-2146826273,-2146826273,-2146826273,-2146826273,-2146826273,-2146826273,-2146826273,-2146826273,-2146826273,-2146826273,-2146826273,-2146826273,なし,-2146826273,-2146826273,-2146826273,-2146826273,-2146826273,-2146826273,-2146826273,-2146826273,-2146826273,-2146826273,-2146826273,-2146826273,-2146826273,-2146826273,-2146826273,-2146826273,-2146826273,-2146826273,なし,-2146826273,-2146826273,-2146826273,0,0,0,0,0
20,0,0,0,0,0,0,0,0,0,0,0,0,-2146826246,000,-2146826246,-2146826273,-2146826273,-2146826273,-2146826273,-2146826273,-2146826273,-2146826273,-2146826273,-2146826273,-2146826273,-2146826273,-2146826273,-2146826273,-2146826273,-2146826273,-2146826273,-2146826273,-2146826273,-2146826273,-2146826273,-2146826273,-2146826273,-2146826273,-2146826273,-2146826273,-2146826273,-2146826273,-2146826273,-2146826273,-2146826273,-2146826273,-2146826273,-2146826273,-2146826273,-2146826273,-2146826273,-2146826273,-2146826273,-2146826273,-2146826273,-2146826273,-2146826273,-2146826273,-2146826273,-2146826273,なし,-2146826273,-2146826273,-2146826273,-2146826273,-2146826273,-2146826273,-2146826273,-2146826273,-2146826273,-2146826273,-2146826273,-2146826273,-2146826273,-2146826273,-2146826273,-2146826273,-2146826273,-2146826273,なし,-2146826273,-2146826273,-2146826273,0,0,0,0,0
20,0,0,0,0,0,0,0,0,0,0,0,0,-2146826246,000,-2146826246,-2146826273,-2146826273,-2146826273,-2146826273,-2146826273,-2146826273,-2146826273,-2146826273,-2146826273,-2146826273,-2146826273,-2146826273,-2146826273,-2146826273,-2146826273,-2146826273,-2146826273,-2146826273,-2146826273,-2146826273,-2146826273,-2146826273,-2146826273,-2146826273,-2146826273,-2146826273,-2146826273,-2146826273,-2146826273,-2146826273,-2146826273,-2146826273,-2146826273,-2146826273,-2146826273,-2146826273,-2146826273,-2146826273,-2146826273,-2146826273,-2146826273,-2146826273,-2146826273,-2146826273,-2146826273,なし,-2146826273,-2146826273,-2146826273,-2146826273,-2146826273,-2146826273,-2146826273,-2146826273,-2146826273,-2146826273,-2146826273,-2146826273,-2146826273,-2146826273,-2146826273,-2146826273,-2146826273,-2146826273,なし,-2146826273,-2146826273,-2146826273,0,0,0,0,0
20,0,0,0,0,0,0,0,0,0,0,0,0,-2146826246,000,-2146826246,-2146826273,-2146826273,-2146826273,-2146826273,-2146826273,-2146826273,-2146826273,-2146826273,-2146826273,-2146826273,-2146826273,-2146826273,-2146826273,-2146826273,-2146826273,-2146826273,-2146826273,-2146826273,-2146826273,-2146826273,-2146826273,-2146826273,-2146826273,-2146826273,-2146826273,-2146826273,-2146826273,-2146826273,-2146826273,-2146826273,-2146826273,-2146826273,-2146826273,-2146826273,-2146826273,-2146826273,-2146826273,-2146826273,-2146826273,-2146826273,-2146826273,-2146826273,-2146826273,-2146826273,-2146826273,なし,-2146826273,-2146826273,-2146826273,-2146826273,-2146826273,-2146826273,-2146826273,-2146826273,-2146826273,-2146826273,-2146826273,-2146826273,-2146826273,-2146826273,-2146826273,-2146826273,-2146826273,-2146826273,なし,-2146826273,-2146826273,-2146826273,0,0,0,0,0
20,0,0,0,0,0,0,0,0,0,0,0,0,-2146826246,000,-2146826246,-2146826273,-2146826273,-2146826273,-2146826273,-2146826273,-2146826273,-2146826273,-2146826273,-2146826273,-2146826273,-2146826273,-2146826273,-2146826273,-2146826273,-2146826273,-2146826273,-2146826273,-2146826273,-2146826273,-2146826273,-2146826273,-2146826273,-2146826273,-2146826273,-2146826273,-2146826273,-2146826273,-2146826273,-2146826273,-2146826273,-2146826273,-2146826273,-2146826273,-2146826273,-2146826273,-2146826273,-2146826273,-2146826273,-2146826273,-2146826273,-2146826273,-2146826273,-2146826273,-2146826273,-2146826273,なし,-2146826273,-2146826273,-2146826273,-2146826273,-2146826273,-2146826273,-2146826273,-2146826273,-2146826273,-2146826273,-2146826273,-2146826273,-2146826273,-2146826273,-2146826273,-2146826273,-2146826273,-2146826273,なし,-2146826273,-2146826273,-2146826273,0,0,0,0,0
20,0,0,0,0,0,0,0,0,0,0,0,0,-2146826246,000,-2146826246,-2146826273,-2146826273,-2146826273,-2146826273,-2146826273,-2146826273,-2146826273,-2146826273,-2146826273,-2146826273,-2146826273,-2146826273,-2146826273,-2146826273,-2146826273,-2146826273,-2146826273,-2146826273,-2146826273,-2146826273,-2146826273,-2146826273,-2146826273,-2146826273,-2146826273,-2146826273,-2146826273,-2146826273,-2146826273,-2146826273,-2146826273,-2146826273,-2146826273,-2146826273,-2146826273,-2146826273,-2146826273,-2146826273,-2146826273,-2146826273,-2146826273,-2146826273,-2146826273,-2146826273,-2146826273,なし,-2146826273,-2146826273,-2146826273,-2146826273,-2146826273,-2146826273,-2146826273,-2146826273,-2146826273,-2146826273,-2146826273,-2146826273,-2146826273,-2146826273,-2146826273,-2146826273,-2146826273,-2146826273,なし,-2146826273,-2146826273,-2146826273,0,0,0,0,0
20,0,0,0,0,0,0,0,0,0,0,0,0,-2146826246,000,-2146826246,-2146826273,-2146826273,-2146826273,-2146826273,-2146826273,-2146826273,-2146826273,-2146826273,-2146826273,-2146826273,-2146826273,-2146826273,-2146826273,-2146826273,-2146826273,-2146826273,-2146826273,-2146826273,-2146826273,-2146826273,-2146826273,-2146826273,-2146826273,-2146826273,-2146826273,-2146826273,-2146826273,-2146826273,-2146826273,-2146826273,-2146826273,-2146826273,-2146826273,-2146826273,-2146826273,-2146826273,-2146826273,-2146826273,-2146826273,-2146826273,-2146826273,-2146826273,-2146826273,-2146826273,-2146826273,なし,-2146826273,-2146826273,-2146826273,-2146826273,-2146826273,-2146826273,-2146826273,-2146826273,-2146826273,-2146826273,-2146826273,-2146826273,-2146826273,-2146826273,-2146826273,-2146826273,-2146826273,-2146826273,なし,-2146826273,-2146826273,-2146826273,0,0,0,0,0
20,0,0,0,0,0,0,0,0,0,0,0,0,-2146826246,000,-2146826246,-2146826273,-2146826273,-2146826273,-2146826273,-2146826273,-2146826273,-2146826273,-2146826273,-2146826273,-2146826273,-2146826273,-2146826273,-2146826273,-2146826273,-2146826273,-2146826273,-2146826273,-2146826273,-2146826273,-2146826273,-2146826273,-2146826273,-2146826273,-2146826273,-2146826273,-2146826273,-2146826273,-2146826273,-2146826273,-2146826273,-2146826273,-2146826273,-2146826273,-2146826273,-2146826273,-2146826273,-2146826273,-2146826273,-2146826273,-2146826273,-2146826273,-2146826273,-2146826273,-2146826273,-2146826273,なし,-2146826273,-2146826273,-2146826273,-2146826273,-2146826273,-2146826273,-2146826273,-2146826273,-2146826273,-2146826273,-2146826273,-2146826273,-2146826273,-2146826273,-2146826273,-2146826273,-2146826273,-2146826273,なし,-2146826273,-2146826273,-2146826273,0,0,0,0,0
20,0,0,0,0,0,0,0,0,0,0,0,0,-2146826246,000,-2146826246,-2146826273,-2146826273,-2146826273,-2146826273,-2146826273,-2146826273,-2146826273,-2146826273,-2146826273,-2146826273,-2146826273,-2146826273,-2146826273,-2146826273,-2146826273,-2146826273,-2146826273,-2146826273,-2146826273,-2146826273,-2146826273,-2146826273,-2146826273,-2146826273,-2146826273,-2146826273,-2146826273,-2146826273,-2146826273,-2146826273,-2146826273,-2146826273,-2146826273,-2146826273,-2146826273,-2146826273,-2146826273,-2146826273,-2146826273,-2146826273,-2146826273,-2146826273,-2146826273,-2146826273,-2146826273,なし,-2146826273,-2146826273,-2146826273,-2146826273,-2146826273,-2146826273,-2146826273,-2146826273,-2146826273,-2146826273,-2146826273,-2146826273,-2146826273,-2146826273,-2146826273,-2146826273,-2146826273,-2146826273,なし,-2146826273,-2146826273,-2146826273,0,0,0,0,0
20,0,0,0,0,0,0,0,0,0,0,0,0,-2146826246,000,-2146826246,-2146826273,-2146826273,-2146826273,-2146826273,-2146826273,-2146826273,-2146826273,-2146826273,-2146826273,-2146826273,-2146826273,-2146826273,-2146826273,-2146826273,-2146826273,-2146826273,-2146826273,-2146826273,-2146826273,-2146826273,-2146826273,-2146826273,-2146826273,-2146826273,-2146826273,-2146826273,-2146826273,-2146826273,-2146826273,-2146826273,-2146826273,-2146826273,-2146826273,-2146826273,-2146826273,-2146826273,-2146826273,-2146826273,-2146826273,-2146826273,-2146826273,-2146826273,-2146826273,-2146826273,-2146826273,なし,-2146826273,-2146826273,-2146826273,-2146826273,-2146826273,-2146826273,-2146826273,-2146826273,-2146826273,-2146826273,-2146826273,-2146826273,-2146826273,-2146826273,-2146826273,-2146826273,-2146826273,-2146826273,なし,-2146826273,-2146826273,-2146826273,0,0,0,0,0
20,0,0,0,0,0,0,0,0,0,0,0,0,-2146826246,000,-2146826246,-2146826273,-2146826273,-2146826273,-2146826273,-2146826273,-2146826273,-2146826273,-2146826273,-2146826273,-2146826273,-2146826273,-2146826273,-2146826273,-2146826273,-2146826273,-2146826273,-2146826273,-2146826273,-2146826273,-2146826273,-2146826273,-2146826273,-2146826273,-2146826273,-2146826273,-2146826273,-2146826273,-2146826273,-2146826273,-2146826273,-2146826273,-2146826273,-2146826273,-2146826273,-2146826273,-2146826273,-2146826273,-2146826273,-2146826273,-2146826273,-2146826273,-2146826273,-2146826273,-2146826273,-2146826273,なし,-2146826273,-2146826273,-2146826273,-2146826273,-2146826273,-2146826273,-2146826273,-2146826273,-2146826273,-2146826273,-2146826273,-2146826273,-2146826273,-2146826273,-2146826273,-2146826273,-2146826273,-2146826273,なし,-2146826273,-2146826273,-2146826273,0,0,0,0,0
20,0,0,0,0,0,0,0,0,0,0,0,0,-2146826246,000,-2146826246,-2146826273,-2146826273,-2146826273,-2146826273,-2146826273,-2146826273,-2146826273,-2146826273,-2146826273,-2146826273,-2146826273,-2146826273,-2146826273,-2146826273,-2146826273,-2146826273,-2146826273,-2146826273,-2146826273,-2146826273,-2146826273,-2146826273,-2146826273,-2146826273,-2146826273,-2146826273,-2146826273,-2146826273,-2146826273,-2146826273,-2146826273,-2146826273,-2146826273,-2146826273,-2146826273,-2146826273,-2146826273,-2146826273,-2146826273,-2146826273,-2146826273,-2146826273,-2146826273,-2146826273,-2146826273,なし,-2146826273,-2146826273,-2146826273,-2146826273,-2146826273,-2146826273,-2146826273,-2146826273,-2146826273,-2146826273,-2146826273,-2146826273,-2146826273,-2146826273,-2146826273,-2146826273,-2146826273,-2146826273,なし,-2146826273,-2146826273,-2146826273,0,0,0,0,0
20,0,0,0,0,0,0,0,0,0,0,0,0,-2146826246,000,-2146826246,-2146826273,-2146826273,-2146826273,-2146826273,-2146826273,-2146826273,-2146826273,-2146826273,-2146826273,-2146826273,-2146826273,-2146826273,-2146826273,-2146826273,-2146826273,-2146826273,-2146826273,-2146826273,-2146826273,-2146826273,-2146826273,-2146826273,-2146826273,-2146826273,-2146826273,-2146826273,-2146826273,-2146826273,-2146826273,-2146826273,-2146826273,-2146826273,-2146826273,-2146826273,-2146826273,-2146826273,-2146826273,-2146826273,-2146826273,-2146826273,-2146826273,-2146826273,-2146826273,-2146826273,-2146826273,なし,-2146826273,-2146826273,-2146826273,-2146826273,-2146826273,-2146826273,-2146826273,-2146826273,-2146826273,-2146826273,-2146826273,-2146826273,-2146826273,-2146826273,-2146826273,-2146826273,-2146826273,-2146826273,なし,-2146826273,-2146826273,-2146826273,0,0,0,0,0
20,0,0,0,0,0,0,0,0,0,0,0,0,-2146826246,000,-2146826246,-2146826273,-2146826273,-2146826273,-2146826273,-2146826273,-2146826273,-2146826273,-2146826273,-2146826273,-2146826273,-2146826273,-2146826273,-2146826273,-2146826273,-2146826273,-2146826273,-2146826273,-2146826273,-2146826273,-2146826273,-2146826273,-2146826273,-2146826273,-2146826273,-2146826273,-2146826273,-2146826273,-2146826273,-2146826273,-2146826273,-2146826273,-2146826273,-2146826273,-2146826273,-2146826273,-2146826273,-2146826273,-2146826273,-2146826273,-2146826273,-2146826273,-2146826273,-2146826273,-2146826273,-2146826273,なし,-2146826273,-2146826273,-2146826273,-2146826273,-2146826273,-2146826273,-2146826273,-2146826273,-2146826273,-2146826273,-2146826273,-2146826273,-2146826273,-2146826273,-2146826273,-2146826273,-2146826273,-2146826273,なし,-2146826273,-2146826273,-2146826273,0,0,0,0,0
20,0,0,0,0,0,0,0,0,0,0,0,0,-2146826246,000,-2146826246,-2146826273,-2146826273,-2146826273,-2146826273,-2146826273,-2146826273,-2146826273,-2146826273,-2146826273,-2146826273,-2146826273,-2146826273,-2146826273,-2146826273,-2146826273,-2146826273,-2146826273,-2146826273,-2146826273,-2146826273,-2146826273,-2146826273,-2146826273,-2146826273,-2146826273,-2146826273,-2146826273,-2146826273,-2146826273,-2146826273,-2146826273,-2146826273,-2146826273,-2146826273,-2146826273,-2146826273,-2146826273,-2146826273,-2146826273,-2146826273,-2146826273,-2146826273,-2146826273,-2146826273,-2146826273,なし,-2146826273,-2146826273,-2146826273,-2146826273,-2146826273,-2146826273,-2146826273,-2146826273,-2146826273,-2146826273,-2146826273,-2146826273,-2146826273,-2146826273,-2146826273,-2146826273,-2146826273,-2146826273,なし,-2146826273,-2146826273,-2146826273,0,0,0,0,0
20,0,0,0,0,0,0,0,0,0,0,0,0,-2146826246,000,-2146826246,-2146826273,-2146826273,-2146826273,-2146826273,-2146826273,-2146826273,-2146826273,-2146826273,-2146826273,-2146826273,-2146826273,-2146826273,-2146826273,-2146826273,-2146826273,-2146826273,-2146826273,-2146826273,-2146826273,-2146826273,-2146826273,-2146826273,-2146826273,-2146826273,-2146826273,-2146826273,-2146826273,-2146826273,-2146826273,-2146826273,-2146826273,-2146826273,-2146826273,-2146826273,-2146826273,-2146826273,-2146826273,-2146826273,-2146826273,-2146826273,-2146826273,-2146826273,-2146826273,-2146826273,-2146826273,なし,-2146826273,-2146826273,-2146826273,-2146826273,-2146826273,-2146826273,-2146826273,-2146826273,-2146826273,-2146826273,-2146826273,-2146826273,-2146826273,-2146826273,-2146826273,-2146826273,-2146826273,-2146826273,なし,-2146826273,-2146826273,-2146826273,0,0,0,0,0
20,0,0,0,0,0,0,0,0,0,0,0,0,-2146826246,000,-2146826246,-2146826273,-2146826273,-2146826273,-2146826273,-2146826273,-2146826273,-2146826273,-2146826273,-2146826273,-2146826273,-2146826273,-2146826273,-2146826273,-2146826273,-2146826273,-2146826273,-2146826273,-2146826273,-2146826273,-2146826273,-2146826273,-2146826273,-2146826273,-2146826273,-2146826273,-2146826273,-2146826273,-2146826273,-2146826273,-2146826273,-2146826273,-2146826273,-2146826273,-2146826273,-2146826273,-2146826273,-2146826273,-2146826273,-2146826273,-2146826273,-2146826273,-2146826273,-2146826273,-2146826273,-2146826273,なし,-2146826273,-2146826273,-2146826273,-2146826273,-2146826273,-2146826273,-2146826273,-2146826273,-2146826273,-2146826273,-2146826273,-2146826273,-2146826273,-2146826273,-2146826273,-2146826273,-2146826273,-2146826273,なし,-2146826273,-2146826273,-2146826273,0,0,0,0,0
20,0,0,0,0,0,0,0,0,0,0,0,0,-2146826246,000,-2146826246,-2146826273,-2146826273,-2146826273,-2146826273,-2146826273,-2146826273,-2146826273,-2146826273,-2146826273,-2146826273,-2146826273,-2146826273,-2146826273,-2146826273,-2146826273,-2146826273,-2146826273,-2146826273,-2146826273,-2146826273,-2146826273,-2146826273,-2146826273,-2146826273,-2146826273,-2146826273,-2146826273,-2146826273,-2146826273,-2146826273,-2146826273,-2146826273,-2146826273,-2146826273,-2146826273,-2146826273,-2146826273,-2146826273,-2146826273,-2146826273,-2146826273,-2146826273,-2146826273,-2146826273,-2146826273,なし,-2146826273,-2146826273,-2146826273,-2146826273,-2146826273,-2146826273,-2146826273,-2146826273,-2146826273,-2146826273,-2146826273,-2146826273,-2146826273,-2146826273,-2146826273,-2146826273,-2146826273,-2146826273,なし,-2146826273,-2146826273,-2146826273,0,0,0,0,0
20,0,0,0,0,0,0,0,0,0,0,0,0,-2146826246,000,-2146826246,-2146826273,-2146826273,-2146826273,-2146826273,-2146826273,-2146826273,-2146826273,-2146826273,-2146826273,-2146826273,-2146826273,-2146826273,-2146826273,-2146826273,-2146826273,-2146826273,-2146826273,-2146826273,-2146826273,-2146826273,-2146826273,-2146826273,-2146826273,-2146826273,-2146826273,-2146826273,-2146826273,-2146826273,-2146826273,-2146826273,-2146826273,-2146826273,-2146826273,-2146826273,-2146826273,-2146826273,-2146826273,-2146826273,-2146826273,-2146826273,-2146826273,-2146826273,-2146826273,-2146826273,-2146826273,なし,-2146826273,-2146826273,-2146826273,-2146826273,-2146826273,-2146826273,-2146826273,-2146826273,-2146826273,-2146826273,-2146826273,-2146826273,-2146826273,-2146826273,-2146826273,-2146826273,-2146826273,-2146826273,なし,-2146826273,-2146826273,-2146826273,0,0,0,0,0
20,0,0,0,0,0,0,0,0,0,0,0,0,-2146826246,000,-2146826246,-2146826273,-2146826273,-2146826273,-2146826273,-2146826273,-2146826273,-2146826273,-2146826273,-2146826273,-2146826273,-2146826273,-2146826273,-2146826273,-2146826273,-2146826273,-2146826273,-2146826273,-2146826273,-2146826273,-2146826273,-2146826273,-2146826273,-2146826273,-2146826273,-2146826273,-2146826273,-2146826273,-2146826273,-2146826273,-2146826273,-2146826273,-2146826273,-2146826273,-2146826273,-2146826273,-2146826273,-2146826273,-2146826273,-2146826273,-2146826273,-2146826273,-2146826273,-2146826273,-2146826273,-2146826273,なし,-2146826273,-2146826273,-2146826273,-2146826273,-2146826273,-2146826273,-2146826273,-2146826273,-2146826273,-2146826273,-2146826273,-2146826273,-2146826273,-2146826273,-2146826273,-2146826273,-2146826273,-2146826273,なし,-2146826273,-2146826273,-2146826273,0,0,0,0,0
20,0,0,0,0,0,0,0,0,0,0,0,0,-2146826246,000,-2146826246,-2146826273,-2146826273,-2146826273,-2146826273,-2146826273,-2146826273,-2146826273,-2146826273,-2146826273,-2146826273,-2146826273,-2146826273,-2146826273,-2146826273,-2146826273,-2146826273,-2146826273,-2146826273,-2146826273,-2146826273,-2146826273,-2146826273,-2146826273,-2146826273,-2146826273,-2146826273,-2146826273,-2146826273,-2146826273,-2146826273,-2146826273,-2146826273,-2146826273,-2146826273,-2146826273,-2146826273,-2146826273,-2146826273,-2146826273,-2146826273,-2146826273,-2146826273,-2146826273,-2146826273,-2146826273,なし,-2146826273,-2146826273,-2146826273,-2146826273,-2146826273,-2146826273,-2146826273,-2146826273,-2146826273,-2146826273,-2146826273,-2146826273,-2146826273,-2146826273,-2146826273,-2146826273,-2146826273,-2146826273,なし,-2146826273,-2146826273,-2146826273,0,0,0,0,0
20,0,0,0,0,0,0,0,0,0,0,0,0,-2146826246,000,-2146826246,-2146826273,-2146826273,-2146826273,-2146826273,-2146826273,-2146826273,-2146826273,-2146826273,-2146826273,-2146826273,-2146826273,-2146826273,-2146826273,-2146826273,-2146826273,-2146826273,-2146826273,-2146826273,-2146826273,-2146826273,-2146826273,-2146826273,-2146826273,-2146826273,-2146826273,-2146826273,-2146826273,-2146826273,-2146826273,-2146826273,-2146826273,-2146826273,-2146826273,-2146826273,-2146826273,-2146826273,-2146826273,-2146826273,-2146826273,-2146826273,-2146826273,-2146826273,-2146826273,-2146826273,-2146826273,なし,-2146826273,-2146826273,-2146826273,-2146826273,-2146826273,-2146826273,-2146826273,-2146826273,-2146826273,-2146826273,-2146826273,-2146826273,-2146826273,-2146826273,-2146826273,-2146826273,-2146826273,-2146826273,なし,-2146826273,-2146826273,-2146826273,0,0,0,0,0
20,0,0,0,0,0,0,0,0,0,0,0,0,-2146826246,000,-2146826246,-2146826273,-2146826273,-2146826273,-2146826273,-2146826273,-2146826273,-2146826273,-2146826273,-2146826273,-2146826273,-2146826273,-2146826273,-2146826273,-2146826273,-2146826273,-2146826273,-2146826273,-2146826273,-2146826273,-2146826273,-2146826273,-2146826273,-2146826273,-2146826273,-2146826273,-2146826273,-2146826273,-2146826273,-2146826273,-2146826273,-2146826273,-2146826273,-2146826273,-2146826273,-2146826273,-2146826273,-2146826273,-2146826273,-2146826273,-2146826273,-2146826273,-2146826273,-2146826273,-2146826273,-2146826273,なし,-2146826273,-2146826273,-2146826273,-2146826273,-2146826273,-2146826273,-2146826273,-2146826273,-2146826273,-2146826273,-2146826273,-2146826273,-2146826273,-2146826273,-2146826273,-2146826273,-2146826273,-2146826273,なし,-2146826273,-2146826273,-2146826273,0,0,0,0,0
20,0,0,0,0,0,0,0,0,0,0,0,0,-2146826246,000,-2146826246,-2146826273,-2146826273,-2146826273,-2146826273,-2146826273,-2146826273,-2146826273,-2146826273,-2146826273,-2146826273,-2146826273,-2146826273,-2146826273,-2146826273,-2146826273,-2146826273,-2146826273,-2146826273,-2146826273,-2146826273,-2146826273,-2146826273,-2146826273,-2146826273,-2146826273,-2146826273,-2146826273,-2146826273,-2146826273,-2146826273,-2146826273,-2146826273,-2146826273,-2146826273,-2146826273,-2146826273,-2146826273,-2146826273,-2146826273,-2146826273,-2146826273,-2146826273,-2146826273,-2146826273,-2146826273,なし,-2146826273,-2146826273,-2146826273,-2146826273,-2146826273,-2146826273,-2146826273,-2146826273,-2146826273,-2146826273,-2146826273,-2146826273,-2146826273,-2146826273,-2146826273,-2146826273,-2146826273,-2146826273,なし,-2146826273,-2146826273,-2146826273,0,0,0,0,0
20,0,0,0,0,0,0,0,0,0,0,0,0,-2146826246,000,-2146826246,-2146826273,-2146826273,-2146826273,-2146826273,-2146826273,-2146826273,-2146826273,-2146826273,-2146826273,-2146826273,-2146826273,-2146826273,-2146826273,-2146826273,-2146826273,-2146826273,-2146826273,-2146826273,-2146826273,-2146826273,-2146826273,-2146826273,-2146826273,-2146826273,-2146826273,-2146826273,-2146826273,-2146826273,-2146826273,-2146826273,-2146826273,-2146826273,-2146826273,-2146826273,-2146826273,-2146826273,-2146826273,-2146826273,-2146826273,-2146826273,-2146826273,-2146826273,-2146826273,-2146826273,-2146826273,なし,-2146826273,-2146826273,-2146826273,-2146826273,-2146826273,-2146826273,-2146826273,-2146826273,-2146826273,-2146826273,-2146826273,-2146826273,-2146826273,-2146826273,-2146826273,-2146826273,-2146826273,-2146826273,なし,-2146826273,-2146826273,-2146826273,0,0,0,0,0
20,0,0,0,0,0,0,0,0,0,0,0,0,-2146826246,000,-2146826246,-2146826273,-2146826273,-2146826273,-2146826273,-2146826273,-2146826273,-2146826273,-2146826273,-2146826273,-2146826273,-2146826273,-2146826273,-2146826273,-2146826273,-2146826273,-2146826273,-2146826273,-2146826273,-2146826273,-2146826273,-2146826273,-2146826273,-2146826273,-2146826273,-2146826273,-2146826273,-2146826273,-2146826273,-2146826273,-2146826273,-2146826273,-2146826273,-2146826273,-2146826273,-2146826273,-2146826273,-2146826273,-2146826273,-2146826273,-2146826273,-2146826273,-2146826273,-2146826273,-2146826273,-2146826273,なし,-2146826273,-2146826273,-2146826273,-2146826273,-2146826273,-2146826273,-2146826273,-2146826273,-2146826273,-2146826273,-2146826273,-2146826273,-2146826273,-2146826273,-2146826273,-2146826273,-2146826273,-2146826273,なし,-2146826273,-2146826273,-2146826273,0,0,0,0,0
20,0,0,0,0,0,0,0,0,0,0,0,0,-2146826246,000,-2146826246,-2146826273,-2146826273,-2146826273,-2146826273,-2146826273,-2146826273,-2146826273,-2146826273,-2146826273,-2146826273,-2146826273,-2146826273,-2146826273,-2146826273,-2146826273,-2146826273,-2146826273,-2146826273,-2146826273,-2146826273,-2146826273,-2146826273,-2146826273,-2146826273,-2146826273,-2146826273,-2146826273,-2146826273,-2146826273,-2146826273,-2146826273,-2146826273,-2146826273,-2146826273,-2146826273,-2146826273,-2146826273,-2146826273,-2146826273,-2146826273,-2146826273,-2146826273,-2146826273,-2146826273,-2146826273,なし,-2146826273,-2146826273,-2146826273,-2146826273,-2146826273,-2146826273,-2146826273,-2146826273,-2146826273,-2146826273,-2146826273,-2146826273,-2146826273,-2146826273,-2146826273,-2146826273,-2146826273,-2146826273,なし,-2146826273,-2146826273,-2146826273,0,0,0,0,0
20,0,0,0,0,0,0,0,0,0,0,0,0,-2146826246,000,-2146826246,-2146826273,-2146826273,-2146826273,-2146826273,-2146826273,-2146826273,-2146826273,-2146826273,-2146826273,-2146826273,-2146826273,-2146826273,-2146826273,-2146826273,-2146826273,-2146826273,-2146826273,-2146826273,-2146826273,-2146826273,-2146826273,-2146826273,-2146826273,-2146826273,-2146826273,-2146826273,-2146826273,-2146826273,-2146826273,-2146826273,-2146826273,-2146826273,-2146826273,-2146826273,-2146826273,-2146826273,-2146826273,-2146826273,-2146826273,-2146826273,-2146826273,-2146826273,-2146826273,-2146826273,-2146826273,なし,-2146826273,-2146826273,-2146826273,-2146826273,-2146826273,-2146826273,-2146826273,-2146826273,-2146826273,-2146826273,-2146826273,-2146826273,-2146826273,-2146826273,-2146826273,-2146826273,-2146826273,-2146826273,なし,-2146826273,-2146826273,-2146826273,0,0,0,0,0
20,0,0,0,0,0,0,0,0,0,0,0,0,-2146826246,000,-2146826246,-2146826273,-2146826273,-2146826273,-2146826273,-2146826273,-2146826273,-2146826273,-2146826273,-2146826273,-2146826273,-2146826273,-2146826273,-2146826273,-2146826273,-2146826273,-2146826273,-2146826273,-2146826273,-2146826273,-2146826273,-2146826273,-2146826273,-2146826273,-2146826273,-2146826273,-2146826273,-2146826273,-2146826273,-2146826273,-2146826273,-2146826273,-2146826273,-2146826273,-2146826273,-2146826273,-2146826273,-2146826273,-2146826273,-2146826273,-2146826273,-2146826273,-2146826273,-2146826273,-2146826273,-2146826273,なし,-2146826273,-2146826273,-2146826273,-2146826273,-2146826273,-2146826273,-2146826273,-2146826273,-2146826273,-2146826273,-2146826273,-2146826273,-2146826273,-2146826273,-2146826273,-2146826273,-2146826273,-2146826273,なし,-2146826273,-2146826273,-2146826273,0,0,0,0,0
20,0,0,0,0,0,0,0,0,0,0,0,0,-2146826246,000,-2146826246,-2146826273,-2146826273,-2146826273,-2146826273,-2146826273,-2146826273,-2146826273,-2146826273,-2146826273,-2146826273,-2146826273,-2146826273,-2146826273,-2146826273,-2146826273,-2146826273,-2146826273,-2146826273,-2146826273,-2146826273,-2146826273,-2146826273,-2146826273,-2146826273,-2146826273,-2146826273,-2146826273,-2146826273,-2146826273,-2146826273,-2146826273,-2146826273,-2146826273,-2146826273,-2146826273,-2146826273,-2146826273,-2146826273,-2146826273,-2146826273,-2146826273,-2146826273,-2146826273,-2146826273,-2146826273,なし,-2146826273,-2146826273,-2146826273,-2146826273,-2146826273,-2146826273,-2146826273,-2146826273,-2146826273,-2146826273,-2146826273,-2146826273,-2146826273,-2146826273,-2146826273,-2146826273,-2146826273,-2146826273,なし,-2146826273,-2146826273,-2146826273,0,0,0,0,0
20,0,0,0,0,0,0,0,0,0,0,0,0,-2146826246,000,-2146826246,-2146826273,-2146826273,-2146826273,-2146826273,-2146826273,-2146826273,-2146826273,-2146826273,-2146826273,-2146826273,-2146826273,-2146826273,-2146826273,-2146826273,-2146826273,-2146826273,-2146826273,-2146826273,-2146826273,-2146826273,-2146826273,-2146826273,-2146826273,-2146826273,-2146826273,-2146826273,-2146826273,-2146826273,-2146826273,-2146826273,-2146826273,-2146826273,-2146826273,-2146826273,-2146826273,-2146826273,-2146826273,-2146826273,-2146826273,-2146826273,-2146826273,-2146826273,-2146826273,-2146826273,-2146826273,なし,-2146826273,-2146826273,-2146826273,-2146826273,-2146826273,-2146826273,-2146826273,-2146826273,-2146826273,-2146826273,-2146826273,-2146826273,-2146826273,-2146826273,-2146826273,-2146826273,-2146826273,-2146826273,なし,-2146826273,-2146826273,-2146826273,0,0,0,0,0
20,0,0,0,0,0,0,0,0,0,0,0,0,-2146826246,000,-2146826246,-2146826273,-2146826273,-2146826273,-2146826273,-2146826273,-2146826273,-2146826273,-2146826273,-2146826273,-2146826273,-2146826273,-2146826273,-2146826273,-2146826273,-2146826273,-2146826273,-2146826273,-2146826273,-2146826273,-2146826273,-2146826273,-2146826273,-2146826273,-2146826273,-2146826273,-2146826273,-2146826273,-2146826273,-2146826273,-2146826273,-2146826273,-2146826273,-2146826273,-2146826273,-2146826273,-2146826273,-2146826273,-2146826273,-2146826273,-2146826273,-2146826273,-2146826273,-2146826273,-2146826273,-2146826273,なし,-2146826273,-2146826273,-2146826273,-2146826273,-2146826273,-2146826273,-2146826273,-2146826273,-2146826273,-2146826273,-2146826273,-2146826273,-2146826273,-2146826273,-2146826273,-2146826273,-2146826273,-2146826273,なし,-2146826273,-2146826273,-2146826273,0,0,0,0,0
20,0,0,0,0,0,0,0,0,0,0,0,0,-2146826246,000,-2146826246,-2146826273,-2146826273,-2146826273,-2146826273,-2146826273,-2146826273,-2146826273,-2146826273,-2146826273,-2146826273,-2146826273,-2146826273,-2146826273,-2146826273,-2146826273,-2146826273,-2146826273,-2146826273,-2146826273,-2146826273,-2146826273,-2146826273,-2146826273,-2146826273,-2146826273,-2146826273,-2146826273,-2146826273,-2146826273,-2146826273,-2146826273,-2146826273,-2146826273,-2146826273,-2146826273,-2146826273,-2146826273,-2146826273,-2146826273,-2146826273,-2146826273,-2146826273,-2146826273,-2146826273,-2146826273,なし,-2146826273,-2146826273,-2146826273,-2146826273,-2146826273,-2146826273,-2146826273,-2146826273,-2146826273,-2146826273,-2146826273,-2146826273,-2146826273,-2146826273,-2146826273,-2146826273,-2146826273,-2146826273,なし,-2146826273,-2146826273,-2146826273,0,0,0,0,0
20,0,0,0,0,0,0,0,0,0,0,0,0,-2146826246,000,-2146826246,-2146826273,-2146826273,-2146826273,-2146826273,-2146826273,-2146826273,-2146826273,-2146826273,-2146826273,-2146826273,-2146826273,-2146826273,-2146826273,-2146826273,-2146826273,-2146826273,-2146826273,-2146826273,-2146826273,-2146826273,-2146826273,-2146826273,-2146826273,-2146826273,-2146826273,-2146826273,-2146826273,-2146826273,-2146826273,-2146826273,-2146826273,-2146826273,-2146826273,-2146826273,-2146826273,-2146826273,-2146826273,-2146826273,-2146826273,-2146826273,-2146826273,-2146826273,-2146826273,-2146826273,-2146826273,なし,-2146826273,-2146826273,-2146826273,-2146826273,-2146826273,-2146826273,-2146826273,-2146826273,-2146826273,-2146826273,-2146826273,-2146826273,-2146826273,-2146826273,-2146826273,-2146826273,-2146826273,-2146826273,なし,-2146826273,-2146826273,-2146826273,0,0,0,0,0
20,0,0,0,0,0,0,0,0,0,0,0,0,-2146826246,000,-2146826246,-2146826273,-2146826273,-2146826273,-2146826273,-2146826273,-2146826273,-2146826273,-2146826273,-2146826273,-2146826273,-2146826273,-2146826273,-2146826273,-2146826273,-2146826273,-2146826273,-2146826273,-2146826273,-2146826273,-2146826273,-2146826273,-2146826273,-2146826273,-2146826273,-2146826273,-2146826273,-2146826273,-2146826273,-2146826273,-2146826273,-2146826273,-2146826273,-2146826273,-2146826273,-2146826273,-2146826273,-2146826273,-2146826273,-2146826273,-2146826273,-2146826273,-2146826273,-2146826273,-2146826273,-2146826273,なし,-2146826273,-2146826273,-2146826273,-2146826273,-2146826273,-2146826273,-2146826273,-2146826273,-2146826273,-2146826273,-2146826273,-2146826273,-2146826273,-2146826273,-2146826273,-2146826273,-2146826273,-2146826273,なし,-2146826273,-2146826273,-2146826273,0,0,0,0,0
20,0,0,0,0,0,0,0,0,0,0,0,0,-2146826246,000,-2146826246,-2146826273,-2146826273,-2146826273,-2146826273,-2146826273,-2146826273,-2146826273,-2146826273,-2146826273,-2146826273,-2146826273,-2146826273,-2146826273,-2146826273,-2146826273,-2146826273,-2146826273,-2146826273,-2146826273,-2146826273,-2146826273,-2146826273,-2146826273,-2146826273,-2146826273,-2146826273,-2146826273,-2146826273,-2146826273,-2146826273,-2146826273,-2146826273,-2146826273,-2146826273,-2146826273,-2146826273,-2146826273,-2146826273,-2146826273,-2146826273,-2146826273,-2146826273,-2146826273,-2146826273,-2146826273,なし,-2146826273,-2146826273,-2146826273,-2146826273,-2146826273,-2146826273,-2146826273,-2146826273,-2146826273,-2146826273,-2146826273,-2146826273,-2146826273,-2146826273,-2146826273,-2146826273,-2146826273,-2146826273,なし,-2146826273,-2146826273,-2146826273,0,0,0,0,0
20,0,0,0,0,0,0,0,0,0,0,0,0,-2146826246,000,-2146826246,-2146826273,-2146826273,-2146826273,-2146826273,-2146826273,-2146826273,-2146826273,-2146826273,-2146826273,-2146826273,-2146826273,-2146826273,-2146826273,-2146826273,-2146826273,-2146826273,-2146826273,-2146826273,-2146826273,-2146826273,-2146826273,-2146826273,-2146826273,-2146826273,-2146826273,-2146826273,-2146826273,-2146826273,-2146826273,-2146826273,-2146826273,-2146826273,-2146826273,-2146826273,-2146826273,-2146826273,-2146826273,-2146826273,-2146826273,-2146826273,-2146826273,-2146826273,-2146826273,-2146826273,-2146826273,なし,-2146826273,-2146826273,-2146826273,-2146826273,-2146826273,-2146826273,-2146826273,-2146826273,-2146826273,-2146826273,-2146826273,-2146826273,-2146826273,-2146826273,-2146826273,-2146826273,-2146826273,-2146826273,なし,-2146826273,-2146826273,-2146826273,0,0,0,0,0
20,0,0,0,0,0,0,0,0,0,0,0,0,-2146826246,000,-2146826246,-2146826273,-2146826273,-2146826273,-2146826273,-2146826273,-2146826273,-2146826273,-2146826273,-2146826273,-2146826273,-2146826273,-2146826273,-2146826273,-2146826273,-2146826273,-2146826273,-2146826273,-2146826273,-2146826273,-2146826273,-2146826273,-2146826273,-2146826273,-2146826273,-2146826273,-2146826273,-2146826273,-2146826273,-2146826273,-2146826273,-2146826273,-2146826273,-2146826273,-2146826273,-2146826273,-2146826273,-2146826273,-2146826273,-2146826273,-2146826273,-2146826273,-2146826273,-2146826273,-2146826273,-2146826273,なし,-2146826273,-2146826273,-2146826273,-2146826273,-2146826273,-2146826273,-2146826273,-2146826273,-2146826273,-2146826273,-2146826273,-2146826273,-2146826273,-2146826273,-2146826273,-2146826273,-2146826273,-2146826273,なし,-2146826273,-2146826273,-2146826273,0,0,0,0,0
20,0,0,0,0,0,0,0,0,0,0,0,0,-2146826246,000,-2146826246,-2146826273,-2146826273,-2146826273,-2146826273,-2146826273,-2146826273,-2146826273,-2146826273,-2146826273,-2146826273,-2146826273,-2146826273,-2146826273,-2146826273,-2146826273,-2146826273,-2146826273,-2146826273,-2146826273,-2146826273,-2146826273,-2146826273,-2146826273,-2146826273,-2146826273,-2146826273,-2146826273,-2146826273,-2146826273,-2146826273,-2146826273,-2146826273,-2146826273,-2146826273,-2146826273,-2146826273,-2146826273,-2146826273,-2146826273,-2146826273,-2146826273,-2146826273,-2146826273,-2146826273,-2146826273,なし,-2146826273,-2146826273,-2146826273,-2146826273,-2146826273,-2146826273,-2146826273,-2146826273,-2146826273,-2146826273,-2146826273,-2146826273,-2146826273,-2146826273,-2146826273,-2146826273,-2146826273,-2146826273,なし,-2146826273,-2146826273,-2146826273,0,0,0,0,0
20,0,0,0,0,0,0,0,0,0,0,0,0,-2146826246,000,-2146826246,-2146826273,-2146826273,-2146826273,-2146826273,-2146826273,-2146826273,-2146826273,-2146826273,-2146826273,-2146826273,-2146826273,-2146826273,-2146826273,-2146826273,-2146826273,-2146826273,-2146826273,-2146826273,-2146826273,-2146826273,-2146826273,-2146826273,-2146826273,-2146826273,-2146826273,-2146826273,-2146826273,-2146826273,-2146826273,-2146826273,-2146826273,-2146826273,-2146826273,-2146826273,-2146826273,-2146826273,-2146826273,-2146826273,-2146826273,-2146826273,-2146826273,-2146826273,-2146826273,-2146826273,-2146826273,なし,-2146826273,-2146826273,-2146826273,-2146826273,-2146826273,-2146826273,-2146826273,-2146826273,-2146826273,-2146826273,-2146826273,-2146826273,-2146826273,-2146826273,-2146826273,-2146826273,-2146826273,-2146826273,なし,-2146826273,-2146826273,-2146826273,0,0,0,0,0
20,0,0,0,0,0,0,0,0,0,0,0,0,-2146826246,000,-2146826246,-2146826273,-2146826273,-2146826273,-2146826273,-2146826273,-2146826273,-2146826273,-2146826273,-2146826273,-2146826273,-2146826273,-2146826273,-2146826273,-2146826273,-2146826273,-2146826273,-2146826273,-2146826273,-2146826273,-2146826273,-2146826273,-2146826273,-2146826273,-2146826273,-2146826273,-2146826273,-2146826273,-2146826273,-2146826273,-2146826273,-2146826273,-2146826273,-2146826273,-2146826273,-2146826273,-2146826273,-2146826273,-2146826273,-2146826273,-2146826273,-2146826273,-2146826273,-2146826273,-2146826273,-2146826273,なし,-2146826273,-2146826273,-2146826273,-2146826273,-2146826273,-2146826273,-2146826273,-2146826273,-2146826273,-2146826273,-2146826273,-2146826273,-2146826273,-2146826273,-2146826273,-2146826273,-2146826273,-2146826273,なし,-2146826273,-2146826273,-2146826273,0,0,0,0,0
20,0,0,0,0,0,0,0,0,0,0,0,0,-2146826246,000,-2146826246,-2146826273,-2146826273,-2146826273,-2146826273,-2146826273,-2146826273,-2146826273,-2146826273,-2146826273,-2146826273,-2146826273,-2146826273,-2146826273,-2146826273,-2146826273,-2146826273,-2146826273,-2146826273,-2146826273,-2146826273,-2146826273,-2146826273,-2146826273,-2146826273,-2146826273,-2146826273,-2146826273,-2146826273,-2146826273,-2146826273,-2146826273,-2146826273,-2146826273,-2146826273,-2146826273,-2146826273,-2146826273,-2146826273,-2146826273,-2146826273,-2146826273,-2146826273,-2146826273,-2146826273,-2146826273,なし,-2146826273,-2146826273,-2146826273,-2146826273,-2146826273,-2146826273,-2146826273,-2146826273,-2146826273,-2146826273,-2146826273,-2146826273,-2146826273,-2146826273,-2146826273,-2146826273,-2146826273,-2146826273,なし,-2146826273,-2146826273,-2146826273,0,0,0,0,0
20,0,0,0,0,0,0,0,0,0,0,0,0,-2146826246,000,-2146826246,-2146826273,-2146826273,-2146826273,-2146826273,-2146826273,-2146826273,-2146826273,-2146826273,-2146826273,-2146826273,-2146826273,-2146826273,-2146826273,-2146826273,-2146826273,-2146826273,-2146826273,-2146826273,-2146826273,-2146826273,-2146826273,-2146826273,-2146826273,-2146826273,-2146826273,-2146826273,-2146826273,-2146826273,-2146826273,-2146826273,-2146826273,-2146826273,-2146826273,-2146826273,-2146826273,-2146826273,-2146826273,-2146826273,-2146826273,-2146826273,-2146826273,-2146826273,-2146826273,-2146826273,-2146826273,なし,-2146826273,-2146826273,-2146826273,-2146826273,-2146826273,-2146826273,-2146826273,-2146826273,-2146826273,-2146826273,-2146826273,-2146826273,-2146826273,-2146826273,-2146826273,-2146826273,-2146826273,-2146826273,なし,-2146826273,-2146826273,-2146826273,0,0,0,0,0
20,0,0,0,0,0,0,0,0,0,0,0,0,-2146826246,000,-2146826246,-2146826273,-2146826273,-2146826273,-2146826273,-2146826273,-2146826273,-2146826273,-2146826273,-2146826273,-2146826273,-2146826273,-2146826273,-2146826273,-2146826273,-2146826273,-2146826273,-2146826273,-2146826273,-2146826273,-2146826273,-2146826273,-2146826273,-2146826273,-2146826273,-2146826273,-2146826273,-2146826273,-2146826273,-2146826273,-2146826273,-2146826273,-2146826273,-2146826273,-2146826273,-2146826273,-2146826273,-2146826273,-2146826273,-2146826273,-2146826273,-2146826273,-2146826273,-2146826273,-2146826273,-2146826273,なし,-2146826273,-2146826273,-2146826273,-2146826273,-2146826273,-2146826273,-2146826273,-2146826273,-2146826273,-2146826273,-2146826273,-2146826273,-2146826273,-2146826273,-2146826273,-2146826273,-2146826273,-2146826273,なし,-2146826273,-2146826273,-2146826273,0,0,0,0,0
20,0,0,0,0,0,0,0,0,0,0,0,0,-2146826246,000,-2146826246,-2146826273,-2146826273,-2146826273,-2146826273,-2146826273,-2146826273,-2146826273,-2146826273,-2146826273,-2146826273,-2146826273,-2146826273,-2146826273,-2146826273,-2146826273,-2146826273,-2146826273,-2146826273,-2146826273,-2146826273,-2146826273,-2146826273,-2146826273,-2146826273,-2146826273,-2146826273,-2146826273,-2146826273,-2146826273,-2146826273,-2146826273,-2146826273,-2146826273,-2146826273,-2146826273,-2146826273,-2146826273,-2146826273,-2146826273,-2146826273,-2146826273,-2146826273,-2146826273,-2146826273,-2146826273,なし,-2146826273,-2146826273,-2146826273,-2146826273,-2146826273,-2146826273,-2146826273,-2146826273,-2146826273,-2146826273,-2146826273,-2146826273,-2146826273,-2146826273,-2146826273,-2146826273,-2146826273,-2146826273,なし,-2146826273,-2146826273,-2146826273,0,0,0,0,0
20,0,0,0,0,0,0,0,0,0,0,0,0,-2146826246,000,-2146826246,-2146826273,-2146826273,-2146826273,-2146826273,-2146826273,-2146826273,-2146826273,-2146826273,-2146826273,-2146826273,-2146826273,-2146826273,-2146826273,-2146826273,-2146826273,-2146826273,-2146826273,-2146826273,-2146826273,-2146826273,-2146826273,-2146826273,-2146826273,-2146826273,-2146826273,-2146826273,-2146826273,-2146826273,-2146826273,-2146826273,-2146826273,-2146826273,-2146826273,-2146826273,-2146826273,-2146826273,-2146826273,-2146826273,-2146826273,-2146826273,-2146826273,-2146826273,-2146826273,-2146826273,-2146826273,なし,-2146826273,-2146826273,-2146826273,-2146826273,-2146826273,-2146826273,-2146826273,-2146826273,-2146826273,-2146826273,-2146826273,-2146826273,-2146826273,-2146826273,-2146826273,-2146826273,-2146826273,-2146826273,なし,-2146826273,-2146826273,-2146826273,0,0,0,0,0
20,0,0,0,0,0,0,0,0,0,0,0,0,-2146826246,000,-2146826246,-2146826273,-2146826273,-2146826273,-2146826273,-2146826273,-2146826273,-2146826273,-2146826273,-2146826273,-2146826273,-2146826273,-2146826273,-2146826273,-2146826273,-2146826273,-2146826273,-2146826273,-2146826273,-2146826273,-2146826273,-2146826273,-2146826273,-2146826273,-2146826273,-2146826273,-2146826273,-2146826273,-2146826273,-2146826273,-2146826273,-2146826273,-2146826273,-2146826273,-2146826273,-2146826273,-2146826273,-2146826273,-2146826273,-2146826273,-2146826273,-2146826273,-2146826273,-2146826273,-2146826273,-2146826273,なし,-2146826273,-2146826273,-2146826273,-2146826273,-2146826273,-2146826273,-2146826273,-2146826273,-2146826273,-2146826273,-2146826273,-2146826273,-2146826273,-2146826273,-2146826273,-2146826273,-2146826273,-2146826273,なし,-2146826273,-2146826273,-2146826273,0,0,0,0,0
20,0,0,0,0,0,0,0,0,0,0,0,0,-2146826246,000,-2146826246,-2146826273,-2146826273,-2146826273,-2146826273,-2146826273,-2146826273,-2146826273,-2146826273,-2146826273,-2146826273,-2146826273,-2146826273,-2146826273,-2146826273,-2146826273,-2146826273,-2146826273,-2146826273,-2146826273,-2146826273,-2146826273,-2146826273,-2146826273,-2146826273,-2146826273,-2146826273,-2146826273,-2146826273,-2146826273,-2146826273,-2146826273,-2146826273,-2146826273,-2146826273,-2146826273,-2146826273,-2146826273,-2146826273,-2146826273,-2146826273,-2146826273,-2146826273,-2146826273,-2146826273,-2146826273,なし,-2146826273,-2146826273,-2146826273,-2146826273,-2146826273,-2146826273,-2146826273,-2146826273,-2146826273,-2146826273,-2146826273,-2146826273,-2146826273,-2146826273,-2146826273,-2146826273,-2146826273,-2146826273,なし,-2146826273,-2146826273,-2146826273,0,0,0,0,0
20,0,0,0,0,0,0,0,0,0,0,0,0,-2146826246,000,-2146826246,-2146826273,-2146826273,-2146826273,-2146826273,-2146826273,-2146826273,-2146826273,-2146826273,-2146826273,-2146826273,-2146826273,-2146826273,-2146826273,-2146826273,-2146826273,-2146826273,-2146826273,-2146826273,-2146826273,-2146826273,-2146826273,-2146826273,-2146826273,-2146826273,-2146826273,-2146826273,-2146826273,-2146826273,-2146826273,-2146826273,-2146826273,-2146826273,-2146826273,-2146826273,-2146826273,-2146826273,-2146826273,-2146826273,-2146826273,-2146826273,-2146826273,-2146826273,-2146826273,-2146826273,-2146826273,なし,-2146826273,-2146826273,-2146826273,-2146826273,-2146826273,-2146826273,-2146826273,-2146826273,-2146826273,-2146826273,-2146826273,-2146826273,-2146826273,-2146826273,-2146826273,-2146826273,-2146826273,-2146826273,なし,-2146826273,-2146826273,-2146826273,0,0,0,0,0
20,0,0,0,0,0,0,0,0,0,0,0,0,-2146826246,000,-2146826246,-2146826273,-2146826273,-2146826273,-2146826273,-2146826273,-2146826273,-2146826273,-2146826273,-2146826273,-2146826273,-2146826273,-2146826273,-2146826273,-2146826273,-2146826273,-2146826273,-2146826273,-2146826273,-2146826273,-2146826273,-2146826273,-2146826273,-2146826273,-2146826273,-2146826273,-2146826273,-2146826273,-2146826273,-2146826273,-2146826273,-2146826273,-2146826273,-2146826273,-2146826273,-2146826273,-2146826273,-2146826273,-2146826273,-2146826273,-2146826273,-2146826273,-2146826273,-2146826273,-2146826273,-2146826273,なし,-2146826273,-2146826273,-2146826273,-2146826273,-2146826273,-2146826273,-2146826273,-2146826273,-2146826273,-2146826273,-2146826273,-2146826273,-2146826273,-2146826273,-2146826273,-2146826273,-2146826273,-2146826273,なし,-2146826273,-2146826273,-2146826273,0,0,0,0,0
20,0,0,0,0,0,0,0,0,0,0,0,0,-2146826246,000,-2146826246,-2146826273,-2146826273,-2146826273,-2146826273,-2146826273,-2146826273,-2146826273,-2146826273,-2146826273,-2146826273,-2146826273,-2146826273,-2146826273,-2146826273,-2146826273,-2146826273,-2146826273,-2146826273,-2146826273,-2146826273,-2146826273,-2146826273,-2146826273,-2146826273,-2146826273,-2146826273,-2146826273,-2146826273,-2146826273,-2146826273,-2146826273,-2146826273,-2146826273,-2146826273,-2146826273,-2146826273,-2146826273,-2146826273,-2146826273,-2146826273,-2146826273,-2146826273,-2146826273,-2146826273,-2146826273,なし,-2146826273,-2146826273,-2146826273,-2146826273,-2146826273,-2146826273,-2146826273,-2146826273,-2146826273,-2146826273,-2146826273,-2146826273,-2146826273,-2146826273,-2146826273,-2146826273,-2146826273,-2146826273,なし,-2146826273,-2146826273,-2146826273,0,0,0,0,0
20,0,0,0,0,0,0,0,0,0,0,0,0,-2146826246,000,-2146826246,-2146826273,-2146826273,-2146826273,-2146826273,-2146826273,-2146826273,-2146826273,-2146826273,-2146826273,-2146826273,-2146826273,-2146826273,-2146826273,-2146826273,-2146826273,-2146826273,-2146826273,-2146826273,-2146826273,-2146826273,-2146826273,-2146826273,-2146826273,-2146826273,-2146826273,-2146826273,-2146826273,-2146826273,-2146826273,-2146826273,-2146826273,-2146826273,-2146826273,-2146826273,-2146826273,-2146826273,-2146826273,-2146826273,-2146826273,-2146826273,-2146826273,-2146826273,-2146826273,-2146826273,-2146826273,なし,-2146826273,-2146826273,-2146826273,-2146826273,-2146826273,-2146826273,-2146826273,-2146826273,-2146826273,-2146826273,-2146826273,-2146826273,-2146826273,-2146826273,-2146826273,-2146826273,-2146826273,-2146826273,なし,-2146826273,-2146826273,-2146826273,0,0,0,0,0
20,0,0,0,0,0,0,0,0,0,0,0,0,-2146826246,000,-2146826246,-2146826273,-2146826273,-2146826273,-2146826273,-2146826273,-2146826273,-2146826273,-2146826273,-2146826273,-2146826273,-2146826273,-2146826273,-2146826273,-2146826273,-2146826273,-2146826273,-2146826273,-2146826273,-2146826273,-2146826273,-2146826273,-2146826273,-2146826273,-2146826273,-2146826273,-2146826273,-2146826273,-2146826273,-2146826273,-2146826273,-2146826273,-2146826273,-2146826273,-2146826273,-2146826273,-2146826273,-2146826273,-2146826273,-2146826273,-2146826273,-2146826273,-2146826273,-2146826273,-2146826273,-2146826273,なし,-2146826273,-2146826273,-2146826273,-2146826273,-2146826273,-2146826273,-2146826273,-2146826273,-2146826273,-2146826273,-2146826273,-2146826273,-2146826273,-2146826273,-2146826273,-2146826273,-2146826273,-2146826273,なし,-2146826273,-2146826273,-2146826273,0,0,0,0,0
20,0,0,0,0,0,0,0,0,0,0,0,0,-2146826246,000,-2146826246,-2146826273,-2146826273,-2146826273,-2146826273,-2146826273,-2146826273,-2146826273,-2146826273,-2146826273,-2146826273,-2146826273,-2146826273,-2146826273,-2146826273,-2146826273,-2146826273,-2146826273,-2146826273,-2146826273,-2146826273,-2146826273,-2146826273,-2146826273,-2146826273,-2146826273,-2146826273,-2146826273,-2146826273,-2146826273,-2146826273,-2146826273,-2146826273,-2146826273,-2146826273,-2146826273,-2146826273,-2146826273,-2146826273,-2146826273,-2146826273,-2146826273,-2146826273,-2146826273,-2146826273,-2146826273,なし,-2146826273,-2146826273,-2146826273,-2146826273,-2146826273,-2146826273,-2146826273,-2146826273,-2146826273,-2146826273,-2146826273,-2146826273,-2146826273,-2146826273,-2146826273,-2146826273,-2146826273,-2146826273,なし,-2146826273,-2146826273,-2146826273,0,0,0,0,0
20,0,0,0,0,0,0,0,0,0,0,0,0,-2146826246,000,-2146826246,-2146826273,-2146826273,-2146826273,-2146826273,-2146826273,-2146826273,-2146826273,-2146826273,-2146826273,-2146826273,-2146826273,-2146826273,-2146826273,-2146826273,-2146826273,-2146826273,-2146826273,-2146826273,-2146826273,-2146826273,-2146826273,-2146826273,-2146826273,-2146826273,-2146826273,-2146826273,-2146826273,-2146826273,-2146826273,-2146826273,-2146826273,-2146826273,-2146826273,-2146826273,-2146826273,-2146826273,-2146826273,-2146826273,-2146826273,-2146826273,-2146826273,-2146826273,-2146826273,-2146826273,-2146826273,なし,-2146826273,-2146826273,-2146826273,-2146826273,-2146826273,-2146826273,-2146826273,-2146826273,-2146826273,-2146826273,-2146826273,-2146826273,-2146826273,-2146826273,-2146826273,-2146826273,-2146826273,-2146826273,なし,-2146826273,-2146826273,-2146826273,0,0,0,0,0
20,0,0,0,0,0,0,0,0,0,0,0,0,-2146826246,000,-2146826246,-2146826273,-2146826273,-2146826273,-2146826273,-2146826273,-2146826273,-2146826273,-2146826273,-2146826273,-2146826273,-2146826273,-2146826273,-2146826273,-2146826273,-2146826273,-2146826273,-2146826273,-2146826273,-2146826273,-2146826273,-2146826273,-2146826273,-2146826273,-2146826273,-2146826273,-2146826273,-2146826273,-2146826273,-2146826273,-2146826273,-2146826273,-2146826273,-2146826273,-2146826273,-2146826273,-2146826273,-2146826273,-2146826273,-2146826273,-2146826273,-2146826273,-2146826273,-2146826273,-2146826273,-2146826273,なし,-2146826273,-2146826273,-2146826273,-2146826273,-2146826273,-2146826273,-2146826273,-2146826273,-2146826273,-2146826273,-2146826273,-2146826273,-2146826273,-2146826273,-2146826273,-2146826273,-2146826273,-2146826273,なし,-2146826273,-2146826273,-2146826273,0,0,0,0,0
20,0,0,0,0,0,0,0,0,0,0,0,0,-2146826246,000,-2146826246,-2146826273,-2146826273,-2146826273,-2146826273,-2146826273,-2146826273,-2146826273,-2146826273,-2146826273,-2146826273,-2146826273,-2146826273,-2146826273,-2146826273,-2146826273,-2146826273,-2146826273,-2146826273,-2146826273,-2146826273,-2146826273,-2146826273,-2146826273,-2146826273,-2146826273,-2146826273,-2146826273,-2146826273,-2146826273,-2146826273,-2146826273,-2146826273,-2146826273,-2146826273,-2146826273,-2146826273,-2146826273,-2146826273,-2146826273,-2146826273,-2146826273,-2146826273,-2146826273,-2146826273,-2146826273,なし,-2146826273,-2146826273,-2146826273,-2146826273,-2146826273,-2146826273,-2146826273,-2146826273,-2146826273,-2146826273,-2146826273,-2146826273,-2146826273,-2146826273,-2146826273,-2146826273,-2146826273,-2146826273,なし,-2146826273,-2146826273,-2146826273,0,0,0,0,0
20,0,0,0,0,0,0,0,0,0,0,0,0,-2146826246,000,-2146826246,-2146826273,-2146826273,-2146826273,-2146826273,-2146826273,-2146826273,-2146826273,-2146826273,-2146826273,-2146826273,-2146826273,-2146826273,-2146826273,-2146826273,-2146826273,-2146826273,-2146826273,-2146826273,-2146826273,-2146826273,-2146826273,-2146826273,-2146826273,-2146826273,-2146826273,-2146826273,-2146826273,-2146826273,-2146826273,-2146826273,-2146826273,-2146826273,-2146826273,-2146826273,-2146826273,-2146826273,-2146826273,-2146826273,-2146826273,-2146826273,-2146826273,-2146826273,-2146826273,-2146826273,-2146826273,なし,-2146826273,-2146826273,-2146826273,-2146826273,-2146826273,-2146826273,-2146826273,-2146826273,-2146826273,-2146826273,-2146826273,-2146826273,-2146826273,-2146826273,-2146826273,-2146826273,-2146826273,-2146826273,なし,-2146826273,-2146826273,-2146826273,0,0,0,0,0
20,0,0,0,0,0,0,0,0,0,0,0,0,-2146826246,000,-2146826246,-2146826273,-2146826273,-2146826273,-2146826273,-2146826273,-2146826273,-2146826273,-2146826273,-2146826273,-2146826273,-2146826273,-2146826273,-2146826273,-2146826273,-2146826273,-2146826273,-2146826273,-2146826273,-2146826273,-2146826273,-2146826273,-2146826273,-2146826273,-2146826273,-2146826273,-2146826273,-2146826273,-2146826273,-2146826273,-2146826273,-2146826273,-2146826273,-2146826273,-2146826273,-2146826273,-2146826273,-2146826273,-2146826273,-2146826273,-2146826273,-2146826273,-2146826273,-2146826273,-2146826273,-2146826273,なし,-2146826273,-2146826273,-2146826273,-2146826273,-2146826273,-2146826273,-2146826273,-2146826273,-2146826273,-2146826273,-2146826273,-2146826273,-2146826273,-2146826273,-2146826273,-2146826273,-2146826273,-2146826273,なし,-2146826273,-2146826273,-2146826273,0,0,0,0,0
20,0,0,0,0,0,0,0,0,0,0,0,0,-2146826246,000,-2146826246,-2146826273,-2146826273,-2146826273,-2146826273,-2146826273,-2146826273,-2146826273,-2146826273,-2146826273,-2146826273,-2146826273,-2146826273,-2146826273,-2146826273,-2146826273,-2146826273,-2146826273,-2146826273,-2146826273,-2146826273,-2146826273,-2146826273,-2146826273,-2146826273,-2146826273,-2146826273,-2146826273,-2146826273,-2146826273,-2146826273,-2146826273,-2146826273,-2146826273,-2146826273,-2146826273,-2146826273,-2146826273,-2146826273,-2146826273,-2146826273,-2146826273,-2146826273,-2146826273,-2146826273,-2146826273,なし,-2146826273,-2146826273,-2146826273,-2146826273,-2146826273,-2146826273,-2146826273,-2146826273,-2146826273,-2146826273,-2146826273,-2146826273,-2146826273,-2146826273,-2146826273,-2146826273,-2146826273,-2146826273,なし,-2146826273,-2146826273,-2146826273,0,0,0,0,0
20,0,0,0,0,0,0,0,0,0,0,0,0,-2146826246,000,-2146826246,-2146826273,-2146826273,-2146826273,-2146826273,-2146826273,-2146826273,-2146826273,-2146826273,-2146826273,-2146826273,-2146826273,-2146826273,-2146826273,-2146826273,-2146826273,-2146826273,-2146826273,-2146826273,-2146826273,-2146826273,-2146826273,-2146826273,-2146826273,-2146826273,-2146826273,-2146826273,-2146826273,-2146826273,-2146826273,-2146826273,-2146826273,-2146826273,-2146826273,-2146826273,-2146826273,-2146826273,-2146826273,-2146826273,-2146826273,-2146826273,-2146826273,-2146826273,-2146826273,-2146826273,-2146826273,なし,-2146826273,-2146826273,-2146826273,-2146826273,-2146826273,-2146826273,-2146826273,-2146826273,-2146826273,-2146826273,-2146826273,-2146826273,-2146826273,-2146826273,-2146826273,-2146826273,-2146826273,-2146826273,なし,-2146826273,-2146826273,-2146826273,0,0,0,0,0
20,0,0,0,0,0,0,0,0,0,0,0,0,-2146826246,000,-2146826246,-2146826273,-2146826273,-2146826273,-2146826273,-2146826273,-2146826273,-2146826273,-2146826273,-2146826273,-2146826273,-2146826273,-2146826273,-2146826273,-2146826273,-2146826273,-2146826273,-2146826273,-2146826273,-2146826273,-2146826273,-2146826273,-2146826273,-2146826273,-2146826273,-2146826273,-2146826273,-2146826273,-2146826273,-2146826273,-2146826273,-2146826273,-2146826273,-2146826273,-2146826273,-2146826273,-2146826273,-2146826273,-2146826273,-2146826273,-2146826273,-2146826273,-2146826273,-2146826273,-2146826273,-2146826273,なし,-2146826273,-2146826273,-2146826273,-2146826273,-2146826273,-2146826273,-2146826273,-2146826273,-2146826273,-2146826273,-2146826273,-2146826273,-2146826273,-2146826273,-2146826273,-2146826273,-2146826273,-2146826273,なし,-2146826273,-2146826273,-2146826273,0,0,0,0,0
20,0,0,0,0,0,0,0,0,0,0,0,0,-2146826246,000,-2146826246,-2146826273,-2146826273,-2146826273,-2146826273,-2146826273,-2146826273,-2146826273,-2146826273,-2146826273,-2146826273,-2146826273,-2146826273,-2146826273,-2146826273,-2146826273,-2146826273,-2146826273,-2146826273,-2146826273,-2146826273,-2146826273,-2146826273,-2146826273,-2146826273,-2146826273,-2146826273,-2146826273,-2146826273,-2146826273,-2146826273,-2146826273,-2146826273,-2146826273,-2146826273,-2146826273,-2146826273,-2146826273,-2146826273,-2146826273,-2146826273,-2146826273,-2146826273,-2146826273,-2146826273,-2146826273,なし,-2146826273,-2146826273,-2146826273,-2146826273,-2146826273,-2146826273,-2146826273,-2146826273,-2146826273,-2146826273,-2146826273,-2146826273,-2146826273,-2146826273,-2146826273,-2146826273,-2146826273,-2146826273,なし,-2146826273,-2146826273,-2146826273,0,0,0,0,0
20,0,0,0,0,0,0,0,0,0,0,0,0,-2146826246,000,-2146826246,-2146826273,-2146826273,-2146826273,-2146826273,-2146826273,-2146826273,-2146826273,-2146826273,-2146826273,-2146826273,-2146826273,-2146826273,-2146826273,-2146826273,-2146826273,-2146826273,-2146826273,-2146826273,-2146826273,-2146826273,-2146826273,-2146826273,-2146826273,-2146826273,-2146826273,-2146826273,-2146826273,-2146826273,-2146826273,-2146826273,-2146826273,-2146826273,-2146826273,-2146826273,-2146826273,-2146826273,-2146826273,-2146826273,-2146826273,-2146826273,-2146826273,-2146826273,-2146826273,-2146826273,-2146826273,なし,-2146826273,-2146826273,-2146826273,-2146826273,-2146826273,-2146826273,-2146826273,-2146826273,-2146826273,-2146826273,-2146826273,-2146826273,-2146826273,-2146826273,-2146826273,-2146826273,-2146826273,-2146826273,なし,-2146826273,-2146826273,-2146826273,0,0,0,0,0
20,0,0,0,0,0,0,0,0,0,0,0,0,-2146826246,000,-2146826246,-2146826273,-2146826273,-2146826273,-2146826273,-2146826273,-2146826273,-2146826273,-2146826273,-2146826273,-2146826273,-2146826273,-2146826273,-2146826273,-2146826273,-2146826273,-2146826273,-2146826273,-2146826273,-2146826273,-2146826273,-2146826273,-2146826273,-2146826273,-2146826273,-2146826273,-2146826273,-2146826273,-2146826273,-2146826273,-2146826273,-2146826273,-2146826273,-2146826273,-2146826273,-2146826273,-2146826273,-2146826273,-2146826273,-2146826273,-2146826273,-2146826273,-2146826273,-2146826273,-2146826273,-2146826273,なし,-2146826273,-2146826273,-2146826273,-2146826273,-2146826273,-2146826273,-2146826273,-2146826273,-2146826273,-2146826273,-2146826273,-2146826273,-2146826273,-2146826273,-2146826273,-2146826273,-2146826273,-2146826273,なし,-2146826273,-2146826273,-2146826273,0,0,0,0,0
20,0,0,0,0,0,0,0,0,0,0,0,0,-2146826246,000,-2146826246,-2146826273,-2146826273,-2146826273,-2146826273,-2146826273,-2146826273,-2146826273,-2146826273,-2146826273,-2146826273,-2146826273,-2146826273,-2146826273,-2146826273,-2146826273,-2146826273,-2146826273,-2146826273,-2146826273,-2146826273,-2146826273,-2146826273,-2146826273,-2146826273,-2146826273,-2146826273,-2146826273,-2146826273,-2146826273,-2146826273,-2146826273,-2146826273,-2146826273,-2146826273,-2146826273,-2146826273,-2146826273,-2146826273,-2146826273,-2146826273,-2146826273,-2146826273,-2146826273,-2146826273,-2146826273,なし,-2146826273,-2146826273,-2146826273,-2146826273,-2146826273,-2146826273,-2146826273,-2146826273,-2146826273,-2146826273,-2146826273,-2146826273,-2146826273,-2146826273,-2146826273,-2146826273,-2146826273,-2146826273,なし,-2146826273,-2146826273,-2146826273,0,0,0,0,0
20,0,0,0,0,0,0,0,0,0,0,0,0,-2146826246,000,-2146826246,-2146826273,-2146826273,-2146826273,-2146826273,-2146826273,-2146826273,-2146826273,-2146826273,-2146826273,-2146826273,-2146826273,-2146826273,-2146826273,-2146826273,-2146826273,-2146826273,-2146826273,-2146826273,-2146826273,-2146826273,-2146826273,-2146826273,-2146826273,-2146826273,-2146826273,-2146826273,-2146826273,-2146826273,-2146826273,-2146826273,-2146826273,-2146826273,-2146826273,-2146826273,-2146826273,-2146826273,-2146826273,-2146826273,-2146826273,-2146826273,-2146826273,-2146826273,-2146826273,-2146826273,-2146826273,なし,-2146826273,-2146826273,-2146826273,-2146826273,-2146826273,-2146826273,-2146826273,-2146826273,-2146826273,-2146826273,-2146826273,-2146826273,-2146826273,-2146826273,-2146826273,-2146826273,-2146826273,-2146826273,なし,-2146826273,-2146826273,-2146826273,0,0,0,0,0
20,0,0,0,0,0,0,0,0,0,0,0,0,-2146826246,000,-2146826246,-2146826273,-2146826273,-2146826273,-2146826273,-2146826273,-2146826273,-2146826273,-2146826273,-2146826273,-2146826273,-2146826273,-2146826273,-2146826273,-2146826273,-2146826273,-2146826273,-2146826273,-2146826273,-2146826273,-2146826273,-2146826273,-2146826273,-2146826273,-2146826273,-2146826273,-2146826273,-2146826273,-2146826273,-2146826273,-2146826273,-2146826273,-2146826273,-2146826273,-2146826273,-2146826273,-2146826273,-2146826273,-2146826273,-2146826273,-2146826273,-2146826273,-2146826273,-2146826273,-2146826273,-2146826273,なし,-2146826273,-2146826273,-2146826273,-2146826273,-2146826273,-2146826273,-2146826273,-2146826273,-2146826273,-2146826273,-2146826273,-2146826273,-2146826273,-2146826273,-2146826273,-2146826273,-2146826273,-2146826273,なし,-2146826273,-2146826273,-2146826273,0,0,0,0,0
20,0,0,0,0,0,0,0,0,0,0,0,0,-2146826246,000,-2146826246,-2146826273,-2146826273,-2146826273,-2146826273,-2146826273,-2146826273,-2146826273,-2146826273,-2146826273,-2146826273,-2146826273,-2146826273,-2146826273,-2146826273,-2146826273,-2146826273,-2146826273,-2146826273,-2146826273,-2146826273,-2146826273,-2146826273,-2146826273,-2146826273,-2146826273,-2146826273,-2146826273,-2146826273,-2146826273,-2146826273,-2146826273,-2146826273,-2146826273,-2146826273,-2146826273,-2146826273,-2146826273,-2146826273,-2146826273,-2146826273,-2146826273,-2146826273,-2146826273,-2146826273,-2146826273,なし,-2146826273,-2146826273,-2146826273,-2146826273,-2146826273,-2146826273,-2146826273,-2146826273,-2146826273,-2146826273,-2146826273,-2146826273,-2146826273,-2146826273,-2146826273,-2146826273,-2146826273,-2146826273,なし,-2146826273,-2146826273,-2146826273,0,0,0,0,0
20,0,0,0,0,0,0,0,0,0,0,0,0,-2146826246,000,-2146826246,-2146826273,-2146826273,-2146826273,-2146826273,-2146826273,-2146826273,-2146826273,-2146826273,-2146826273,-2146826273,-2146826273,-2146826273,-2146826273,-2146826273,-2146826273,-2146826273,-2146826273,-2146826273,-2146826273,-2146826273,-2146826273,-2146826273,-2146826273,-2146826273,-2146826273,-2146826273,-2146826273,-2146826273,-2146826273,-2146826273,-2146826273,-2146826273,-2146826273,-2146826273,-2146826273,-2146826273,-2146826273,-2146826273,-2146826273,-2146826273,-2146826273,-2146826273,-2146826273,-2146826273,-2146826273,なし,-2146826273,-2146826273,-2146826273,-2146826273,-2146826273,-2146826273,-2146826273,-2146826273,-2146826273,-2146826273,-2146826273,-2146826273,-2146826273,-2146826273,-2146826273,-2146826273,-2146826273,-2146826273,なし,-2146826273,-2146826273,-2146826273,0,0,0,0,0
20,0,0,0,0,0,0,0,0,0,0,0,0,-2146826246,000,-2146826246,-2146826273,-2146826273,-2146826273,-2146826273,-2146826273,-2146826273,-2146826273,-2146826273,-2146826273,-2146826273,-2146826273,-2146826273,-2146826273,-2146826273,-2146826273,-2146826273,-2146826273,-2146826273,-2146826273,-2146826273,-2146826273,-2146826273,-2146826273,-2146826273,-2146826273,-2146826273,-2146826273,-2146826273,-2146826273,-2146826273,-2146826273,-2146826273,-2146826273,-2146826273,-2146826273,-2146826273,-2146826273,-2146826273,-2146826273,-2146826273,-2146826273,-2146826273,-2146826273,-2146826273,-2146826273,なし,-2146826273,-2146826273,-2146826273,-2146826273,-2146826273,-2146826273,-2146826273,-2146826273,-2146826273,-2146826273,-2146826273,-2146826273,-2146826273,-2146826273,-2146826273,-2146826273,-2146826273,-2146826273,なし,-2146826273,-2146826273,-2146826273,0,0,0,0,0
20,0,0,0,0,0,0,0,0,0,0,0,0,-2146826246,000,-2146826246,-2146826273,-2146826273,-2146826273,-2146826273,-2146826273,-2146826273,-2146826273,-2146826273,-2146826273,-2146826273,-2146826273,-2146826273,-2146826273,-2146826273,-2146826273,-2146826273,-2146826273,-2146826273,-2146826273,-2146826273,-2146826273,-2146826273,-2146826273,-2146826273,-2146826273,-2146826273,-2146826273,-2146826273,-2146826273,-2146826273,-2146826273,-2146826273,-2146826273,-2146826273,-2146826273,-2146826273,-2146826273,-2146826273,-2146826273,-2146826273,-2146826273,-2146826273,-2146826273,-2146826273,-2146826273,なし,-2146826273,-2146826273,-2146826273,-2146826273,-2146826273,-2146826273,-2146826273,-2146826273,-2146826273,-2146826273,-2146826273,-2146826273,-2146826273,-2146826273,-2146826273,-2146826273,-2146826273,-2146826273,なし,-2146826273,-2146826273,-2146826273,0,0,0,0,0
20,0,0,0,0,0,0,0,0,0,0,0,0,-2146826246,000,-2146826246,-2146826273,-2146826273,-2146826273,-2146826273,-2146826273,-2146826273,-2146826273,-2146826273,-2146826273,-2146826273,-2146826273,-2146826273,-2146826273,-2146826273,-2146826273,-2146826273,-2146826273,-2146826273,-2146826273,-2146826273,-2146826273,-2146826273,-2146826273,-2146826273,-2146826273,-2146826273,-2146826273,-2146826273,-2146826273,-2146826273,-2146826273,-2146826273,-2146826273,-2146826273,-2146826273,-2146826273,-2146826273,-2146826273,-2146826273,-2146826273,-2146826273,-2146826273,-2146826273,-2146826273,-2146826273,なし,-2146826273,-2146826273,-2146826273,-2146826273,-2146826273,-2146826273,-2146826273,-2146826273,-2146826273,-2146826273,-2146826273,-2146826273,-2146826273,-2146826273,-2146826273,-2146826273,-2146826273,-2146826273,なし,-2146826273,-2146826273,-2146826273,0,0,0,0,0
20,0,0,0,0,0,0,0,0,0,0,0,0,-2146826246,000,-2146826246,-2146826273,-2146826273,-2146826273,-2146826273,-2146826273,-2146826273,-2146826273,-2146826273,-2146826273,-2146826273,-2146826273,-2146826273,-2146826273,-2146826273,-2146826273,-2146826273,-2146826273,-2146826273,-2146826273,-2146826273,-2146826273,-2146826273,-2146826273,-2146826273,-2146826273,-2146826273,-2146826273,-2146826273,-2146826273,-2146826273,-2146826273,-2146826273,-2146826273,-2146826273,-2146826273,-2146826273,-2146826273,-2146826273,-2146826273,-2146826273,-2146826273,-2146826273,-2146826273,-2146826273,-2146826273,なし,-2146826273,-2146826273,-2146826273,-2146826273,-2146826273,-2146826273,-2146826273,-2146826273,-2146826273,-2146826273,-2146826273,-2146826273,-2146826273,-2146826273,-2146826273,-2146826273,-2146826273,-2146826273,なし,-2146826273,-2146826273,-2146826273,0,0,0,0,0
20,0,0,0,0,0,0,0,0,0,0,0,0,-2146826246,000,-2146826246,-2146826273,-2146826273,-2146826273,-2146826273,-2146826273,-2146826273,-2146826273,-2146826273,-2146826273,-2146826273,-2146826273,-2146826273,-2146826273,-2146826273,-2146826273,-2146826273,-2146826273,-2146826273,-2146826273,-2146826273,-2146826273,-2146826273,-2146826273,-2146826273,-2146826273,-2146826273,-2146826273,-2146826273,-2146826273,-2146826273,-2146826273,-2146826273,-2146826273,-2146826273,-2146826273,-2146826273,-2146826273,-2146826273,-2146826273,-2146826273,-2146826273,-2146826273,-2146826273,-2146826273,-2146826273,なし,-2146826273,-2146826273,-2146826273,-2146826273,-2146826273,-2146826273,-2146826273,-2146826273,-2146826273,-2146826273,-2146826273,-2146826273,-2146826273,-2146826273,-2146826273,-2146826273,-2146826273,-2146826273,なし,-2146826273,-2146826273,-2146826273,0,0,0,0,0
20,0,0,0,0,0,0,0,0,0,0,0,0,-2146826246,000,-2146826246,-2146826273,-2146826273,-2146826273,-2146826273,-2146826273,-2146826273,-2146826273,-2146826273,-2146826273,-2146826273,-2146826273,-2146826273,-2146826273,-2146826273,-2146826273,-2146826273,-2146826273,-2146826273,-2146826273,-2146826273,-2146826273,-2146826273,-2146826273,-2146826273,-2146826273,-2146826273,-2146826273,-2146826273,-2146826273,-2146826273,-2146826273,-2146826273,-2146826273,-2146826273,-2146826273,-2146826273,-2146826273,-2146826273,-2146826273,-2146826273,-2146826273,-2146826273,-2146826273,-2146826273,-2146826273,なし,-2146826273,-2146826273,-2146826273,-2146826273,-2146826273,-2146826273,-2146826273,-2146826273,-2146826273,-2146826273,-2146826273,-2146826273,-2146826273,-2146826273,-2146826273,-2146826273,-2146826273,-2146826273,なし,-2146826273,-2146826273,-2146826273,0,0,0,0,0
20,0,0,0,0,0,0,0,0,0,0,0,0,-2146826246,000,-2146826246,-2146826273,-2146826273,-2146826273,-2146826273,-2146826273,-2146826273,-2146826273,-2146826273,-2146826273,-2146826273,-2146826273,-2146826273,-2146826273,-2146826273,-2146826273,-2146826273,-2146826273,-2146826273,-2146826273,-2146826273,-2146826273,-2146826273,-2146826273,-2146826273,-2146826273,-2146826273,-2146826273,-2146826273,-2146826273,-2146826273,-2146826273,-2146826273,-2146826273,-2146826273,-2146826273,-2146826273,-2146826273,-2146826273,-2146826273,-2146826273,-2146826273,-2146826273,-2146826273,-2146826273,-2146826273,なし,-2146826273,-2146826273,-2146826273,-2146826273,-2146826273,-2146826273,-2146826273,-2146826273,-2146826273,-2146826273,-2146826273,-2146826273,-2146826273,-2146826273,-2146826273,-2146826273,-2146826273,-2146826273,なし,-2146826273,-2146826273,-2146826273,0,0,0,0,0
20,0,0,0,0,0,0,0,0,0,0,0,0,-2146826246,000,-2146826246,-2146826273,-2146826273,-2146826273,-2146826273,-2146826273,-2146826273,-2146826273,-2146826273,-2146826273,-2146826273,-2146826273,-2146826273,-2146826273,-2146826273,-2146826273,-2146826273,-2146826273,-2146826273,-2146826273,-2146826273,-2146826273,-2146826273,-2146826273,-2146826273,-2146826273,-2146826273,-2146826273,-2146826273,-2146826273,-2146826273,-2146826273,-2146826273,-2146826273,-2146826273,-2146826273,-2146826273,-2146826273,-2146826273,-2146826273,-2146826273,-2146826273,-2146826273,-2146826273,-2146826273,-2146826273,なし,-2146826273,-2146826273,-2146826273,-2146826273,-2146826273,-2146826273,-2146826273,-2146826273,-2146826273,-2146826273,-2146826273,-2146826273,-2146826273,-2146826273,-2146826273,-2146826273,-2146826273,-2146826273,なし,-2146826273,-2146826273,-2146826273,0,0,0,0,0
20,0,0,0,0,0,0,0,0,0,0,0,0,-2146826246,000,-2146826246,-2146826273,-2146826273,-2146826273,-2146826273,-2146826273,-2146826273,-2146826273,-2146826273,-2146826273,-2146826273,-2146826273,-2146826273,-2146826273,-2146826273,-2146826273,-2146826273,-2146826273,-2146826273,-2146826273,-2146826273,-2146826273,-2146826273,-2146826273,-2146826273,-2146826273,-2146826273,-2146826273,-2146826273,-2146826273,-2146826273,-2146826273,-2146826273,-2146826273,-2146826273,-2146826273,-2146826273,-2146826273,-2146826273,-2146826273,-2146826273,-2146826273,-2146826273,-2146826273,-2146826273,-2146826273,なし,-2146826273,-2146826273,-2146826273,-2146826273,-2146826273,-2146826273,-2146826273,-2146826273,-2146826273,-2146826273,-2146826273,-2146826273,-2146826273,-2146826273,-2146826273,-2146826273,-2146826273,-2146826273,なし,-2146826273,-2146826273,-2146826273,0,0,0,0,0
20,0,0,0,0,0,0,0,0,0,0,0,0,-2146826246,000,-2146826246,-2146826273,-2146826273,-2146826273,-2146826273,-2146826273,-2146826273,-2146826273,-2146826273,-2146826273,-2146826273,-2146826273,-2146826273,-2146826273,-2146826273,-2146826273,-2146826273,-2146826273,-2146826273,-2146826273,-2146826273,-2146826273,-2146826273,-2146826273,-2146826273,-2146826273,-2146826273,-2146826273,-2146826273,-2146826273,-2146826273,-2146826273,-2146826273,-2146826273,-2146826273,-2146826273,-2146826273,-2146826273,-2146826273,-2146826273,-2146826273,-2146826273,-2146826273,-2146826273,-2146826273,-2146826273,なし,-2146826273,-2146826273,-2146826273,-2146826273,-2146826273,-2146826273,-2146826273,-2146826273,-2146826273,-2146826273,-2146826273,-2146826273,-2146826273,-2146826273,-2146826273,-2146826273,-2146826273,-2146826273,なし,-2146826273,-2146826273,-2146826273,0,0,0,0,0
20,0,0,0,0,0,0,0,0,0,0,0,0,-2146826246,000,-2146826246,-2146826273,-2146826273,-2146826273,-2146826273,-2146826273,-2146826273,-2146826273,-2146826273,-2146826273,-2146826273,-2146826273,-2146826273,-2146826273,-2146826273,-2146826273,-2146826273,-2146826273,-2146826273,-2146826273,-2146826273,-2146826273,-2146826273,-2146826273,-2146826273,-2146826273,-2146826273,-2146826273,-2146826273,-2146826273,-2146826273,-2146826273,-2146826273,-2146826273,-2146826273,-2146826273,-2146826273,-2146826273,-2146826273,-2146826273,-2146826273,-2146826273,-2146826273,-2146826273,-2146826273,-2146826273,なし,-2146826273,-2146826273,-2146826273,-2146826273,-2146826273,-2146826273,-2146826273,-2146826273,-2146826273,-2146826273,-2146826273,-2146826273,-2146826273,-2146826273,-2146826273,-2146826273,-2146826273,-2146826273,なし,-2146826273,-2146826273,-2146826273,0,0,0,0,0
20,0,0,0,0,0,0,0,0,0,0,0,0,-2146826246,000,-2146826246,-2146826273,-2146826273,-2146826273,-2146826273,-2146826273,-2146826273,-2146826273,-2146826273,-2146826273,-2146826273,-2146826273,-2146826273,-2146826273,-2146826273,-2146826273,-2146826273,-2146826273,-2146826273,-2146826273,-2146826273,-2146826273,-2146826273,-2146826273,-2146826273,-2146826273,-2146826273,-2146826273,-2146826273,-2146826273,-2146826273,-2146826273,-2146826273,-2146826273,-2146826273,-2146826273,-2146826273,-2146826273,-2146826273,-2146826273,-2146826273,-2146826273,-2146826273,-2146826273,-2146826273,-2146826273,なし,-2146826273,-2146826273,-2146826273,-2146826273,-2146826273,-2146826273,-2146826273,-2146826273,-2146826273,-2146826273,-2146826273,-2146826273,-2146826273,-2146826273,-2146826273,-2146826273,-2146826273,-2146826273,なし,-2146826273,-2146826273,-2146826273,0,0,0,0,0
20,0,0,0,0,0,0,0,0,0,0,0,0,-2146826246,000,-2146826246,-2146826273,-2146826273,-2146826273,-2146826273,-2146826273,-2146826273,-2146826273,-2146826273,-2146826273,-2146826273,-2146826273,-2146826273,-2146826273,-2146826273,-2146826273,-2146826273,-2146826273,-2146826273,-2146826273,-2146826273,-2146826273,-2146826273,-2146826273,-2146826273,-2146826273,-2146826273,-2146826273,-2146826273,-2146826273,-2146826273,-2146826273,-2146826273,-2146826273,-2146826273,-2146826273,-2146826273,-2146826273,-2146826273,-2146826273,-2146826273,-2146826273,-2146826273,-2146826273,-2146826273,-2146826273,なし,-2146826273,-2146826273,-2146826273,-2146826273,-2146826273,-2146826273,-2146826273,-2146826273,-2146826273,-2146826273,-2146826273,-2146826273,-2146826273,-2146826273,-2146826273,-2146826273,-2146826273,-2146826273,なし,-2146826273,-2146826273,-2146826273,0,0,0,0,0
20,0,0,0,0,0,0,0,0,0,0,0,0,-2146826246,000,-2146826246,-2146826273,-2146826273,-2146826273,-2146826273,-2146826273,-2146826273,-2146826273,-2146826273,-2146826273,-2146826273,-2146826273,-2146826273,-2146826273,-2146826273,-2146826273,-2146826273,-2146826273,-2146826273,-2146826273,-2146826273,-2146826273,-2146826273,-2146826273,-2146826273,-2146826273,-2146826273,-2146826273,-2146826273,-2146826273,-2146826273,-2146826273,-2146826273,-2146826273,-2146826273,-2146826273,-2146826273,-2146826273,-2146826273,-2146826273,-2146826273,-2146826273,-2146826273,-2146826273,-2146826273,-2146826273,なし,-2146826273,-2146826273,-2146826273,-2146826273,-2146826273,-2146826273,-2146826273,-2146826273,-2146826273,-2146826273,-2146826273,-2146826273,-2146826273,-2146826273,-2146826273,-2146826273,-2146826273,-2146826273,なし,-2146826273,-2146826273,-2146826273,0,0,0,0,0
20,0,0,0,0,0,0,0,0,0,0,0,0,-2146826246,000,-2146826246,-2146826273,-2146826273,-2146826273,-2146826273,-2146826273,-2146826273,-2146826273,-2146826273,-2146826273,-2146826273,-2146826273,-2146826273,-2146826273,-2146826273,-2146826273,-2146826273,-2146826273,-2146826273,-2146826273,-2146826273,-2146826273,-2146826273,-2146826273,-2146826273,-2146826273,-2146826273,-2146826273,-2146826273,-2146826273,-2146826273,-2146826273,-2146826273,-2146826273,-2146826273,-2146826273,-2146826273,-2146826273,-2146826273,-2146826273,-2146826273,-2146826273,-2146826273,-2146826273,-2146826273,-2146826273,なし,-2146826273,-2146826273,-2146826273,-2146826273,-2146826273,-2146826273,-2146826273,-2146826273,-2146826273,-2146826273,-2146826273,-2146826273,-2146826273,-2146826273,-2146826273,-2146826273,-2146826273,-2146826273,なし,-2146826273,-2146826273,-2146826273,0,0,0,0,0
20,0,0,0,0,0,0,0,0,0,0,0,0,-2146826246,000,-2146826246,-2146826273,-2146826273,-2146826273,-2146826273,-2146826273,-2146826273,-2146826273,-2146826273,-2146826273,-2146826273,-2146826273,-2146826273,-2146826273,-2146826273,-2146826273,-2146826273,-2146826273,-2146826273,-2146826273,-2146826273,-2146826273,-2146826273,-2146826273,-2146826273,-2146826273,-2146826273,-2146826273,-2146826273,-2146826273,-2146826273,-2146826273,-2146826273,-2146826273,-2146826273,-2146826273,-2146826273,-2146826273,-2146826273,-2146826273,-2146826273,-2146826273,-2146826273,-2146826273,-2146826273,-2146826273,なし,-2146826273,-2146826273,-2146826273,-2146826273,-2146826273,-2146826273,-2146826273,-2146826273,-2146826273,-2146826273,-2146826273,-2146826273,-2146826273,-2146826273,-2146826273,-2146826273,-2146826273,-2146826273,なし,-2146826273,-2146826273,-2146826273,0,0,0,0,0
20,0,0,0,0,0,0,0,0,0,0,0,0,-2146826246,000,-2146826246,-2146826273,-2146826273,-2146826273,-2146826273,-2146826273,-2146826273,-2146826273,-2146826273,-2146826273,-2146826273,-2146826273,-2146826273,-2146826273,-2146826273,-2146826273,-2146826273,-2146826273,-2146826273,-2146826273,-2146826273,-2146826273,-2146826273,-2146826273,-2146826273,-2146826273,-2146826273,-2146826273,-2146826273,-2146826273,-2146826273,-2146826273,-2146826273,-2146826273,-2146826273,-2146826273,-2146826273,-2146826273,-2146826273,-2146826273,-2146826273,-2146826273,-2146826273,-2146826273,-2146826273,-2146826273,なし,-2146826273,-2146826273,-2146826273,-2146826273,-2146826273,-2146826273,-2146826273,-2146826273,-2146826273,-2146826273,-2146826273,-2146826273,-2146826273,-2146826273,-2146826273,-2146826273,-2146826273,-2146826273,なし,-2146826273,-2146826273,-2146826273,0,0,0,0,0
20,0,0,0,0,0,0,0,0,0,0,0,0,-2146826246,000,-2146826246,-2146826273,-2146826273,-2146826273,-2146826273,-2146826273,-2146826273,-2146826273,-2146826273,-2146826273,-2146826273,-2146826273,-2146826273,-2146826273,-2146826273,-2146826273,-2146826273,-2146826273,-2146826273,-2146826273,-2146826273,-2146826273,-2146826273,-2146826273,-2146826273,-2146826273,-2146826273,-2146826273,-2146826273,-2146826273,-2146826273,-2146826273,-2146826273,-2146826273,-2146826273,-2146826273,-2146826273,-2146826273,-2146826273,-2146826273,-2146826273,-2146826273,-2146826273,-2146826273,-2146826273,-2146826273,なし,-2146826273,-2146826273,-2146826273,-2146826273,-2146826273,-2146826273,-2146826273,-2146826273,-2146826273,-2146826273,-2146826273,-2146826273,-2146826273,-2146826273,-2146826273,-2146826273,-2146826273,-2146826273,なし,-2146826273,-2146826273,-2146826273,0,0,0,0,0
20,0,0,0,0,0,0,0,0,0,0,0,0,-2146826246,000,-2146826246,-2146826273,-2146826273,-2146826273,-2146826273,-2146826273,-2146826273,-2146826273,-2146826273,-2146826273,-2146826273,-2146826273,-2146826273,-2146826273,-2146826273,-2146826273,-2146826273,-2146826273,-2146826273,-2146826273,-2146826273,-2146826273,-2146826273,-2146826273,-2146826273,-2146826273,-2146826273,-2146826273,-2146826273,-2146826273,-2146826273,-2146826273,-2146826273,-2146826273,-2146826273,-2146826273,-2146826273,-2146826273,-2146826273,-2146826273,-2146826273,-2146826273,-2146826273,-2146826273,-2146826273,-2146826273,なし,-2146826273,-2146826273,-2146826273,-2146826273,-2146826273,-2146826273,-2146826273,-2146826273,-2146826273,-2146826273,-2146826273,-2146826273,-2146826273,-2146826273,-2146826273,-2146826273,-2146826273,-2146826273,なし,-2146826273,-2146826273,-2146826273,0,0,0,0,0
20,0,0,0,0,0,0,0,0,0,0,0,0,-2146826246,000,-2146826246,-2146826273,-2146826273,-2146826273,-2146826273,-2146826273,-2146826273,-2146826273,-2146826273,-2146826273,-2146826273,-2146826273,-2146826273,-2146826273,-2146826273,-2146826273,-2146826273,-2146826273,-2146826273,-2146826273,-2146826273,-2146826273,-2146826273,-2146826273,-2146826273,-2146826273,-2146826273,-2146826273,-2146826273,-2146826273,-2146826273,-2146826273,-2146826273,-2146826273,-2146826273,-2146826273,-2146826273,-2146826273,-2146826273,-2146826273,-2146826273,-2146826273,-2146826273,-2146826273,-2146826273,-2146826273,なし,-2146826273,-2146826273,-2146826273,-2146826273,-2146826273,-2146826273,-2146826273,-2146826273,-2146826273,-2146826273,-2146826273,-2146826273,-2146826273,-2146826273,-2146826273,-2146826273,-2146826273,-2146826273,なし,-2146826273,-2146826273,-2146826273,0,0,0,0,0
20,0,0,0,0,0,0,0,0,0,0,0,0,-2146826246,000,-2146826246,-2146826273,-2146826273,-2146826273,-2146826273,-2146826273,-2146826273,-2146826273,-2146826273,-2146826273,-2146826273,-2146826273,-2146826273,-2146826273,-2146826273,-2146826273,-2146826273,-2146826273,-2146826273,-2146826273,-2146826273,-2146826273,-2146826273,-2146826273,-2146826273,-2146826273,-2146826273,-2146826273,-2146826273,-2146826273,-2146826273,-2146826273,-2146826273,-2146826273,-2146826273,-2146826273,-2146826273,-2146826273,-2146826273,-2146826273,-2146826273,-2146826273,-2146826273,-2146826273,-2146826273,-2146826273,なし,-2146826273,-2146826273,-2146826273,-2146826273,-2146826273,-2146826273,-2146826273,-2146826273,-2146826273,-2146826273,-2146826273,-2146826273,-2146826273,-2146826273,-2146826273,-2146826273,-2146826273,-2146826273,なし,-2146826273,-2146826273,-2146826273,0,0,0,0,0
20,0,0,0,0,0,0,0,0,0,0,0,0,-2146826246,000,-2146826246,-2146826273,-2146826273,-2146826273,-2146826273,-2146826273,-2146826273,-2146826273,-2146826273,-2146826273,-2146826273,-2146826273,-2146826273,-2146826273,-2146826273,-2146826273,-2146826273,-2146826273,-2146826273,-2146826273,-2146826273,-2146826273,-2146826273,-2146826273,-2146826273,-2146826273,-2146826273,-2146826273,-2146826273,-2146826273,-2146826273,-2146826273,-2146826273,-2146826273,-2146826273,-2146826273,-2146826273,-2146826273,-2146826273,-2146826273,-2146826273,-2146826273,-2146826273,-2146826273,-2146826273,-2146826273,なし,-2146826273,-2146826273,-2146826273,-2146826273,-2146826273,-2146826273,-2146826273,-2146826273,-2146826273,-2146826273,-2146826273,-2146826273,-2146826273,-2146826273,-2146826273,-2146826273,-2146826273,-2146826273,なし,-2146826273,-2146826273,-2146826273,0,0,0,0,0
20,0,0,0,0,0,0,0,0,0,0,0,0,-2146826246,000,-2146826246,-2146826273,-2146826273,-2146826273,-2146826273,-2146826273,-2146826273,-2146826273,-2146826273,-2146826273,-2146826273,-2146826273,-2146826273,-2146826273,-2146826273,-2146826273,-2146826273,-2146826273,-2146826273,-2146826273,-2146826273,-2146826273,-2146826273,-2146826273,-2146826273,-2146826273,-2146826273,-2146826273,-2146826273,-2146826273,-2146826273,-2146826273,-2146826273,-2146826273,-2146826273,-2146826273,-2146826273,-2146826273,-2146826273,-2146826273,-2146826273,-2146826273,-2146826273,-2146826273,-2146826273,-2146826273,なし,-2146826273,-2146826273,-2146826273,-2146826273,-2146826273,-2146826273,-2146826273,-2146826273,-2146826273,-2146826273,-2146826273,-2146826273,-2146826273,-2146826273,-2146826273,-2146826273,-2146826273,-2146826273,なし,-2146826273,-2146826273,-2146826273,0,0,0,0,0
20,0,0,0,0,0,0,0,0,0,0,0,0,-2146826246,000,-2146826246,-2146826273,-2146826273,-2146826273,-2146826273,-2146826273,-2146826273,-2146826273,-2146826273,-2146826273,-2146826273,-2146826273,-2146826273,-2146826273,-2146826273,-2146826273,-2146826273,-2146826273,-2146826273,-2146826273,-2146826273,-2146826273,-2146826273,-2146826273,-2146826273,-2146826273,-2146826273,-2146826273,-2146826273,-2146826273,-2146826273,-2146826273,-2146826273,-2146826273,-2146826273,-2146826273,-2146826273,-2146826273,-2146826273,-2146826273,-2146826273,-2146826273,-2146826273,-2146826273,-2146826273,-2146826273,なし,-2146826273,-2146826273,-2146826273,-2146826273,-2146826273,-2146826273,-2146826273,-2146826273,-2146826273,-2146826273,-2146826273,-2146826273,-2146826273,-2146826273,-2146826273,-2146826273,-2146826273,-2146826273,なし,-2146826273,-2146826273,-2146826273,0,0,0,0,0
20,0,0,0,0,0,0,0,0,0,0,0,0,-2146826246,000,-2146826246,-2146826273,-2146826273,-2146826273,-2146826273,-2146826273,-2146826273,-2146826273,-2146826273,-2146826273,-2146826273,-2146826273,-2146826273,-2146826273,-2146826273,-2146826273,-2146826273,-2146826273,-2146826273,-2146826273,-2146826273,-2146826273,-2146826273,-2146826273,-2146826273,-2146826273,-2146826273,-2146826273,-2146826273,-2146826273,-2146826273,-2146826273,-2146826273,-2146826273,-2146826273,-2146826273,-2146826273,-2146826273,-2146826273,-2146826273,-2146826273,-2146826273,-2146826273,-2146826273,-2146826273,-2146826273,なし,-2146826273,-2146826273,-2146826273,-2146826273,-2146826273,-2146826273,-2146826273,-2146826273,-2146826273,-2146826273,-2146826273,-2146826273,-2146826273,-2146826273,-2146826273,-2146826273,-2146826273,-2146826273,なし,-2146826273,-2146826273,-2146826273,0,0,0,0,0
20,0,0,0,0,0,0,0,0,0,0,0,0,-2146826246,000,-2146826246,-2146826273,-2146826273,-2146826273,-2146826273,-2146826273,-2146826273,-2146826273,-2146826273,-2146826273,-2146826273,-2146826273,-2146826273,-2146826273,-2146826273,-2146826273,-2146826273,-2146826273,-2146826273,-2146826273,-2146826273,-2146826273,-2146826273,-2146826273,-2146826273,-2146826273,-2146826273,-2146826273,-2146826273,-2146826273,-2146826273,-2146826273,-2146826273,-2146826273,-2146826273,-2146826273,-2146826273,-2146826273,-2146826273,-2146826273,-2146826273,-2146826273,-2146826273,-2146826273,-2146826273,-2146826273,なし,-2146826273,-2146826273,-2146826273,-2146826273,-2146826273,-2146826273,-2146826273,-2146826273,-2146826273,-2146826273,-2146826273,-2146826273,-2146826273,-2146826273,-2146826273,-2146826273,-2146826273,-2146826273,なし,-2146826273,-2146826273,-2146826273,0,0,0,0,0
20,0,0,0,0,0,0,0,0,0,0,0,0,-2146826246,000,-2146826246,-2146826273,-2146826273,-2146826273,-2146826273,-2146826273,-2146826273,-2146826273,-2146826273,-2146826273,-2146826273,-2146826273,-2146826273,-2146826273,-2146826273,-2146826273,-2146826273,-2146826273,-2146826273,-2146826273,-2146826273,-2146826273,-2146826273,-2146826273,-2146826273,-2146826273,-2146826273,-2146826273,-2146826273,-2146826273,-2146826273,-2146826273,-2146826273,-2146826273,-2146826273,-2146826273,-2146826273,-2146826273,-2146826273,-2146826273,-2146826273,-2146826273,-2146826273,-2146826273,-2146826273,-2146826273,なし,-2146826273,-2146826273,-2146826273,-2146826273,-2146826273,-2146826273,-2146826273,-2146826273,-2146826273,-2146826273,-2146826273,-2146826273,-2146826273,-2146826273,-2146826273,-2146826273,-2146826273,-2146826273,なし,-2146826273,-2146826273,-2146826273,0,0,0,0,0
20,0,0,0,0,0,0,0,0,0,0,0,0,-2146826246,000,-2146826246,-2146826273,-2146826273,-2146826273,-2146826273,-2146826273,-2146826273,-2146826273,-2146826273,-2146826273,-2146826273,-2146826273,-2146826273,-2146826273,-2146826273,-2146826273,-2146826273,-2146826273,-2146826273,-2146826273,-2146826273,-2146826273,-2146826273,-2146826273,-2146826273,-2146826273,-2146826273,-2146826273,-2146826273,-2146826273,-2146826273,-2146826273,-2146826273,-2146826273,-2146826273,-2146826273,-2146826273,-2146826273,-2146826273,-2146826273,-2146826273,-2146826273,-2146826273,-2146826273,-2146826273,-2146826273,なし,-2146826273,-2146826273,-2146826273,-2146826273,-2146826273,-2146826273,-2146826273,-2146826273,-2146826273,-2146826273,-2146826273,-2146826273,-2146826273,-2146826273,-2146826273,-2146826273,-2146826273,-2146826273,なし,-2146826273,-2146826273,-2146826273,0,0,0,0,0
20,0,0,0,0,0,0,0,0,0,0,0,0,-2146826246,000,-2146826246,-2146826273,-2146826273,-2146826273,-2146826273,-2146826273,-2146826273,-2146826273,-2146826273,-2146826273,-2146826273,-2146826273,-2146826273,-2146826273,-2146826273,-2146826273,-2146826273,-2146826273,-2146826273,-2146826273,-2146826273,-2146826273,-2146826273,-2146826273,-2146826273,-2146826273,-2146826273,-2146826273,-2146826273,-2146826273,-2146826273,-2146826273,-2146826273,-2146826273,-2146826273,-2146826273,-2146826273,-2146826273,-2146826273,-2146826273,-2146826273,-2146826273,-2146826273,-2146826273,-2146826273,-2146826273,なし,-2146826273,-2146826273,-2146826273,-2146826273,-2146826273,-2146826273,-2146826273,-2146826273,-2146826273,-2146826273,-2146826273,-2146826273,-2146826273,-2146826273,-2146826273,-2146826273,-2146826273,-2146826273,なし,-2146826273,-2146826273,-2146826273,0,0,0,0,0
20,0,0,0,0,0,0,0,0,0,0,0,0,-2146826246,000,-2146826246,-2146826273,-2146826273,-2146826273,-2146826273,-2146826273,-2146826273,-2146826273,-2146826273,-2146826273,-2146826273,-2146826273,-2146826273,-2146826273,-2146826273,-2146826273,-2146826273,-2146826273,-2146826273,-2146826273,-2146826273,-2146826273,-2146826273,-2146826273,-2146826273,-2146826273,-2146826273,-2146826273,-2146826273,-2146826273,-2146826273,-2146826273,-2146826273,-2146826273,-2146826273,-2146826273,-2146826273,-2146826273,-2146826273,-2146826273,-2146826273,-2146826273,-2146826273,-2146826273,-2146826273,-2146826273,なし,-2146826273,-2146826273,-2146826273,-2146826273,-2146826273,-2146826273,-2146826273,-2146826273,-2146826273,-2146826273,-2146826273,-2146826273,-2146826273,-2146826273,-2146826273,-2146826273,-2146826273,-2146826273,なし,-2146826273,-2146826273,-2146826273,0,0,0,0,0
20,0,0,0,0,0,0,0,0,0,0,0,0,-2146826246,000,-2146826246,-2146826273,-2146826273,-2146826273,-2146826273,-2146826273,-2146826273,-2146826273,-2146826273,-2146826273,-2146826273,-2146826273,-2146826273,-2146826273,-2146826273,-2146826273,-2146826273,-2146826273,-2146826273,-2146826273,-2146826273,-2146826273,-2146826273,-2146826273,-2146826273,-2146826273,-2146826273,-2146826273,-2146826273,-2146826273,-2146826273,-2146826273,-2146826273,-2146826273,-2146826273,-2146826273,-2146826273,-2146826273,-2146826273,-2146826273,-2146826273,-2146826273,-2146826273,-2146826273,-2146826273,-2146826273,なし,-2146826273,-2146826273,-2146826273,-2146826273,-2146826273,-2146826273,-2146826273,-2146826273,-2146826273,-2146826273,-2146826273,-2146826273,-2146826273,-2146826273,-2146826273,-2146826273,-2146826273,-2146826273,なし,-2146826273,-2146826273,-2146826273,0,0,0,0,0
20,0,0,0,0,0,0,0,0,0,0,0,0,-2146826246,000,-2146826246,-2146826273,-2146826273,-2146826273,-2146826273,-2146826273,-2146826273,-2146826273,-2146826273,-2146826273,-2146826273,-2146826273,-2146826273,-2146826273,-2146826273,-2146826273,-2146826273,-2146826273,-2146826273,-2146826273,-2146826273,-2146826273,-2146826273,-2146826273,-2146826273,-2146826273,-2146826273,-2146826273,-2146826273,-2146826273,-2146826273,-2146826273,-2146826273,-2146826273,-2146826273,-2146826273,-2146826273,-2146826273,-2146826273,-2146826273,-2146826273,-2146826273,-2146826273,-2146826273,-2146826273,-2146826273,なし,-2146826273,-2146826273,-2146826273,-2146826273,-2146826273,-2146826273,-2146826273,-2146826273,-2146826273,-2146826273,-2146826273,-2146826273,-2146826273,-2146826273,-2146826273,-2146826273,-2146826273,-2146826273,なし,-2146826273,-2146826273,-2146826273,0,0,0,0,0
20,0,0,0,0,0,0,0,0,0,0,0,0,-2146826246,000,-2146826246,-2146826273,-2146826273,-2146826273,-2146826273,-2146826273,-2146826273,-2146826273,-2146826273,-2146826273,-2146826273,-2146826273,-2146826273,-2146826273,-2146826273,-2146826273,-2146826273,-2146826273,-2146826273,-2146826273,-2146826273,-2146826273,-2146826273,-2146826273,-2146826273,-2146826273,-2146826273,-2146826273,-2146826273,-2146826273,-2146826273,-2146826273,-2146826273,-2146826273,-2146826273,-2146826273,-2146826273,-2146826273,-2146826273,-2146826273,-2146826273,-2146826273,-2146826273,-2146826273,-2146826273,-2146826273,なし,-2146826273,-2146826273,-2146826273,-2146826273,-2146826273,-2146826273,-2146826273,-2146826273,-2146826273,-2146826273,-2146826273,-2146826273,-2146826273,-2146826273,-2146826273,-2146826273,-2146826273,-2146826273,なし,-2146826273,-2146826273,-2146826273,0,0,0,0,0
20,0,0,0,0,0,0,0,0,0,0,0,0,-2146826246,000,-2146826246,-2146826273,-2146826273,-2146826273,-2146826273,-2146826273,-2146826273,-2146826273,-2146826273,-2146826273,-2146826273,-2146826273,-2146826273,-2146826273,-2146826273,-2146826273,-2146826273,-2146826273,-2146826273,-2146826273,-2146826273,-2146826273,-2146826273,-2146826273,-2146826273,-2146826273,-2146826273,-2146826273,-2146826273,-2146826273,-2146826273,-2146826273,-2146826273,-2146826273,-2146826273,-2146826273,-2146826273,-2146826273,-2146826273,-2146826273,-2146826273,-2146826273,-2146826273,-2146826273,-2146826273,-2146826273,なし,-2146826273,-2146826273,-2146826273,-2146826273,-2146826273,-2146826273,-2146826273,-2146826273,-2146826273,-2146826273,-2146826273,-2146826273,-2146826273,-2146826273,-2146826273,-2146826273,-2146826273,-2146826273,なし,-2146826273,-2146826273,-2146826273,0,0,0,0,0
20,0,0,0,0,0,0,0,0,0,0,0,0,-2146826246,000,-2146826246,-2146826273,-2146826273,-2146826273,-2146826273,-2146826273,-2146826273,-2146826273,-2146826273,-2146826273,-2146826273,-2146826273,-2146826273,-2146826273,-2146826273,-2146826273,-2146826273,-2146826273,-2146826273,-2146826273,-2146826273,-2146826273,-2146826273,-2146826273,-2146826273,-2146826273,-2146826273,-2146826273,-2146826273,-2146826273,-2146826273,-2146826273,-2146826273,-2146826273,-2146826273,-2146826273,-2146826273,-2146826273,-2146826273,-2146826273,-2146826273,-2146826273,-2146826273,-2146826273,-2146826273,-2146826273,なし,-2146826273,-2146826273,-2146826273,-2146826273,-2146826273,-2146826273,-2146826273,-2146826273,-2146826273,-2146826273,-2146826273,-2146826273,-2146826273,-2146826273,-2146826273,-2146826273,-2146826273,-2146826273,なし,-2146826273,-2146826273,-2146826273,0,0,0,0,0
20,0,0,0,0,0,0,0,0,0,0,0,0,-2146826246,000,-2146826246,-2146826273,-2146826273,-2146826273,-2146826273,-2146826273,-2146826273,-2146826273,-2146826273,-2146826273,-2146826273,-2146826273,-2146826273,-2146826273,-2146826273,-2146826273,-2146826273,-2146826273,-2146826273,-2146826273,-2146826273,-2146826273,-2146826273,-2146826273,-2146826273,-2146826273,-2146826273,-2146826273,-2146826273,-2146826273,-2146826273,-2146826273,-2146826273,-2146826273,-2146826273,-2146826273,-2146826273,-2146826273,-2146826273,-2146826273,-2146826273,-2146826273,-2146826273,-2146826273,-2146826273,-2146826273,なし,-2146826273,-2146826273,-2146826273,-2146826273,-2146826273,-2146826273,-2146826273,-2146826273,-2146826273,-2146826273,-2146826273,-2146826273,-2146826273,-2146826273,-2146826273,-2146826273,-2146826273,-2146826273,なし,-2146826273,-2146826273,-2146826273,0,0,0,0,0
20,0,0,0,0,0,0,0,0,0,0,0,0,-2146826246,000,-2146826246,-2146826273,-2146826273,-2146826273,-2146826273,-2146826273,-2146826273,-2146826273,-2146826273,-2146826273,-2146826273,-2146826273,-2146826273,-2146826273,-2146826273,-2146826273,-2146826273,-2146826273,-2146826273,-2146826273,-2146826273,-2146826273,-2146826273,-2146826273,-2146826273,-2146826273,-2146826273,-2146826273,-2146826273,-2146826273,-2146826273,-2146826273,-2146826273,-2146826273,-2146826273,-2146826273,-2146826273,-2146826273,-2146826273,-2146826273,-2146826273,-2146826273,-2146826273,-2146826273,-2146826273,-2146826273,なし,-2146826273,-2146826273,-2146826273,-2146826273,-2146826273,-2146826273,-2146826273,-2146826273,-2146826273,-2146826273,-2146826273,-2146826273,-2146826273,-2146826273,-2146826273,-2146826273,-2146826273,-2146826273,なし,-2146826273,-2146826273,-2146826273,0,0,0,0,0
20,0,0,0,0,0,0,0,0,0,0,0,0,-2146826246,000,-2146826246,-2146826273,-2146826273,-2146826273,-2146826273,-2146826273,-2146826273,-2146826273,-2146826273,-2146826273,-2146826273,-2146826273,-2146826273,-2146826273,-2146826273,-2146826273,-2146826273,-2146826273,-2146826273,-2146826273,-2146826273,-2146826273,-2146826273,-2146826273,-2146826273,-2146826273,-2146826273,-2146826273,-2146826273,-2146826273,-2146826273,-2146826273,-2146826273,-2146826273,-2146826273,-2146826273,-2146826273,-2146826273,-2146826273,-2146826273,-2146826273,-2146826273,-2146826273,-2146826273,-2146826273,-2146826273,なし,-2146826273,-2146826273,-2146826273,-2146826273,-2146826273,-2146826273,-2146826273,-2146826273,-2146826273,-2146826273,-2146826273,-2146826273,-2146826273,-2146826273,-2146826273,-2146826273,-2146826273,-2146826273,なし,-2146826273,-2146826273,-2146826273,0,0,0,0,0
20,0,0,0,0,0,0,0,0,0,0,0,0,-2146826246,000,-2146826246,-2146826273,-2146826273,-2146826273,-2146826273,-2146826273,-2146826273,-2146826273,-2146826273,-2146826273,-2146826273,-2146826273,-2146826273,-2146826273,-2146826273,-2146826273,-2146826273,-2146826273,-2146826273,-2146826273,-2146826273,-2146826273,-2146826273,-2146826273,-2146826273,-2146826273,-2146826273,-2146826273,-2146826273,-2146826273,-2146826273,-2146826273,-2146826273,-2146826273,-2146826273,-2146826273,-2146826273,-2146826273,-2146826273,-2146826273,-2146826273,-2146826273,-2146826273,-2146826273,-2146826273,-2146826273,なし,-2146826273,-2146826273,-2146826273,-2146826273,-2146826273,-2146826273,-2146826273,-2146826273,-2146826273,-2146826273,-2146826273,-2146826273,-2146826273,-2146826273,-2146826273,-2146826273,-2146826273,-2146826273,なし,-2146826273,-2146826273,-2146826273,0,0,0,0,0
20,0,0,0,0,0,0,0,0,0,0,0,0,-2146826246,000,-2146826246,-2146826273,-2146826273,-2146826273,-2146826273,-2146826273,-2146826273,-2146826273,-2146826273,-2146826273,-2146826273,-2146826273,-2146826273,-2146826273,-2146826273,-2146826273,-2146826273,-2146826273,-2146826273,-2146826273,-2146826273,-2146826273,-2146826273,-2146826273,-2146826273,-2146826273,-2146826273,-2146826273,-2146826273,-2146826273,-2146826273,-2146826273,-2146826273,-2146826273,-2146826273,-2146826273,-2146826273,-2146826273,-2146826273,-2146826273,-2146826273,-2146826273,-2146826273,-2146826273,-2146826273,-2146826273,なし,-2146826273,-2146826273,-2146826273,-2146826273,-2146826273,-2146826273,-2146826273,-2146826273,-2146826273,-2146826273,-2146826273,-2146826273,-2146826273,-2146826273,-2146826273,-2146826273,-2146826273,-2146826273,なし,-2146826273,-2146826273,-2146826273,0,0,0,0,0
20,0,0,0,0,0,0,0,0,0,0,0,0,-2146826246,000,-2146826246,-2146826273,-2146826273,-2146826273,-2146826273,-2146826273,-2146826273,-2146826273,-2146826273,-2146826273,-2146826273,-2146826273,-2146826273,-2146826273,-2146826273,-2146826273,-2146826273,-2146826273,-2146826273,-2146826273,-2146826273,-2146826273,-2146826273,-2146826273,-2146826273,-2146826273,-2146826273,-2146826273,-2146826273,-2146826273,-2146826273,-2146826273,-2146826273,-2146826273,-2146826273,-2146826273,-2146826273,-2146826273,-2146826273,-2146826273,-2146826273,-2146826273,-2146826273,-2146826273,-2146826273,-2146826273,なし,-2146826273,-2146826273,-2146826273,-2146826273,-2146826273,-2146826273,-2146826273,-2146826273,-2146826273,-2146826273,-2146826273,-2146826273,-2146826273,-2146826273,-2146826273,-2146826273,-2146826273,-2146826273,なし,-2146826273,-2146826273,-2146826273,0,0,0,0,0
20,0,0,0,0,0,0,0,0,0,0,0,0,-2146826246,000,-2146826246,-2146826273,-2146826273,-2146826273,-2146826273,-2146826273,-2146826273,-2146826273,-2146826273,-2146826273,-2146826273,-2146826273,-2146826273,-2146826273,-2146826273,-2146826273,-2146826273,-2146826273,-2146826273,-2146826273,-2146826273,-2146826273,-2146826273,-2146826273,-2146826273,-2146826273,-2146826273,-2146826273,-2146826273,-2146826273,-2146826273,-2146826273,-2146826273,-2146826273,-2146826273,-2146826273,-2146826273,-2146826273,-2146826273,-2146826273,-2146826273,-2146826273,-2146826273,-2146826273,-2146826273,-2146826273,なし,-2146826273,-2146826273,-2146826273,-2146826273,-2146826273,-2146826273,-2146826273,-2146826273,-2146826273,-2146826273,-2146826273,-2146826273,-2146826273,-2146826273,-2146826273,-2146826273,-2146826273,-2146826273,なし,-2146826273,-2146826273,-2146826273,0,0,0,0,0
20,0,0,0,0,0,0,0,0,0,0,0,0,-2146826246,000,-2146826246,-2146826273,-2146826273,-2146826273,-2146826273,-2146826273,-2146826273,-2146826273,-2146826273,-2146826273,-2146826273,-2146826273,-2146826273,-2146826273,-2146826273,-2146826273,-2146826273,-2146826273,-2146826273,-2146826273,-2146826273,-2146826273,-2146826273,-2146826273,-2146826273,-2146826273,-2146826273,-2146826273,-2146826273,-2146826273,-2146826273,-2146826273,-2146826273,-2146826273,-2146826273,-2146826273,-2146826273,-2146826273,-2146826273,-2146826273,-2146826273,-2146826273,-2146826273,-2146826273,-2146826273,-2146826273,なし,-2146826273,-2146826273,-2146826273,-2146826273,-2146826273,-2146826273,-2146826273,-2146826273,-2146826273,-2146826273,-2146826273,-2146826273,-2146826273,-2146826273,-2146826273,-2146826273,-2146826273,-2146826273,なし,-2146826273,-2146826273,-2146826273,0,0,0,0,0
20,0,0,0,0,0,0,0,0,0,0,0,0,-2146826246,000,-2146826246,-2146826273,-2146826273,-2146826273,-2146826273,-2146826273,-2146826273,-2146826273,-2146826273,-2146826273,-2146826273,-2146826273,-2146826273,-2146826273,-2146826273,-2146826273,-2146826273,-2146826273,-2146826273,-2146826273,-2146826273,-2146826273,-2146826273,-2146826273,-2146826273,-2146826273,-2146826273,-2146826273,-2146826273,-2146826273,-2146826273,-2146826273,-2146826273,-2146826273,-2146826273,-2146826273,-2146826273,-2146826273,-2146826273,-2146826273,-2146826273,-2146826273,-2146826273,-2146826273,-2146826273,-2146826273,なし,-2146826273,-2146826273,-2146826273,-2146826273,-2146826273,-2146826273,-2146826273,-2146826273,-2146826273,-2146826273,-2146826273,-2146826273,-2146826273,-2146826273,-2146826273,-2146826273,-2146826273,-2146826273,なし,-2146826273,-2146826273,-2146826273,0,0,0,0,0
20,0,0,0,0,0,0,0,0,0,0,0,0,-2146826246,000,-2146826246,-2146826273,-2146826273,-2146826273,-2146826273,-2146826273,-2146826273,-2146826273,-2146826273,-2146826273,-2146826273,-2146826273,-2146826273,-2146826273,-2146826273,-2146826273,-2146826273,-2146826273,-2146826273,-2146826273,-2146826273,-2146826273,-2146826273,-2146826273,-2146826273,-2146826273,-2146826273,-2146826273,-2146826273,-2146826273,-2146826273,-2146826273,-2146826273,-2146826273,-2146826273,-2146826273,-2146826273,-2146826273,-2146826273,-2146826273,-2146826273,-2146826273,-2146826273,-2146826273,-2146826273,-2146826273,なし,-2146826273,-2146826273,-2146826273,-2146826273,-2146826273,-2146826273,-2146826273,-2146826273,-2146826273,-2146826273,-2146826273,-2146826273,-2146826273,-2146826273,-2146826273,-2146826273,-2146826273,-2146826273,なし,-2146826273,-2146826273,-2146826273,0,0,0,0,0
20,0,0,0,0,0,0,0,0,0,0,0,0,-2146826246,000,-2146826246,-2146826273,-2146826273,-2146826273,-2146826273,-2146826273,-2146826273,-2146826273,-2146826273,-2146826273,-2146826273,-2146826273,-2146826273,-2146826273,-2146826273,-2146826273,-2146826273,-2146826273,-2146826273,-2146826273,-2146826273,-2146826273,-2146826273,-2146826273,-2146826273,-2146826273,-2146826273,-2146826273,-2146826273,-2146826273,-2146826273,-2146826273,-2146826273,-2146826273,-2146826273,-2146826273,-2146826273,-2146826273,-2146826273,-2146826273,-2146826273,-2146826273,-2146826273,-2146826273,-2146826273,-2146826273,なし,-2146826273,-2146826273,-2146826273,-2146826273,-2146826273,-2146826273,-2146826273,-2146826273,-2146826273,-2146826273,-2146826273,-2146826273,-2146826273,-2146826273,-2146826273,-2146826273,-2146826273,-2146826273,なし,-2146826273,-2146826273,-2146826273,0,0,0,0,0
20,0,0,0,0,0,0,0,0,0,0,0,0,-2146826246,000,-2146826246,-2146826273,-2146826273,-2146826273,-2146826273,-2146826273,-2146826273,-2146826273,-2146826273,-2146826273,-2146826273,-2146826273,-2146826273,-2146826273,-2146826273,-2146826273,-2146826273,-2146826273,-2146826273,-2146826273,-2146826273,-2146826273,-2146826273,-2146826273,-2146826273,-2146826273,-2146826273,-2146826273,-2146826273,-2146826273,-2146826273,-2146826273,-2146826273,-2146826273,-2146826273,-2146826273,-2146826273,-2146826273,-2146826273,-2146826273,-2146826273,-2146826273,-2146826273,-2146826273,-2146826273,-2146826273,なし,-2146826273,-2146826273,-2146826273,-2146826273,-2146826273,-2146826273,-2146826273,-2146826273,-2146826273,-2146826273,-2146826273,-2146826273,-2146826273,-2146826273,-2146826273,-2146826273,-2146826273,-2146826273,なし,-2146826273,-2146826273,-2146826273,0,0,0,0,0
20,0,0,0,0,0,0,0,0,0,0,0,0,-2146826246,000,-2146826246,-2146826273,-2146826273,-2146826273,-2146826273,-2146826273,-2146826273,-2146826273,-2146826273,-2146826273,-2146826273,-2146826273,-2146826273,-2146826273,-2146826273,-2146826273,-2146826273,-2146826273,-2146826273,-2146826273,-2146826273,-2146826273,-2146826273,-2146826273,-2146826273,-2146826273,-2146826273,-2146826273,-2146826273,-2146826273,-2146826273,-2146826273,-2146826273,-2146826273,-2146826273,-2146826273,-2146826273,-2146826273,-2146826273,-2146826273,-2146826273,-2146826273,-2146826273,-2146826273,-2146826273,-2146826273,なし,-2146826273,-2146826273,-2146826273,-2146826273,-2146826273,-2146826273,-2146826273,-2146826273,-2146826273,-2146826273,-2146826273,-2146826273,-2146826273,-2146826273,-2146826273,-2146826273,-2146826273,-2146826273,なし,-2146826273,-2146826273,-2146826273,0,0,0,0,0
20,0,0,0,0,0,0,0,0,0,0,0,0,-2146826246,000,-2146826246,-2146826273,-2146826273,-2146826273,-2146826273,-2146826273,-2146826273,-2146826273,-2146826273,-2146826273,-2146826273,-2146826273,-2146826273,-2146826273,-2146826273,-2146826273,-2146826273,-2146826273,-2146826273,-2146826273,-2146826273,-2146826273,-2146826273,-2146826273,-2146826273,-2146826273,-2146826273,-2146826273,-2146826273,-2146826273,-2146826273,-2146826273,-2146826273,-2146826273,-2146826273,-2146826273,-2146826273,-2146826273,-2146826273,-2146826273,-2146826273,-2146826273,-2146826273,-2146826273,-2146826273,-2146826273,なし,-2146826273,-2146826273,-2146826273,-2146826273,-2146826273,-2146826273,-2146826273,-2146826273,-2146826273,-2146826273,-2146826273,-2146826273,-2146826273,-2146826273,-2146826273,-2146826273,-2146826273,-2146826273,なし,-2146826273,-2146826273,-2146826273,0,0,0,0,0
20,0,0,0,0,0,0,0,0,0,0,0,0,-2146826246,000,-2146826246,-2146826273,-2146826273,-2146826273,-2146826273,-2146826273,-2146826273,-2146826273,-2146826273,-2146826273,-2146826273,-2146826273,-2146826273,-2146826273,-2146826273,-2146826273,-2146826273,-2146826273,-2146826273,-2146826273,-2146826273,-2146826273,-2146826273,-2146826273,-2146826273,-2146826273,-2146826273,-2146826273,-2146826273,-2146826273,-2146826273,-2146826273,-2146826273,-2146826273,-2146826273,-2146826273,-2146826273,-2146826273,-2146826273,-2146826273,-2146826273,-2146826273,-2146826273,-2146826273,-2146826273,-2146826273,なし,-2146826273,-2146826273,-2146826273,-2146826273,-2146826273,-2146826273,-2146826273,-2146826273,-2146826273,-2146826273,-2146826273,-2146826273,-2146826273,-2146826273,-2146826273,-2146826273,-2146826273,-2146826273,なし,-2146826273,-2146826273,-2146826273,0,0,0,0,0
20,0,0,0,0,0,0,0,0,0,0,0,0,-2146826246,000,-2146826246,-2146826273,-2146826273,-2146826273,-2146826273,-2146826273,-2146826273,-2146826273,-2146826273,-2146826273,-2146826273,-2146826273,-2146826273,-2146826273,-2146826273,-2146826273,-2146826273,-2146826273,-2146826273,-2146826273,-2146826273,-2146826273,-2146826273,-2146826273,-2146826273,-2146826273,-2146826273,-2146826273,-2146826273,-2146826273,-2146826273,-2146826273,-2146826273,-2146826273,-2146826273,-2146826273,-2146826273,-2146826273,-2146826273,-2146826273,-2146826273,-2146826273,-2146826273,-2146826273,-2146826273,-2146826273,なし,-2146826273,-2146826273,-2146826273,-2146826273,-2146826273,-2146826273,-2146826273,-2146826273,-2146826273,-2146826273,-2146826273,-2146826273,-2146826273,-2146826273,-2146826273,-2146826273,-2146826273,-2146826273,なし,-2146826273,-2146826273,-2146826273,0,0,0,0,0
20,0,0,0,0,0,0,0,0,0,0,0,0,-2146826246,000,-2146826246,-2146826273,-2146826273,-2146826273,-2146826273,-2146826273,-2146826273,-2146826273,-2146826273,-2146826273,-2146826273,-2146826273,-2146826273,-2146826273,-2146826273,-2146826273,-2146826273,-2146826273,-2146826273,-2146826273,-2146826273,-2146826273,-2146826273,-2146826273,-2146826273,-2146826273,-2146826273,-2146826273,-2146826273,-2146826273,-2146826273,-2146826273,-2146826273,-2146826273,-2146826273,-2146826273,-2146826273,-2146826273,-2146826273,-2146826273,-2146826273,-2146826273,-2146826273,-2146826273,-2146826273,-2146826273,なし,-2146826273,-2146826273,-2146826273,-2146826273,-2146826273,-2146826273,-2146826273,-2146826273,-2146826273,-2146826273,-2146826273,-2146826273,-2146826273,-2146826273,-2146826273,-2146826273,-2146826273,-2146826273,なし,-2146826273,-2146826273,-2146826273,0,0,0,0,0
20,0,0,0,0,0,0,0,0,0,0,0,0,-2146826246,000,-2146826246,-2146826273,-2146826273,-2146826273,-2146826273,-2146826273,-2146826273,-2146826273,-2146826273,-2146826273,-2146826273,-2146826273,-2146826273,-2146826273,-2146826273,-2146826273,-2146826273,-2146826273,-2146826273,-2146826273,-2146826273,-2146826273,-2146826273,-2146826273,-2146826273,-2146826273,-2146826273,-2146826273,-2146826273,-2146826273,-2146826273,-2146826273,-2146826273,-2146826273,-2146826273,-2146826273,-2146826273,-2146826273,-2146826273,-2146826273,-2146826273,-2146826273,-2146826273,-2146826273,-2146826273,-2146826273,なし,-2146826273,-2146826273,-2146826273,-2146826273,-2146826273,-2146826273,-2146826273,-2146826273,-2146826273,-2146826273,-2146826273,-2146826273,-2146826273,-2146826273,-2146826273,-2146826273,-2146826273,-2146826273,なし,-2146826273,-2146826273,-2146826273,0,0,0,0,0
20,0,0,0,0,0,0,0,0,0,0,0,0,-2146826246,000,-2146826246,-2146826273,-2146826273,-2146826273,-2146826273,-2146826273,-2146826273,-2146826273,-2146826273,-2146826273,-2146826273,-2146826273,-2146826273,-2146826273,-2146826273,-2146826273,-2146826273,-2146826273,-2146826273,-2146826273,-2146826273,-2146826273,-2146826273,-2146826273,-2146826273,-2146826273,-2146826273,-2146826273,-2146826273,-2146826273,-2146826273,-2146826273,-2146826273,-2146826273,-2146826273,-2146826273,-2146826273,-2146826273,-2146826273,-2146826273,-2146826273,-2146826273,-2146826273,-2146826273,-2146826273,-2146826273,なし,-2146826273,-2146826273,-2146826273,-2146826273,-2146826273,-2146826273,-2146826273,-2146826273,-2146826273,-2146826273,-2146826273,-2146826273,-2146826273,-2146826273,-2146826273,-2146826273,-2146826273,-2146826273,なし,-2146826273,-2146826273,-2146826273,0,0,0,0,0
20,0,0,0,0,0,0,0,0,0,0,0,0,-2146826246,000,-2146826246,-2146826273,-2146826273,-2146826273,-2146826273,-2146826273,-2146826273,-2146826273,-2146826273,-2146826273,-2146826273,-2146826273,-2146826273,-2146826273,-2146826273,-2146826273,-2146826273,-2146826273,-2146826273,-2146826273,-2146826273,-2146826273,-2146826273,-2146826273,-2146826273,-2146826273,-2146826273,-2146826273,-2146826273,-2146826273,-2146826273,-2146826273,-2146826273,-2146826273,-2146826273,-2146826273,-2146826273,-2146826273,-2146826273,-2146826273,-2146826273,-2146826273,-2146826273,-2146826273,-2146826273,-2146826273,なし,-2146826273,-2146826273,-2146826273,-2146826273,-2146826273,-2146826273,-2146826273,-2146826273,-2146826273,-2146826273,-2146826273,-2146826273,-2146826273,-2146826273,-2146826273,-2146826273,-2146826273,-2146826273,なし,-2146826273,-2146826273,-2146826273,0,0,0,0,0
20,0,0,0,0,0,0,0,0,0,0,0,0,-2146826246,000,-2146826246,-2146826273,-2146826273,-2146826273,-2146826273,-2146826273,-2146826273,-2146826273,-2146826273,-2146826273,-2146826273,-2146826273,-2146826273,-2146826273,-2146826273,-2146826273,-2146826273,-2146826273,-2146826273,-2146826273,-2146826273,-2146826273,-2146826273,-2146826273,-2146826273,-2146826273,-2146826273,-2146826273,-2146826273,-2146826273,-2146826273,-2146826273,-2146826273,-2146826273,-2146826273,-2146826273,-2146826273,-2146826273,-2146826273,-2146826273,-2146826273,-2146826273,-2146826273,-2146826273,-2146826273,-2146826273,なし,-2146826273,-2146826273,-2146826273,-2146826273,-2146826273,-2146826273,-2146826273,-2146826273,-2146826273,-2146826273,-2146826273,-2146826273,-2146826273,-2146826273,-2146826273,-2146826273,-2146826273,-2146826273,なし,-2146826273,-2146826273,-2146826273,0,0,0,0,0
20,0,0,0,0,0,0,0,0,0,0,0,0,-2146826246,000,-2146826246,-2146826273,-2146826273,-2146826273,-2146826273,-2146826273,-2146826273,-2146826273,-2146826273,-2146826273,-2146826273,-2146826273,-2146826273,-2146826273,-2146826273,-2146826273,-2146826273,-2146826273,-2146826273,-2146826273,-2146826273,-2146826273,-2146826273,-2146826273,-2146826273,-2146826273,-2146826273,-2146826273,-2146826273,-2146826273,-2146826273,-2146826273,-2146826273,-2146826273,-2146826273,-2146826273,-2146826273,-2146826273,-2146826273,-2146826273,-2146826273,-2146826273,-2146826273,-2146826273,-2146826273,-2146826273,なし,-2146826273,-2146826273,-2146826273,-2146826273,-2146826273,-2146826273,-2146826273,-2146826273,-2146826273,-2146826273,-2146826273,-2146826273,-2146826273,-2146826273,-2146826273,-2146826273,-2146826273,-2146826273,なし,-2146826273,-2146826273,-2146826273,0,0,0,0,0
20,0,0,0,0,0,0,0,0,0,0,0,0,-2146826246,000,-2146826246,-2146826273,-2146826273,-2146826273,-2146826273,-2146826273,-2146826273,-2146826273,-2146826273,-2146826273,-2146826273,-2146826273,-2146826273,-2146826273,-2146826273,-2146826273,-2146826273,-2146826273,-2146826273,-2146826273,-2146826273,-2146826273,-2146826273,-2146826273,-2146826273,-2146826273,-2146826273,-2146826273,-2146826273,-2146826273,-2146826273,-2146826273,-2146826273,-2146826273,-2146826273,-2146826273,-2146826273,-2146826273,-2146826273,-2146826273,-2146826273,-2146826273,-2146826273,-2146826273,-2146826273,-2146826273,なし,-2146826273,-2146826273,-2146826273,-2146826273,-2146826273,-2146826273,-2146826273,-2146826273,-2146826273,-2146826273,-2146826273,-2146826273,-2146826273,-2146826273,-2146826273,-2146826273,-2146826273,-2146826273,なし,-2146826273,-2146826273,-2146826273,0,0,0,0,0
20,0,0,0,0,0,0,0,0,0,0,0,0,-2146826246,000,-2146826246,-2146826273,-2146826273,-2146826273,-2146826273,-2146826273,-2146826273,-2146826273,-2146826273,-2146826273,-2146826273,-2146826273,-2146826273,-2146826273,-2146826273,-2146826273,-2146826273,-2146826273,-2146826273,-2146826273,-2146826273,-2146826273,-2146826273,-2146826273,-2146826273,-2146826273,-2146826273,-2146826273,-2146826273,-2146826273,-2146826273,-2146826273,-2146826273,-2146826273,-2146826273,-2146826273,-2146826273,-2146826273,-2146826273,-2146826273,-2146826273,-2146826273,-2146826273,-2146826273,-2146826273,-2146826273,なし,-2146826273,-2146826273,-2146826273,-2146826273,-2146826273,-2146826273,-2146826273,-2146826273,-2146826273,-2146826273,-2146826273,-2146826273,-2146826273,-2146826273,-2146826273,-2146826273,-2146826273,-2146826273,なし,-2146826273,-2146826273,-2146826273,0,0,0,0,0
20,0,0,0,0,0,0,0,0,0,0,0,0,-2146826246,000,-2146826246,-2146826273,-2146826273,-2146826273,-2146826273,-2146826273,-2146826273,-2146826273,-2146826273,-2146826273,-2146826273,-2146826273,-2146826273,-2146826273,-2146826273,-2146826273,-2146826273,-2146826273,-2146826273,-2146826273,-2146826273,-2146826273,-2146826273,-2146826273,-2146826273,-2146826273,-2146826273,-2146826273,-2146826273,-2146826273,-2146826273,-2146826273,-2146826273,-2146826273,-2146826273,-2146826273,-2146826273,-2146826273,-2146826273,-2146826273,-2146826273,-2146826273,-2146826273,-2146826273,-2146826273,-2146826273,なし,-2146826273,-2146826273,-2146826273,-2146826273,-2146826273,-2146826273,-2146826273,-2146826273,-2146826273,-2146826273,-2146826273,-2146826273,-2146826273,-2146826273,-2146826273,-2146826273,-2146826273,-2146826273,なし,-2146826273,-2146826273,-2146826273,0,0,0,0,0
20,0,0,0,0,0,0,0,0,0,0,0,0,-2146826246,000,-2146826246,-2146826273,-2146826273,-2146826273,-2146826273,-2146826273,-2146826273,-2146826273,-2146826273,-2146826273,-2146826273,-2146826273,-2146826273,-2146826273,-2146826273,-2146826273,-2146826273,-2146826273,-2146826273,-2146826273,-2146826273,-2146826273,-2146826273,-2146826273,-2146826273,-2146826273,-2146826273,-2146826273,-2146826273,-2146826273,-2146826273,-2146826273,-2146826273,-2146826273,-2146826273,-2146826273,-2146826273,-2146826273,-2146826273,-2146826273,-2146826273,-2146826273,-2146826273,-2146826273,-2146826273,-2146826273,なし,-2146826273,-2146826273,-2146826273,-2146826273,-2146826273,-2146826273,-2146826273,-2146826273,-2146826273,-2146826273,-2146826273,-2146826273,-2146826273,-2146826273,-2146826273,-2146826273,-2146826273,-2146826273,なし,-2146826273,-2146826273,-2146826273,0,0,0,0,0
20,0,0,0,0,0,0,0,0,0,0,0,0,-2146826246,000,-2146826246,-2146826273,-2146826273,-2146826273,-2146826273,-2146826273,-2146826273,-2146826273,-2146826273,-2146826273,-2146826273,-2146826273,-2146826273,-2146826273,-2146826273,-2146826273,-2146826273,-2146826273,-2146826273,-2146826273,-2146826273,-2146826273,-2146826273,-2146826273,-2146826273,-2146826273,-2146826273,-2146826273,-2146826273,-2146826273,-2146826273,-2146826273,-2146826273,-2146826273,-2146826273,-2146826273,-2146826273,-2146826273,-2146826273,-2146826273,-2146826273,-2146826273,-2146826273,-2146826273,-2146826273,-2146826273,なし,-2146826273,-2146826273,-2146826273,-2146826273,-2146826273,-2146826273,-2146826273,-2146826273,-2146826273,-2146826273,-2146826273,-2146826273,-2146826273,-2146826273,-2146826273,-2146826273,-2146826273,-2146826273,なし,-2146826273,-2146826273,-2146826273,0,0,0,0,0
20,0,0,0,0,0,0,0,0,0,0,0,0,-2146826246,000,-2146826246,-2146826273,-2146826273,-2146826273,-2146826273,-2146826273,-2146826273,-2146826273,-2146826273,-2146826273,-2146826273,-2146826273,-2146826273,-2146826273,-2146826273,-2146826273,-2146826273,-2146826273,-2146826273,-2146826273,-2146826273,-2146826273,-2146826273,-2146826273,-2146826273,-2146826273,-2146826273,-2146826273,-2146826273,-2146826273,-2146826273,-2146826273,-2146826273,-2146826273,-2146826273,-2146826273,-2146826273,-2146826273,-2146826273,-2146826273,-2146826273,-2146826273,-2146826273,-2146826273,-2146826273,-2146826273,なし,-2146826273,-2146826273,-2146826273,-2146826273,-2146826273,-2146826273,-2146826273,-2146826273,-2146826273,-2146826273,-2146826273,-2146826273,-2146826273,-2146826273,-2146826273,-2146826273,-2146826273,-2146826273,なし,-2146826273,-2146826273,-2146826273,0,0,0,0,0
20,0,0,0,0,0,0,0,0,0,0,0,0,-2146826246,000,-2146826246,-2146826273,-2146826273,-2146826273,-2146826273,-2146826273,-2146826273,-2146826273,-2146826273,-2146826273,-2146826273,-2146826273,-2146826273,-2146826273,-2146826273,-2146826273,-2146826273,-2146826273,-2146826273,-2146826273,-2146826273,-2146826273,-2146826273,-2146826273,-2146826273,-2146826273,-2146826273,-2146826273,-2146826273,-2146826273,-2146826273,-2146826273,-2146826273,-2146826273,-2146826273,-2146826273,-2146826273,-2146826273,-2146826273,-2146826273,-2146826273,-2146826273,-2146826273,-2146826273,-2146826273,-2146826273,なし,-2146826273,-2146826273,-2146826273,-2146826273,-2146826273,-2146826273,-2146826273,-2146826273,-2146826273,-2146826273,-2146826273,-2146826273,-2146826273,-2146826273,-2146826273,-2146826273,-2146826273,-2146826273,なし,-2146826273,-2146826273,-2146826273,0,0,0,0,0
20,0,0,0,0,0,0,0,0,0,0,0,0,-2146826246,000,-2146826246,-2146826273,-2146826273,-2146826273,-2146826273,-2146826273,-2146826273,-2146826273,-2146826273,-2146826273,-2146826273,-2146826273,-2146826273,-2146826273,-2146826273,-2146826273,-2146826273,-2146826273,-2146826273,-2146826273,-2146826273,-2146826273,-2146826273,-2146826273,-2146826273,-2146826273,-2146826273,-2146826273,-2146826273,-2146826273,-2146826273,-2146826273,-2146826273,-2146826273,-2146826273,-2146826273,-2146826273,-2146826273,-2146826273,-2146826273,-2146826273,-2146826273,-2146826273,-2146826273,-2146826273,-2146826273,なし,-2146826273,-2146826273,-2146826273,-2146826273,-2146826273,-2146826273,-2146826273,-2146826273,-2146826273,-2146826273,-2146826273,-2146826273,-2146826273,-2146826273,-2146826273,-2146826273,-2146826273,-2146826273,なし,-2146826273,-2146826273,-2146826273,0,0,0,0,0
20,0,0,0,0,0,0,0,0,0,0,0,0,-2146826246,000,-2146826246,-2146826273,-2146826273,-2146826273,-2146826273,-2146826273,-2146826273,-2146826273,-2146826273,-2146826273,-2146826273,-2146826273,-2146826273,-2146826273,-2146826273,-2146826273,-2146826273,-2146826273,-2146826273,-2146826273,-2146826273,-2146826273,-2146826273,-2146826273,-2146826273,-2146826273,-2146826273,-2146826273,-2146826273,-2146826273,-2146826273,-2146826273,-2146826273,-2146826273,-2146826273,-2146826273,-2146826273,-2146826273,-2146826273,-2146826273,-2146826273,-2146826273,-2146826273,-2146826273,-2146826273,-2146826273,なし,-2146826273,-2146826273,-2146826273,-2146826273,-2146826273,-2146826273,-2146826273,-2146826273,-2146826273,-2146826273,-2146826273,-2146826273,-2146826273,-2146826273,-2146826273,-2146826273,-2146826273,-2146826273,なし,-2146826273,-2146826273,-2146826273,0,0,0,0,0
20,0,0,0,0,0,0,0,0,0,0,0,0,-2146826246,000,-2146826246,-2146826273,-2146826273,-2146826273,-2146826273,-2146826273,-2146826273,-2146826273,-2146826273,-2146826273,-2146826273,-2146826273,-2146826273,-2146826273,-2146826273,-2146826273,-2146826273,-2146826273,-2146826273,-2146826273,-2146826273,-2146826273,-2146826273,-2146826273,-2146826273,-2146826273,-2146826273,-2146826273,-2146826273,-2146826273,-2146826273,-2146826273,-2146826273,-2146826273,-2146826273,-2146826273,-2146826273,-2146826273,-2146826273,-2146826273,-2146826273,-2146826273,-2146826273,-2146826273,-2146826273,-2146826273,なし,-2146826273,-2146826273,-2146826273,-2146826273,-2146826273,-2146826273,-2146826273,-2146826273,-2146826273,-2146826273,-2146826273,-2146826273,-2146826273,-2146826273,-2146826273,-2146826273,-2146826273,-2146826273,なし,-2146826273,-2146826273,-2146826273,0,0,0,0,0
20,0,0,0,0,0,0,0,0,0,0,0,0,-2146826246,000,-2146826246,-2146826273,-2146826273,-2146826273,-2146826273,-2146826273,-2146826273,-2146826273,-2146826273,-2146826273,-2146826273,-2146826273,-2146826273,-2146826273,-2146826273,-2146826273,-2146826273,-2146826273,-2146826273,-2146826273,-2146826273,-2146826273,-2146826273,-2146826273,-2146826273,-2146826273,-2146826273,-2146826273,-2146826273,-2146826273,-2146826273,-2146826273,-2146826273,-2146826273,-2146826273,-2146826273,-2146826273,-2146826273,-2146826273,-2146826273,-2146826273,-2146826273,-2146826273,-2146826273,-2146826273,-2146826273,なし,-2146826273,-2146826273,-2146826273,-2146826273,-2146826273,-2146826273,-2146826273,-2146826273,-2146826273,-2146826273,-2146826273,-2146826273,-2146826273,-2146826273,-2146826273,-2146826273,-2146826273,-2146826273,なし,-2146826273,-2146826273,-2146826273,0,0,0,0,0
20,0,0,0,0,0,0,0,0,0,0,0,0,-2146826246,000,-2146826246,-2146826273,-2146826273,-2146826273,-2146826273,-2146826273,-2146826273,-2146826273,-2146826273,-2146826273,-2146826273,-2146826273,-2146826273,-2146826273,-2146826273,-2146826273,-2146826273,-2146826273,-2146826273,-2146826273,-2146826273,-2146826273,-2146826273,-2146826273,-2146826273,-2146826273,-2146826273,-2146826273,-2146826273,-2146826273,-2146826273,-2146826273,-2146826273,-2146826273,-2146826273,-2146826273,-2146826273,-2146826273,-2146826273,-2146826273,-2146826273,-2146826273,-2146826273,-2146826273,-2146826273,-2146826273,なし,-2146826273,-2146826273,-2146826273,-2146826273,-2146826273,-2146826273,-2146826273,-2146826273,-2146826273,-2146826273,-2146826273,-2146826273,-2146826273,-2146826273,-2146826273,-2146826273,-2146826273,-2146826273,なし,-2146826273,-2146826273,-2146826273,0,0,0,0,0
20,0,0,0,0,0,0,0,0,0,0,0,0,-2146826246,000,-2146826246,-2146826273,-2146826273,-2146826273,-2146826273,-2146826273,-2146826273,-2146826273,-2146826273,-2146826273,-2146826273,-2146826273,-2146826273,-2146826273,-2146826273,-2146826273,-2146826273,-2146826273,-2146826273,-2146826273,-2146826273,-2146826273,-2146826273,-2146826273,-2146826273,-2146826273,-2146826273,-2146826273,-2146826273,-2146826273,-2146826273,-2146826273,-2146826273,-2146826273,-2146826273,-2146826273,-2146826273,-2146826273,-2146826273,-2146826273,-2146826273,-2146826273,-2146826273,-2146826273,-2146826273,-2146826273,なし,-2146826273,-2146826273,-2146826273,-2146826273,-2146826273,-2146826273,-2146826273,-2146826273,-2146826273,-2146826273,-2146826273,-2146826273,-2146826273,-2146826273,-2146826273,-2146826273,-2146826273,-2146826273,なし,-2146826273,-2146826273,-2146826273,0,0,0,0,0
20,0,0,0,0,0,0,0,0,0,0,0,0,-2146826246,000,-2146826246,-2146826273,-2146826273,-2146826273,-2146826273,-2146826273,-2146826273,-2146826273,-2146826273,-2146826273,-2146826273,-2146826273,-2146826273,-2146826273,-2146826273,-2146826273,-2146826273,-2146826273,-2146826273,-2146826273,-2146826273,-2146826273,-2146826273,-2146826273,-2146826273,-2146826273,-2146826273,-2146826273,-2146826273,-2146826273,-2146826273,-2146826273,-2146826273,-2146826273,-2146826273,-2146826273,-2146826273,-2146826273,-2146826273,-2146826273,-2146826273,-2146826273,-2146826273,-2146826273,-2146826273,-2146826273,なし,-2146826273,-2146826273,-2146826273,-2146826273,-2146826273,-2146826273,-2146826273,-2146826273,-2146826273,-2146826273,-2146826273,-2146826273,-2146826273,-2146826273,-2146826273,-2146826273,-2146826273,-2146826273,なし,-2146826273,-2146826273,-2146826273,0,0,0,0,0
20,0,0,0,0,0,0,0,0,0,0,0,0,-2146826246,000,-2146826246,-2146826273,-2146826273,-2146826273,-2146826273,-2146826273,-2146826273,-2146826273,-2146826273,-2146826273,-2146826273,-2146826273,-2146826273,-2146826273,-2146826273,-2146826273,-2146826273,-2146826273,-2146826273,-2146826273,-2146826273,-2146826273,-2146826273,-2146826273,-2146826273,-2146826273,-2146826273,-2146826273,-2146826273,-2146826273,-2146826273,-2146826273,-2146826273,-2146826273,-2146826273,-2146826273,-2146826273,-2146826273,-2146826273,-2146826273,-2146826273,-2146826273,-2146826273,-2146826273,-2146826273,-2146826273,なし,-2146826273,-2146826273,-2146826273,-2146826273,-2146826273,-2146826273,-2146826273,-2146826273,-2146826273,-2146826273,-2146826273,-2146826273,-2146826273,-2146826273,-2146826273,-2146826273,-2146826273,-2146826273,なし,-2146826273,-2146826273,-2146826273,0,0,0,0,0
20,0,0,0,0,0,0,0,0,0,0,0,0,-2146826246,000,-2146826246,-2146826273,-2146826273,-2146826273,-2146826273,-2146826273,-2146826273,-2146826273,-2146826273,-2146826273,-2146826273,-2146826273,-2146826273,-2146826273,-2146826273,-2146826273,-2146826273,-2146826273,-2146826273,-2146826273,-2146826273,-2146826273,-2146826273,-2146826273,-2146826273,-2146826273,-2146826273,-2146826273,-2146826273,-2146826273,-2146826273,-2146826273,-2146826273,-2146826273,-2146826273,-2146826273,-2146826273,-2146826273,-2146826273,-2146826273,-2146826273,-2146826273,-2146826273,-2146826273,-2146826273,-2146826273,なし,-2146826273,-2146826273,-2146826273,-2146826273,-2146826273,-2146826273,-2146826273,-2146826273,-2146826273,-2146826273,-2146826273,-2146826273,-2146826273,-2146826273,-2146826273,-2146826273,-2146826273,-2146826273,なし,-2146826273,-2146826273,-2146826273,0,0,0,0,0
20,0,0,0,0,0,0,0,0,0,0,0,0,-2146826246,000,-2146826246,-2146826273,-2146826273,-2146826273,-2146826273,-2146826273,-2146826273,-2146826273,-2146826273,-2146826273,-2146826273,-2146826273,-2146826273,-2146826273,-2146826273,-2146826273,-2146826273,-2146826273,-2146826273,-2146826273,-2146826273,-2146826273,-2146826273,-2146826273,-2146826273,-2146826273,-2146826273,-2146826273,-2146826273,-2146826273,-2146826273,-2146826273,-2146826273,-2146826273,-2146826273,-2146826273,-2146826273,-2146826273,-2146826273,-2146826273,-2146826273,-2146826273,-2146826273,-2146826273,-2146826273,-2146826273,なし,-2146826273,-2146826273,-2146826273,-2146826273,-2146826273,-2146826273,-2146826273,-2146826273,-2146826273,-2146826273,-2146826273,-2146826273,-2146826273,-2146826273,-2146826273,-2146826273,-2146826273,-2146826273,なし,-2146826273,-2146826273,-2146826273,0,0,0,0,0
20,0,0,0,0,0,0,0,0,0,0,0,0,-2146826246,000,-2146826246,-2146826273,-2146826273,-2146826273,-2146826273,-2146826273,-2146826273,-2146826273,-2146826273,-2146826273,-2146826273,-2146826273,-2146826273,-2146826273,-2146826273,-2146826273,-2146826273,-2146826273,-2146826273,-2146826273,-2146826273,-2146826273,-2146826273,-2146826273,-2146826273,-2146826273,-2146826273,-2146826273,-2146826273,-2146826273,-2146826273,-2146826273,-2146826273,-2146826273,-2146826273,-2146826273,-2146826273,-2146826273,-2146826273,-2146826273,-2146826273,-2146826273,-2146826273,-2146826273,-2146826273,-2146826273,なし,-2146826273,-2146826273,-2146826273,-2146826273,-2146826273,-2146826273,-2146826273,-2146826273,-2146826273,-2146826273,-2146826273,-2146826273,-2146826273,-2146826273,-2146826273,-2146826273,-2146826273,-2146826273,なし,-2146826273,-2146826273,-2146826273,0,0,0,0,0
20,0,0,0,0,0,0,0,0,0,0,0,0,-2146826246,000,-2146826246,-2146826273,-2146826273,-2146826273,-2146826273,-2146826273,-2146826273,-2146826273,-2146826273,-2146826273,-2146826273,-2146826273,-2146826273,-2146826273,-2146826273,-2146826273,-2146826273,-2146826273,-2146826273,-2146826273,-2146826273,-2146826273,-2146826273,-2146826273,-2146826273,-2146826273,-2146826273,-2146826273,-2146826273,-2146826273,-2146826273,-2146826273,-2146826273,-2146826273,-2146826273,-2146826273,-2146826273,-2146826273,-2146826273,-2146826273,-2146826273,-2146826273,-2146826273,-2146826273,-2146826273,-2146826273,なし,-2146826273,-2146826273,-2146826273,-2146826273,-2146826273,-2146826273,-2146826273,-2146826273,-2146826273,-2146826273,-2146826273,-2146826273,-2146826273,-2146826273,-2146826273,-2146826273,-2146826273,-2146826273,なし,-2146826273,-2146826273,-2146826273,0,0,0,0,0
20,0,0,0,0,0,0,0,0,0,0,0,0,-2146826246,000,-2146826246,-2146826273,-2146826273,-2146826273,-2146826273,-2146826273,-2146826273,-2146826273,-2146826273,-2146826273,-2146826273,-2146826273,-2146826273,-2146826273,-2146826273,-2146826273,-2146826273,-2146826273,-2146826273,-2146826273,-2146826273,-2146826273,-2146826273,-2146826273,-2146826273,-2146826273,-2146826273,-2146826273,-2146826273,-2146826273,-2146826273,-2146826273,-2146826273,-2146826273,-2146826273,-2146826273,-2146826273,-2146826273,-2146826273,-2146826273,-2146826273,-2146826273,-2146826273,-2146826273,-2146826273,-2146826273,なし,-2146826273,-2146826273,-2146826273,-2146826273,-2146826273,-2146826273,-2146826273,-2146826273,-2146826273,-2146826273,-2146826273,-2146826273,-2146826273,-2146826273,-2146826273,-2146826273,-2146826273,-2146826273,なし,-2146826273,-2146826273,-2146826273,0,0,0,0,0
20,0,0,0,0,0,0,0,0,0,0,0,0,-2146826246,000,-2146826246,-2146826273,-2146826273,-2146826273,-2146826273,-2146826273,-2146826273,-2146826273,-2146826273,-2146826273,-2146826273,-2146826273,-2146826273,-2146826273,-2146826273,-2146826273,-2146826273,-2146826273,-2146826273,-2146826273,-2146826273,-2146826273,-2146826273,-2146826273,-2146826273,-2146826273,-2146826273,-2146826273,-2146826273,-2146826273,-2146826273,-2146826273,-2146826273,-2146826273,-2146826273,-2146826273,-2146826273,-2146826273,-2146826273,-2146826273,-2146826273,-2146826273,-2146826273,-2146826273,-2146826273,-2146826273,なし,-2146826273,-2146826273,-2146826273,-2146826273,-2146826273,-2146826273,-2146826273,-2146826273,-2146826273,-2146826273,-2146826273,-2146826273,-2146826273,-2146826273,-2146826273,-2146826273,-2146826273,-2146826273,なし,-2146826273,-2146826273,-2146826273,0,0,0,0,0
20,0,0,0,0,0,0,0,0,0,0,0,0,-2146826246,000,-2146826246,-2146826273,-2146826273,-2146826273,-2146826273,-2146826273,-2146826273,-2146826273,-2146826273,-2146826273,-2146826273,-2146826273,-2146826273,-2146826273,-2146826273,-2146826273,-2146826273,-2146826273,-2146826273,-2146826273,-2146826273,-2146826273,-2146826273,-2146826273,-2146826273,-2146826273,-2146826273,-2146826273,-2146826273,-2146826273,-2146826273,-2146826273,-2146826273,-2146826273,-2146826273,-2146826273,-2146826273,-2146826273,-2146826273,-2146826273,-2146826273,-2146826273,-2146826273,-2146826273,-2146826273,-2146826273,なし,-2146826273,-2146826273,-2146826273,-2146826273,-2146826273,-2146826273,-2146826273,-2146826273,-2146826273,-2146826273,-2146826273,-2146826273,-2146826273,-2146826273,-2146826273,-2146826273,-2146826273,-2146826273,なし,-2146826273,-2146826273,-2146826273,0,0,0,0,0
20,0,0,0,0,0,0,0,0,0,0,0,0,-2146826246,000,-2146826246,-2146826273,-2146826273,-2146826273,-2146826273,-2146826273,-2146826273,-2146826273,-2146826273,-2146826273,-2146826273,-2146826273,-2146826273,-2146826273,-2146826273,-2146826273,-2146826273,-2146826273,-2146826273,-2146826273,-2146826273,-2146826273,-2146826273,-2146826273,-2146826273,-2146826273,-2146826273,-2146826273,-2146826273,-2146826273,-2146826273,-2146826273,-2146826273,-2146826273,-2146826273,-2146826273,-2146826273,-2146826273,-2146826273,-2146826273,-2146826273,-2146826273,-2146826273,-2146826273,-2146826273,-2146826273,なし,-2146826273,-2146826273,-2146826273,-2146826273,-2146826273,-2146826273,-2146826273,-2146826273,-2146826273,-2146826273,-2146826273,-2146826273,-2146826273,-2146826273,-2146826273,-2146826273,-2146826273,-2146826273,なし,-2146826273,-2146826273,-2146826273,0,0,0,0,0
20,0,0,0,0,0,0,0,0,0,0,0,0,-2146826246,000,-2146826246,-2146826273,-2146826273,-2146826273,-2146826273,-2146826273,-2146826273,-2146826273,-2146826273,-2146826273,-2146826273,-2146826273,-2146826273,-2146826273,-2146826273,-2146826273,-2146826273,-2146826273,-2146826273,-2146826273,-2146826273,-2146826273,-2146826273,-2146826273,-2146826273,-2146826273,-2146826273,-2146826273,-2146826273,-2146826273,-2146826273,-2146826273,-2146826273,-2146826273,-2146826273,-2146826273,-2146826273,-2146826273,-2146826273,-2146826273,-2146826273,-2146826273,-2146826273,-2146826273,-2146826273,-2146826273,なし,-2146826273,-2146826273,-2146826273,-2146826273,-2146826273,-2146826273,-2146826273,-2146826273,-2146826273,-2146826273,-2146826273,-2146826273,-2146826273,-2146826273,-2146826273,-2146826273,-2146826273,-2146826273,なし,-2146826273,-2146826273,-2146826273,0,0,0,0,0
20,0,0,0,0,0,0,0,0,0,0,0,0,-2146826246,000,-2146826246,-2146826273,-2146826273,-2146826273,-2146826273,-2146826273,-2146826273,-2146826273,-2146826273,-2146826273,-2146826273,-2146826273,-2146826273,-2146826273,-2146826273,-2146826273,-2146826273,-2146826273,-2146826273,-2146826273,-2146826273,-2146826273,-2146826273,-2146826273,-2146826273,-2146826273,-2146826273,-2146826273,-2146826273,-2146826273,-2146826273,-2146826273,-2146826273,-2146826273,-2146826273,-2146826273,-2146826273,-2146826273,-2146826273,-2146826273,-2146826273,-2146826273,-2146826273,-2146826273,-2146826273,-2146826273,なし,-2146826273,-2146826273,-2146826273,-2146826273,-2146826273,-2146826273,-2146826273,-2146826273,-2146826273,-2146826273,-2146826273,-2146826273,-2146826273,-2146826273,-2146826273,-2146826273,-2146826273,-2146826273,なし,-2146826273,-2146826273,-2146826273,0,0,0,0,0
20,0,0,0,0,0,0,0,0,0,0,0,0,-2146826246,000,-2146826246,-2146826273,-2146826273,-2146826273,-2146826273,-2146826273,-2146826273,-2146826273,-2146826273,-2146826273,-2146826273,-2146826273,-2146826273,-2146826273,-2146826273,-2146826273,-2146826273,-2146826273,-2146826273,-2146826273,-2146826273,-2146826273,-2146826273,-2146826273,-2146826273,-2146826273,-2146826273,-2146826273,-2146826273,-2146826273,-2146826273,-2146826273,-2146826273,-2146826273,-2146826273,-2146826273,-2146826273,-2146826273,-2146826273,-2146826273,-2146826273,-2146826273,-2146826273,-2146826273,-2146826273,-2146826273,なし,-2146826273,-2146826273,-2146826273,-2146826273,-2146826273,-2146826273,-2146826273,-2146826273,-2146826273,-2146826273,-2146826273,-2146826273,-2146826273,-2146826273,-2146826273,-2146826273,-2146826273,-2146826273,なし,-2146826273,-2146826273,-2146826273,0,0,0,0,0
20,0,0,0,0,0,0,0,0,0,0,0,0,-2146826246,000,-2146826246,-2146826273,-2146826273,-2146826273,-2146826273,-2146826273,-2146826273,-2146826273,-2146826273,-2146826273,-2146826273,-2146826273,-2146826273,-2146826273,-2146826273,-2146826273,-2146826273,-2146826273,-2146826273,-2146826273,-2146826273,-2146826273,-2146826273,-2146826273,-2146826273,-2146826273,-2146826273,-2146826273,-2146826273,-2146826273,-2146826273,-2146826273,-2146826273,-2146826273,-2146826273,-2146826273,-2146826273,-2146826273,-2146826273,-2146826273,-2146826273,-2146826273,-2146826273,-2146826273,-2146826273,-2146826273,なし,-2146826273,-2146826273,-2146826273,-2146826273,-2146826273,-2146826273,-2146826273,-2146826273,-2146826273,-2146826273,-2146826273,-2146826273,-2146826273,-2146826273,-2146826273,-2146826273,-2146826273,-2146826273,なし,-2146826273,-2146826273,-2146826273,0,0,0,0,0
20,0,0,0,0,0,0,0,0,0,0,0,0,-2146826246,000,-2146826246,-2146826273,-2146826273,-2146826273,-2146826273,-2146826273,-2146826273,-2146826273,-2146826273,-2146826273,-2146826273,-2146826273,-2146826273,-2146826273,-2146826273,-2146826273,-2146826273,-2146826273,-2146826273,-2146826273,-2146826273,-2146826273,-2146826273,-2146826273,-2146826273,-2146826273,-2146826273,-2146826273,-2146826273,-2146826273,-2146826273,-2146826273,-2146826273,-2146826273,-2146826273,-2146826273,-2146826273,-2146826273,-2146826273,-2146826273,-2146826273,-2146826273,-2146826273,-2146826273,-2146826273,-2146826273,なし,-2146826273,-2146826273,-2146826273,-2146826273,-2146826273,-2146826273,-2146826273,-2146826273,-2146826273,-2146826273,-2146826273,-2146826273,-2146826273,-2146826273,-2146826273,-2146826273,-2146826273,-2146826273,なし,-2146826273,-2146826273,-2146826273,0,0,0,0,0
20,0,0,0,0,0,0,0,0,0,0,0,0,-2146826246,000,-2146826246,-2146826273,-2146826273,-2146826273,-2146826273,-2146826273,-2146826273,-2146826273,-2146826273,-2146826273,-2146826273,-2146826273,-2146826273,-2146826273,-2146826273,-2146826273,-2146826273,-2146826273,-2146826273,-2146826273,-2146826273,-2146826273,-2146826273,-2146826273,-2146826273,-2146826273,-2146826273,-2146826273,-2146826273,-2146826273,-2146826273,-2146826273,-2146826273,-2146826273,-2146826273,-2146826273,-2146826273,-2146826273,-2146826273,-2146826273,-2146826273,-2146826273,-2146826273,-2146826273,-2146826273,-2146826273,なし,-2146826273,-2146826273,-2146826273,-2146826273,-2146826273,-2146826273,-2146826273,-2146826273,-2146826273,-2146826273,-2146826273,-2146826273,-2146826273,-2146826273,-2146826273,-2146826273,-2146826273,-2146826273,なし,-2146826273,-2146826273,-2146826273,0,0,0,0,0
20,0,0,0,0,0,0,0,0,0,0,0,0,-2146826246,000,-2146826246,-2146826273,-2146826273,-2146826273,-2146826273,-2146826273,-2146826273,-2146826273,-2146826273,-2146826273,-2146826273,-2146826273,-2146826273,-2146826273,-2146826273,-2146826273,-2146826273,-2146826273,-2146826273,-2146826273,-2146826273,-2146826273,-2146826273,-2146826273,-2146826273,-2146826273,-2146826273,-2146826273,-2146826273,-2146826273,-2146826273,-2146826273,-2146826273,-2146826273,-2146826273,-2146826273,-2146826273,-2146826273,-2146826273,-2146826273,-2146826273,-2146826273,-2146826273,-2146826273,-2146826273,-2146826273,なし,-2146826273,-2146826273,-2146826273,-2146826273,-2146826273,-2146826273,-2146826273,-2146826273,-2146826273,-2146826273,-2146826273,-2146826273,-2146826273,-2146826273,-2146826273,-2146826273,-2146826273,-2146826273,なし,-2146826273,-2146826273,-2146826273,0,0,0,0,0
20,0,0,0,0,0,0,0,0,0,0,0,0,-2146826246,000,-2146826246,-2146826273,-2146826273,-2146826273,-2146826273,-2146826273,-2146826273,-2146826273,-2146826273,-2146826273,-2146826273,-2146826273,-2146826273,-2146826273,-2146826273,-2146826273,-2146826273,-2146826273,-2146826273,-2146826273,-2146826273,-2146826273,-2146826273,-2146826273,-2146826273,-2146826273,-2146826273,-2146826273,-2146826273,-2146826273,-2146826273,-2146826273,-2146826273,-2146826273,-2146826273,-2146826273,-2146826273,-2146826273,-2146826273,-2146826273,-2146826273,-2146826273,-2146826273,-2146826273,-2146826273,-2146826273,なし,-2146826273,-2146826273,-2146826273,-2146826273,-2146826273,-2146826273,-2146826273,-2146826273,-2146826273,-2146826273,-2146826273,-2146826273,-2146826273,-2146826273,-2146826273,-2146826273,-2146826273,-2146826273,なし,-2146826273,-2146826273,-2146826273,0,0,0,0,0
20,0,0,0,0,0,0,0,0,0,0,0,0,-2146826246,000,-2146826246,-2146826273,-2146826273,-2146826273,-2146826273,-2146826273,-2146826273,-2146826273,-2146826273,-2146826273,-2146826273,-2146826273,-2146826273,-2146826273,-2146826273,-2146826273,-2146826273,-2146826273,-2146826273,-2146826273,-2146826273,-2146826273,-2146826273,-2146826273,-2146826273,-2146826273,-2146826273,-2146826273,-2146826273,-2146826273,-2146826273,-2146826273,-2146826273,-2146826273,-2146826273,-2146826273,-2146826273,-2146826273,-2146826273,-2146826273,-2146826273,-2146826273,-2146826273,-2146826273,-2146826273,-2146826273,なし,-2146826273,-2146826273,-2146826273,-2146826273,-2146826273,-2146826273,-2146826273,-2146826273,-2146826273,-2146826273,-2146826273,-2146826273,-2146826273,-2146826273,-2146826273,-2146826273,-2146826273,-2146826273,なし,-2146826273,-2146826273,-2146826273,0,0,0,0,0
20,0,0,0,0,0,0,0,0,0,0,0,0,-2146826246,000,-2146826246,-2146826273,-2146826273,-2146826273,-2146826273,-2146826273,-2146826273,-2146826273,-2146826273,-2146826273,-2146826273,-2146826273,-2146826273,-2146826273,-2146826273,-2146826273,-2146826273,-2146826273,-2146826273,-2146826273,-2146826273,-2146826273,-2146826273,-2146826273,-2146826273,-2146826273,-2146826273,-2146826273,-2146826273,-2146826273,-2146826273,-2146826273,-2146826273,-2146826273,-2146826273,-2146826273,-2146826273,-2146826273,-2146826273,-2146826273,-2146826273,-2146826273,-2146826273,-2146826273,-2146826273,-2146826273,なし,-2146826273,-2146826273,-2146826273,-2146826273,-2146826273,-2146826273,-2146826273,-2146826273,-2146826273,-2146826273,-2146826273,-2146826273,-2146826273,-2146826273,-2146826273,-2146826273,-2146826273,-2146826273,なし,-2146826273,-2146826273,-2146826273,0,0,0,0,0
20,0,0,0,0,0,0,0,0,0,0,0,0,-2146826246,000,-2146826246,-2146826273,-2146826273,-2146826273,-2146826273,-2146826273,-2146826273,-2146826273,-2146826273,-2146826273,-2146826273,-2146826273,-2146826273,-2146826273,-2146826273,-2146826273,-2146826273,-2146826273,-2146826273,-2146826273,-2146826273,-2146826273,-2146826273,-2146826273,-2146826273,-2146826273,-2146826273,-2146826273,-2146826273,-2146826273,-2146826273,-2146826273,-2146826273,-2146826273,-2146826273,-2146826273,-2146826273,-2146826273,-2146826273,-2146826273,-2146826273,-2146826273,-2146826273,-2146826273,-2146826273,-2146826273,なし,-2146826273,-2146826273,-2146826273,-2146826273,-2146826273,-2146826273,-2146826273,-2146826273,-2146826273,-2146826273,-2146826273,-2146826273,-2146826273,-2146826273,-2146826273,-2146826273,-2146826273,-2146826273,なし,-2146826273,-2146826273,-2146826273,0,0,0,0,0
20,0,0,0,0,0,0,0,0,0,0,0,0,-2146826246,000,-2146826246,-2146826273,-2146826273,-2146826273,-2146826273,-2146826273,-2146826273,-2146826273,-2146826273,-2146826273,-2146826273,-2146826273,-2146826273,-2146826273,-2146826273,-2146826273,-2146826273,-2146826273,-2146826273,-2146826273,-2146826273,-2146826273,-2146826273,-2146826273,-2146826273,-2146826273,-2146826273,-2146826273,-2146826273,-2146826273,-2146826273,-2146826273,-2146826273,-2146826273,-2146826273,-2146826273,-2146826273,-2146826273,-2146826273,-2146826273,-2146826273,-2146826273,-2146826273,-2146826273,-2146826273,-2146826273,なし,-2146826273,-2146826273,-2146826273,-2146826273,-2146826273,-2146826273,-2146826273,-2146826273,-2146826273,-2146826273,-2146826273,-2146826273,-2146826273,-2146826273,-2146826273,-2146826273,-2146826273,-2146826273,なし,-2146826273,-2146826273,-2146826273,0,0,0,0,0
20,0,0,0,0,0,0,0,0,0,0,0,0,-2146826246,000,-2146826246,-2146826273,-2146826273,-2146826273,-2146826273,-2146826273,-2146826273,-2146826273,-2146826273,-2146826273,-2146826273,-2146826273,-2146826273,-2146826273,-2146826273,-2146826273,-2146826273,-2146826273,-2146826273,-2146826273,-2146826273,-2146826273,-2146826273,-2146826273,-2146826273,-2146826273,-2146826273,-2146826273,-2146826273,-2146826273,-2146826273,-2146826273,-2146826273,-2146826273,-2146826273,-2146826273,-2146826273,-2146826273,-2146826273,-2146826273,-2146826273,-2146826273,-2146826273,-2146826273,-2146826273,-2146826273,なし,-2146826273,-2146826273,-2146826273,-2146826273,-2146826273,-2146826273,-2146826273,-2146826273,-2146826273,-2146826273,-2146826273,-2146826273,-2146826273,-2146826273,-2146826273,-2146826273,-2146826273,-2146826273,なし,-2146826273,-2146826273,-2146826273,0,0,0,0,0
20,0,0,0,0,0,0,0,0,0,0,0,0,-2146826246,000,-2146826246,-2146826273,-2146826273,-2146826273,-2146826273,-2146826273,-2146826273,-2146826273,-2146826273,-2146826273,-2146826273,-2146826273,-2146826273,-2146826273,-2146826273,-2146826273,-2146826273,-2146826273,-2146826273,-2146826273,-2146826273,-2146826273,-2146826273,-2146826273,-2146826273,-2146826273,-2146826273,-2146826273,-2146826273,-2146826273,-2146826273,-2146826273,-2146826273,-2146826273,-2146826273,-2146826273,-2146826273,-2146826273,-2146826273,-2146826273,-2146826273,-2146826273,-2146826273,-2146826273,-2146826273,-2146826273,なし,-2146826273,-2146826273,-2146826273,-2146826273,-2146826273,-2146826273,-2146826273,-2146826273,-2146826273,-2146826273,-2146826273,-2146826273,-2146826273,-2146826273,-2146826273,-2146826273,-2146826273,-2146826273,なし,-2146826273,-2146826273,-2146826273,0,0,0,0,0
20,0,0,0,0,0,0,0,0,0,0,0,0,-2146826246,000,-2146826246,-2146826273,-2146826273,-2146826273,-2146826273,-2146826273,-2146826273,-2146826273,-2146826273,-2146826273,-2146826273,-2146826273,-2146826273,-2146826273,-2146826273,-2146826273,-2146826273,-2146826273,-2146826273,-2146826273,-2146826273,-2146826273,-2146826273,-2146826273,-2146826273,-2146826273,-2146826273,-2146826273,-2146826273,-2146826273,-2146826273,-2146826273,-2146826273,-2146826273,-2146826273,-2146826273,-2146826273,-2146826273,-2146826273,-2146826273,-2146826273,-2146826273,-2146826273,-2146826273,-2146826273,-2146826273,なし,-2146826273,-2146826273,-2146826273,-2146826273,-2146826273,-2146826273,-2146826273,-2146826273,-2146826273,-2146826273,-2146826273,-2146826273,-2146826273,-2146826273,-2146826273,-2146826273,-2146826273,-2146826273,なし,-2146826273,-2146826273,-2146826273,0,0,0,0,0
20,0,0,0,0,0,0,0,0,0,0,0,0,-2146826246,000,-2146826246,-2146826273,-2146826273,-2146826273,-2146826273,-2146826273,-2146826273,-2146826273,-2146826273,-2146826273,-2146826273,-2146826273,-2146826273,-2146826273,-2146826273,-2146826273,-2146826273,-2146826273,-2146826273,-2146826273,-2146826273,-2146826273,-2146826273,-2146826273,-2146826273,-2146826273,-2146826273,-2146826273,-2146826273,-2146826273,-2146826273,-2146826273,-2146826273,-2146826273,-2146826273,-2146826273,-2146826273,-2146826273,-2146826273,-2146826273,-2146826273,-2146826273,-2146826273,-2146826273,-2146826273,-2146826273,なし,-2146826273,-2146826273,-2146826273,-2146826273,-2146826273,-2146826273,-2146826273,-2146826273,-2146826273,-2146826273,-2146826273,-2146826273,-2146826273,-2146826273,-2146826273,-2146826273,-2146826273,-2146826273,なし,-2146826273,-2146826273,-2146826273,0,0,0,0,0
20,0,0,0,0,0,0,0,0,0,0,0,0,-2146826246,000,-2146826246,-2146826273,-2146826273,-2146826273,-2146826273,-2146826273,-2146826273,-2146826273,-2146826273,-2146826273,-2146826273,-2146826273,-2146826273,-2146826273,-2146826273,-2146826273,-2146826273,-2146826273,-2146826273,-2146826273,-2146826273,-2146826273,-2146826273,-2146826273,-2146826273,-2146826273,-2146826273,-2146826273,-2146826273,-2146826273,-2146826273,-2146826273,-2146826273,-2146826273,-2146826273,-2146826273,-2146826273,-2146826273,-2146826273,-2146826273,-2146826273,-2146826273,-2146826273,-2146826273,-2146826273,-2146826273,なし,-2146826273,-2146826273,-2146826273,-2146826273,-2146826273,-2146826273,-2146826273,-2146826273,-2146826273,-2146826273,-2146826273,-2146826273,-2146826273,-2146826273,-2146826273,-2146826273,-2146826273,-2146826273,なし,-2146826273,-2146826273,-2146826273,0,0,0,0,0
20,0,0,0,0,0,0,0,0,0,0,0,0,-2146826246,000,-2146826246,-2146826273,-2146826273,-2146826273,-2146826273,-2146826273,-2146826273,-2146826273,-2146826273,-2146826273,-2146826273,-2146826273,-2146826273,-2146826273,-2146826273,-2146826273,-2146826273,-2146826273,-2146826273,-2146826273,-2146826273,-2146826273,-2146826273,-2146826273,-2146826273,-2146826273,-2146826273,-2146826273,-2146826273,-2146826273,-2146826273,-2146826273,-2146826273,-2146826273,-2146826273,-2146826273,-2146826273,-2146826273,-2146826273,-2146826273,-2146826273,-2146826273,-2146826273,-2146826273,-2146826273,-2146826273,なし,-2146826273,-2146826273,-2146826273,-2146826273,-2146826273,-2146826273,-2146826273,-2146826273,-2146826273,-2146826273,-2146826273,-2146826273,-2146826273,-2146826273,-2146826273,-2146826273,-2146826273,-2146826273,なし,-2146826273,-2146826273,-2146826273,0,0,0,0,0
20,0,0,0,0,0,0,0,0,0,0,0,0,-2146826246,000,-2146826246,-2146826273,-2146826273,-2146826273,-2146826273,-2146826273,-2146826273,-2146826273,-2146826273,-2146826273,-2146826273,-2146826273,-2146826273,-2146826273,-2146826273,-2146826273,-2146826273,-2146826273,-2146826273,-2146826273,-2146826273,-2146826273,-2146826273,-2146826273,-2146826273,-2146826273,-2146826273,-2146826273,-2146826273,-2146826273,-2146826273,-2146826273,-2146826273,-2146826273,-2146826273,-2146826273,-2146826273,-2146826273,-2146826273,-2146826273,-2146826273,-2146826273,-2146826273,-2146826273,-2146826273,-2146826273,なし,-2146826273,-2146826273,-2146826273,-2146826273,-2146826273,-2146826273,-2146826273,-2146826273,-2146826273,-2146826273,-2146826273,-2146826273,-2146826273,-2146826273,-2146826273,-2146826273,-2146826273,-2146826273,なし,-2146826273,-2146826273,-2146826273,0,0,0,0,0
20,0,0,0,0,0,0,0,0,0,0,0,0,-2146826246,000,-2146826246,-2146826273,-2146826273,-2146826273,-2146826273,-2146826273,-2146826273,-2146826273,-2146826273,-2146826273,-2146826273,-2146826273,-2146826273,-2146826273,-2146826273,-2146826273,-2146826273,-2146826273,-2146826273,-2146826273,-2146826273,-2146826273,-2146826273,-2146826273,-2146826273,-2146826273,-2146826273,-2146826273,-2146826273,-2146826273,-2146826273,-2146826273,-2146826273,-2146826273,-2146826273,-2146826273,-2146826273,-2146826273,-2146826273,-2146826273,-2146826273,-2146826273,-2146826273,-2146826273,-2146826273,-2146826273,なし,-2146826273,-2146826273,-2146826273,-2146826273,-2146826273,-2146826273,-2146826273,-2146826273,-2146826273,-2146826273,-2146826273,-2146826273,-2146826273,-2146826273,-2146826273,-2146826273,-2146826273,-2146826273,なし,-2146826273,-2146826273,-2146826273,0,0,0,0,0
20,0,0,0,0,0,0,0,0,0,0,0,0,-2146826246,000,-2146826246,-2146826273,-2146826273,-2146826273,-2146826273,-2146826273,-2146826273,-2146826273,-2146826273,-2146826273,-2146826273,-2146826273,-2146826273,-2146826273,-2146826273,-2146826273,-2146826273,-2146826273,-2146826273,-2146826273,-2146826273,-2146826273,-2146826273,-2146826273,-2146826273,-2146826273,-2146826273,-2146826273,-2146826273,-2146826273,-2146826273,-2146826273,-2146826273,-2146826273,-2146826273,-2146826273,-2146826273,-2146826273,-2146826273,-2146826273,-2146826273,-2146826273,-2146826273,-2146826273,-2146826273,-2146826273,なし,-2146826273,-2146826273,-2146826273,-2146826273,-2146826273,-2146826273,-2146826273,-2146826273,-2146826273,-2146826273,-2146826273,-2146826273,-2146826273,-2146826273,-2146826273,-2146826273,-2146826273,-2146826273,なし,-2146826273,-2146826273,-2146826273,0,0,0,0,0
20,0,0,0,0,0,0,0,0,0,0,0,0,-2146826246,000,-2146826246,-2146826273,-2146826273,-2146826273,-2146826273,-2146826273,-2146826273,-2146826273,-2146826273,-2146826273,-2146826273,-2146826273,-2146826273,-2146826273,-2146826273,-2146826273,-2146826273,-2146826273,-2146826273,-2146826273,-2146826273,-2146826273,-2146826273,-2146826273,-2146826273,-2146826273,-2146826273,-2146826273,-2146826273,-2146826273,-2146826273,-2146826273,-2146826273,-2146826273,-2146826273,-2146826273,-2146826273,-2146826273,-2146826273,-2146826273,-2146826273,-2146826273,-2146826273,-2146826273,-2146826273,-2146826273,なし,-2146826273,-2146826273,-2146826273,-2146826273,-2146826273,-2146826273,-2146826273,-2146826273,-2146826273,-2146826273,-2146826273,-2146826273,-2146826273,-2146826273,-2146826273,-2146826273,-2146826273,-2146826273,なし,-2146826273,-2146826273,-2146826273,0,0,0,0,0
20,0,0,0,0,0,0,0,0,0,0,0,0,-2146826246,000,-2146826246,-2146826273,-2146826273,-2146826273,-2146826273,-2146826273,-2146826273,-2146826273,-2146826273,-2146826273,-2146826273,-2146826273,-2146826273,-2146826273,-2146826273,-2146826273,-2146826273,-2146826273,-2146826273,-2146826273,-2146826273,-2146826273,-2146826273,-2146826273,-2146826273,-2146826273,-2146826273,-2146826273,-2146826273,-2146826273,-2146826273,-2146826273,-2146826273,-2146826273,-2146826273,-2146826273,-2146826273,-2146826273,-2146826273,-2146826273,-2146826273,-2146826273,-2146826273,-2146826273,-2146826273,-2146826273,なし,-2146826273,-2146826273,-2146826273,-2146826273,-2146826273,-2146826273,-2146826273,-2146826273,-2146826273,-2146826273,-2146826273,-2146826273,-2146826273,-2146826273,-2146826273,-2146826273,-2146826273,-2146826273,なし,-2146826273,-2146826273,-2146826273,0,0,0,0,0
20,0,0,0,0,0,0,0,0,0,0,0,0,-2146826246,000,-2146826246,-2146826273,-2146826273,-2146826273,-2146826273,-2146826273,-2146826273,-2146826273,-2146826273,-2146826273,-2146826273,-2146826273,-2146826273,-2146826273,-2146826273,-2146826273,-2146826273,-2146826273,-2146826273,-2146826273,-2146826273,-2146826273,-2146826273,-2146826273,-2146826273,-2146826273,-2146826273,-2146826273,-2146826273,-2146826273,-2146826273,-2146826273,-2146826273,-2146826273,-2146826273,-2146826273,-2146826273,-2146826273,-2146826273,-2146826273,-2146826273,-2146826273,-2146826273,-2146826273,-2146826273,-2146826273,なし,-2146826273,-2146826273,-2146826273,-2146826273,-2146826273,-2146826273,-2146826273,-2146826273,-2146826273,-2146826273,-2146826273,-2146826273,-2146826273,-2146826273,-2146826273,-2146826273,-2146826273,-2146826273,なし,-2146826273,-2146826273,-2146826273,0,0,0,0,0
20,0,0,0,0,0,0,0,0,0,0,0,0,-2146826246,000,-2146826246,-2146826273,-2146826273,-2146826273,-2146826273,-2146826273,-2146826273,-2146826273,-2146826273,-2146826273,-2146826273,-2146826273,-2146826273,-2146826273,-2146826273,-2146826273,-2146826273,-2146826273,-2146826273,-2146826273,-2146826273,-2146826273,-2146826273,-2146826273,-2146826273,-2146826273,-2146826273,-2146826273,-2146826273,-2146826273,-2146826273,-2146826273,-2146826273,-2146826273,-2146826273,-2146826273,-2146826273,-2146826273,-2146826273,-2146826273,-2146826273,-2146826273,-2146826273,-2146826273,-2146826273,-2146826273,なし,-2146826273,-2146826273,-2146826273,-2146826273,-2146826273,-2146826273,-2146826273,-2146826273,-2146826273,-2146826273,-2146826273,-2146826273,-2146826273,-2146826273,-2146826273,-2146826273,-2146826273,-2146826273,なし,-2146826273,-2146826273,-2146826273,0,0,0,0,0
20,0,0,0,0,0,0,0,0,0,0,0,0,-2146826246,000,-2146826246,-2146826273,-2146826273,-2146826273,-2146826273,-2146826273,-2146826273,-2146826273,-2146826273,-2146826273,-2146826273,-2146826273,-2146826273,-2146826273,-2146826273,-2146826273,-2146826273,-2146826273,-2146826273,-2146826273,-2146826273,-2146826273,-2146826273,-2146826273,-2146826273,-2146826273,-2146826273,-2146826273,-2146826273,-2146826273,-2146826273,-2146826273,-2146826273,-2146826273,-2146826273,-2146826273,-2146826273,-2146826273,-2146826273,-2146826273,-2146826273,-2146826273,-2146826273,-2146826273,-2146826273,-2146826273,なし,-2146826273,-2146826273,-2146826273,-2146826273,-2146826273,-2146826273,-2146826273,-2146826273,-2146826273,-2146826273,-2146826273,-2146826273,-2146826273,-2146826273,-2146826273,-2146826273,-2146826273,-2146826273,なし,-2146826273,-2146826273,-2146826273,0,0,0,0,0
20,0,0,0,0,0,0,0,0,0,0,0,0,-2146826246,000,-2146826246,-2146826273,-2146826273,-2146826273,-2146826273,-2146826273,-2146826273,-2146826273,-2146826273,-2146826273,-2146826273,-2146826273,-2146826273,-2146826273,-2146826273,-2146826273,-2146826273,-2146826273,-2146826273,-2146826273,-2146826273,-2146826273,-2146826273,-2146826273,-2146826273,-2146826273,-2146826273,-2146826273,-2146826273,-2146826273,-2146826273,-2146826273,-2146826273,-2146826273,-2146826273,-2146826273,-2146826273,-2146826273,-2146826273,-2146826273,-2146826273,-2146826273,-2146826273,-2146826273,-2146826273,-2146826273,なし,-2146826273,-2146826273,-2146826273,-2146826273,-2146826273,-2146826273,-2146826273,-2146826273,-2146826273,-2146826273,-2146826273,-2146826273,-2146826273,-2146826273,-2146826273,-2146826273,-2146826273,-2146826273,なし,-2146826273,-2146826273,-2146826273,0,0,0,0,0
20,0,0,0,0,0,0,0,0,0,0,0,0,-2146826246,000,-2146826246,-2146826273,-2146826273,-2146826273,-2146826273,-2146826273,-2146826273,-2146826273,-2146826273,-2146826273,-2146826273,-2146826273,-2146826273,-2146826273,-2146826273,-2146826273,-2146826273,-2146826273,-2146826273,-2146826273,-2146826273,-2146826273,-2146826273,-2146826273,-2146826273,-2146826273,-2146826273,-2146826273,-2146826273,-2146826273,-2146826273,-2146826273,-2146826273,-2146826273,-2146826273,-2146826273,-2146826273,-2146826273,-2146826273,-2146826273,-2146826273,-2146826273,-2146826273,-2146826273,-2146826273,-2146826273,なし,-2146826273,-2146826273,-2146826273,-2146826273,-2146826273,-2146826273,-2146826273,-2146826273,-2146826273,-2146826273,-2146826273,-2146826273,-2146826273,-2146826273,-2146826273,-2146826273,-2146826273,-2146826273,なし,-2146826273,-2146826273,-2146826273,0,0,0,0,0
20,0,0,0,0,0,0,0,0,0,0,0,0,-2146826246,000,-2146826246,-2146826273,-2146826273,-2146826273,-2146826273,-2146826273,-2146826273,-2146826273,-2146826273,-2146826273,-2146826273,-2146826273,-2146826273,-2146826273,-2146826273,-2146826273,-2146826273,-2146826273,-2146826273,-2146826273,-2146826273,-2146826273,-2146826273,-2146826273,-2146826273,-2146826273,-2146826273,-2146826273,-2146826273,-2146826273,-2146826273,-2146826273,-2146826273,-2146826273,-2146826273,-2146826273,-2146826273,-2146826273,-2146826273,-2146826273,-2146826273,-2146826273,-2146826273,-2146826273,-2146826273,-2146826273,なし,-2146826273,-2146826273,-2146826273,-2146826273,-2146826273,-2146826273,-2146826273,-2146826273,-2146826273,-2146826273,-2146826273,-2146826273,-2146826273,-2146826273,-2146826273,-2146826273,-2146826273,-2146826273,なし,-2146826273,-2146826273,-2146826273,0,0,0,0,0
20,0,0,0,0,0,0,0,0,0,0,0,0,-2146826246,000,-2146826246,-2146826273,-2146826273,-2146826273,-2146826273,-2146826273,-2146826273,-2146826273,-2146826273,-2146826273,-2146826273,-2146826273,-2146826273,-2146826273,-2146826273,-2146826273,-2146826273,-2146826273,-2146826273,-2146826273,-2146826273,-2146826273,-2146826273,-2146826273,-2146826273,-2146826273,-2146826273,-2146826273,-2146826273,-2146826273,-2146826273,-2146826273,-2146826273,-2146826273,-2146826273,-2146826273,-2146826273,-2146826273,-2146826273,-2146826273,-2146826273,-2146826273,-2146826273,-2146826273,-2146826273,-2146826273,なし,-2146826273,-2146826273,-2146826273,-2146826273,-2146826273,-2146826273,-2146826273,-2146826273,-2146826273,-2146826273,-2146826273,-2146826273,-2146826273,-2146826273,-2146826273,-2146826273,-2146826273,-2146826273,なし,-2146826273,-2146826273,-2146826273,0,0,0,0,0
20,0,0,0,0,0,0,0,0,0,0,0,0,-2146826246,000,-2146826246,-2146826273,-2146826273,-2146826273,-2146826273,-2146826273,-2146826273,-2146826273,-2146826273,-2146826273,-2146826273,-2146826273,-2146826273,-2146826273,-2146826273,-2146826273,-2146826273,-2146826273,-2146826273,-2146826273,-2146826273,-2146826273,-2146826273,-2146826273,-2146826273,-2146826273,-2146826273,-2146826273,-2146826273,-2146826273,-2146826273,-2146826273,-2146826273,-2146826273,-2146826273,-2146826273,-2146826273,-2146826273,-2146826273,-2146826273,-2146826273,-2146826273,-2146826273,-2146826273,-2146826273,-2146826273,なし,-2146826273,-2146826273,-2146826273,-2146826273,-2146826273,-2146826273,-2146826273,-2146826273,-2146826273,-2146826273,-2146826273,-2146826273,-2146826273,-2146826273,-2146826273,-2146826273,-2146826273,-2146826273,なし,-2146826273,-2146826273,-2146826273,0,0,0,0,0
20,0,0,0,0,0,0,0,0,0,0,0,0,-2146826246,000,-2146826246,-2146826273,-2146826273,-2146826273,-2146826273,-2146826273,-2146826273,-2146826273,-2146826273,-2146826273,-2146826273,-2146826273,-2146826273,-2146826273,-2146826273,-2146826273,-2146826273,-2146826273,-2146826273,-2146826273,-2146826273,-2146826273,-2146826273,-2146826273,-2146826273,-2146826273,-2146826273,-2146826273,-2146826273,-2146826273,-2146826273,-2146826273,-2146826273,-2146826273,-2146826273,-2146826273,-2146826273,-2146826273,-2146826273,-2146826273,-2146826273,-2146826273,-2146826273,-2146826273,-2146826273,-2146826273,なし,-2146826273,-2146826273,-2146826273,-2146826273,-2146826273,-2146826273,-2146826273,-2146826273,-2146826273,-2146826273,-2146826273,-2146826273,-2146826273,-2146826273,-2146826273,-2146826273,-2146826273,-2146826273,なし,-2146826273,-2146826273,-2146826273,0,0,0,0,0
20,0,0,0,0,0,0,0,0,0,0,0,0,-2146826246,000,-2146826246,-2146826273,-2146826273,-2146826273,-2146826273,-2146826273,-2146826273,-2146826273,-2146826273,-2146826273,-2146826273,-2146826273,-2146826273,-2146826273,-2146826273,-2146826273,-2146826273,-2146826273,-2146826273,-2146826273,-2146826273,-2146826273,-2146826273,-2146826273,-2146826273,-2146826273,-2146826273,-2146826273,-2146826273,-2146826273,-2146826273,-2146826273,-2146826273,-2146826273,-2146826273,-2146826273,-2146826273,-2146826273,-2146826273,-2146826273,-2146826273,-2146826273,-2146826273,-2146826273,-2146826273,-2146826273,なし,-2146826273,-2146826273,-2146826273,-2146826273,-2146826273,-2146826273,-2146826273,-2146826273,-2146826273,-2146826273,-2146826273,-2146826273,-2146826273,-2146826273,-2146826273,-2146826273,-2146826273,-2146826273,なし,-2146826273,-2146826273,-2146826273,0,0,0,0,0
20,0,0,0,0,0,0,0,0,0,0,0,0,-2146826246,000,-2146826246,-2146826273,-2146826273,-2146826273,-2146826273,-2146826273,-2146826273,-2146826273,-2146826273,-2146826273,-2146826273,-2146826273,-2146826273,-2146826273,-2146826273,-2146826273,-2146826273,-2146826273,-2146826273,-2146826273,-2146826273,-2146826273,-2146826273,-2146826273,-2146826273,-2146826273,-2146826273,-2146826273,-2146826273,-2146826273,-2146826273,-2146826273,-2146826273,-2146826273,-2146826273,-2146826273,-2146826273,-2146826273,-2146826273,-2146826273,-2146826273,-2146826273,-2146826273,-2146826273,-2146826273,-2146826273,なし,-2146826273,-2146826273,-2146826273,-2146826273,-2146826273,-2146826273,-2146826273,-2146826273,-2146826273,-2146826273,-2146826273,-2146826273,-2146826273,-2146826273,-2146826273,-2146826273,-2146826273,-2146826273,なし,-2146826273,-2146826273,-2146826273,0,0,0,0,0
20,0,0,0,0,0,0,0,0,0,0,0,0,-2146826246,000,-2146826246,-2146826273,-2146826273,-2146826273,-2146826273,-2146826273,-2146826273,-2146826273,-2146826273,-2146826273,-2146826273,-2146826273,-2146826273,-2146826273,-2146826273,-2146826273,-2146826273,-2146826273,-2146826273,-2146826273,-2146826273,-2146826273,-2146826273,-2146826273,-2146826273,-2146826273,-2146826273,-2146826273,-2146826273,-2146826273,-2146826273,-2146826273,-2146826273,-2146826273,-2146826273,-2146826273,-2146826273,-2146826273,-2146826273,-2146826273,-2146826273,-2146826273,-2146826273,-2146826273,-2146826273,-2146826273,なし,-2146826273,-2146826273,-2146826273,-2146826273,-2146826273,-2146826273,-2146826273,-2146826273,-2146826273,-2146826273,-2146826273,-2146826273,-2146826273,-2146826273,-2146826273,-2146826273,-2146826273,-2146826273,なし,-2146826273,-2146826273,-2146826273,0,0,0,0,0
20,0,0,0,0,0,0,0,0,0,0,0,0,-2146826246,000,-2146826246,-2146826273,-2146826273,-2146826273,-2146826273,-2146826273,-2146826273,-2146826273,-2146826273,-2146826273,-2146826273,-2146826273,-2146826273,-2146826273,-2146826273,-2146826273,-2146826273,-2146826273,-2146826273,-2146826273,-2146826273,-2146826273,-2146826273,-2146826273,-2146826273,-2146826273,-2146826273,-2146826273,-2146826273,-2146826273,-2146826273,-2146826273,-2146826273,-2146826273,-2146826273,-2146826273,-2146826273,-2146826273,-2146826273,-2146826273,-2146826273,-2146826273,-2146826273,-2146826273,-2146826273,-2146826273,なし,-2146826273,-2146826273,-2146826273,-2146826273,-2146826273,-2146826273,-2146826273,-2146826273,-2146826273,-2146826273,-2146826273,-2146826273,-2146826273,-2146826273,-2146826273,-2146826273,-2146826273,-2146826273,なし,-2146826273,-2146826273,-2146826273,0,0,0,0,0
20,0,0,0,0,0,0,0,0,0,0,0,0,-2146826246,000,-2146826246,-2146826273,-2146826273,-2146826273,-2146826273,-2146826273,-2146826273,-2146826273,-2146826273,-2146826273,-2146826273,-2146826273,-2146826273,-2146826273,-2146826273,-2146826273,-2146826273,-2146826273,-2146826273,-2146826273,-2146826273,-2146826273,-2146826273,-2146826273,-2146826273,-2146826273,-2146826273,-2146826273,-2146826273,-2146826273,-2146826273,-2146826273,-2146826273,-2146826273,-2146826273,-2146826273,-2146826273,-2146826273,-2146826273,-2146826273,-2146826273,-2146826273,-2146826273,-2146826273,-2146826273,-2146826273,なし,-2146826273,-2146826273,-2146826273,-2146826273,-2146826273,-2146826273,-2146826273,-2146826273,-2146826273,-2146826273,-2146826273,-2146826273,-2146826273,-2146826273,-2146826273,-2146826273,-2146826273,-2146826273,なし,-2146826273,-2146826273,-2146826273,0,0,0,0,0
20,0,0,0,0,0,0,0,0,0,0,0,0,-2146826246,000,-2146826246,-2146826273,-2146826273,-2146826273,-2146826273,-2146826273,-2146826273,-2146826273,-2146826273,-2146826273,-2146826273,-2146826273,-2146826273,-2146826273,-2146826273,-2146826273,-2146826273,-2146826273,-2146826273,-2146826273,-2146826273,-2146826273,-2146826273,-2146826273,-2146826273,-2146826273,-2146826273,-2146826273,-2146826273,-2146826273,-2146826273,-2146826273,-2146826273,-2146826273,-2146826273,-2146826273,-2146826273,-2146826273,-2146826273,-2146826273,-2146826273,-2146826273,-2146826273,-2146826273,-2146826273,-2146826273,なし,-2146826273,-2146826273,-2146826273,-2146826273,-2146826273,-2146826273,-2146826273,-2146826273,-2146826273,-2146826273,-2146826273,-2146826273,-2146826273,-2146826273,-2146826273,-2146826273,-2146826273,-2146826273,なし,-2146826273,-2146826273,-2146826273,0,0,0,0,0
20,0,0,0,0,0,0,0,0,0,0,0,0,-2146826246,000,-2146826246,-2146826273,-2146826273,-2146826273,-2146826273,-2146826273,-2146826273,-2146826273,-2146826273,-2146826273,-2146826273,-2146826273,-2146826273,-2146826273,-2146826273,-2146826273,-2146826273,-2146826273,-2146826273,-2146826273,-2146826273,-2146826273,-2146826273,-2146826273,-2146826273,-2146826273,-2146826273,-2146826273,-2146826273,-2146826273,-2146826273,-2146826273,-2146826273,-2146826273,-2146826273,-2146826273,-2146826273,-2146826273,-2146826273,-2146826273,-2146826273,-2146826273,-2146826273,-2146826273,-2146826273,-2146826273,なし,-2146826273,-2146826273,-2146826273,-2146826273,-2146826273,-2146826273,-2146826273,-2146826273,-2146826273,-2146826273,-2146826273,-2146826273,-2146826273,-2146826273,-2146826273,-2146826273,-2146826273,-2146826273,なし,-2146826273,-2146826273,-2146826273,0,0,0,0,0
